sample_id,original_filename,class_name,label,split,relative_reference
TRAIN_00001,Masjed_varamin_2022.jpg,No Arch,0,train,no_arch/Masjed_varamin_2022.jpg
TRAIN_00002,Roofed_Bazaar_of_Nishapur_(Bazaar_e_Sarpushideh-souq)_36.jpg,Has Arch,1,train,has_arch/Roofed_Bazaar_of_Nishapur_(Bazaar_e_Sarpushideh-souq)_36.jpg
TRAIN_00003,Jarchibashi_bath2.jpg,Has Arch,1,train,has_arch/Jarchibashi_bath2.jpg
TRAIN_00004,مجموعه_بازار_قزوین06.jpg,Has Arch,1,train,has_arch/مجموعه_بازار_قزوین06.jpg
TRAIN_00005,Qadamgah_Carevanserai.png,Has Arch,1,train,has_arch/Qadamgah_Carevanserai.png
TRAIN_00006,Boom-Khaneh-1.jpg,No Arch,0,train,no_arch/Boom-Khaneh-1.jpg
TRAIN_00007,Jama_Masjid_Isfahan_Aarash_(79).jpg,No Arch,0,train,no_arch/Jama_Masjid_Isfahan_Aarash_(79).jpg
TRAIN_00008,کاروان_سرای_حاج_مهدی.jpg,Has Arch,1,train,has_arch/کاروان_سرای_حاج_مهدی.jpg
TRAIN_00009,Hakim_Mosque_2019-07-28_08.jpg,Has Arch,1,train,has_arch/Hakim_Mosque_2019-07-28_08.jpg
TRAIN_00010,Gonbadkabod10.jpg,No Arch,0,train,no_arch/Gonbadkabod10.jpg
TRAIN_00011,داخل_گنبد_سرخ.jpg,No Arch,0,train,no_arch/داخل_گنبد_سرخ.jpg
TRAIN_00012,برج_آب_شماره_یک_منطقه_بوارده_03.jpg,No Arch,0,train,no_arch/برج_آب_شماره_یک_منطقه_بوارده_03.jpg
TRAIN_00013,Miandasht_Caravanserai2023-07-31_20.jpg,No Arch,0,train,no_arch/Miandasht_Caravanserai2023-07-31_20.jpg
TRAIN_00014,DWHAE9126.jpg,Has Arch,1,train,has_arch/DWHAE9126.jpg
TRAIN_00015,Bahram236.jpg,Has Arch,1,train,has_arch/Bahram236.jpg
TRAIN_00016,Mirza-Mohammad-e-Pedar-Boutique-Hotel-in-Yazd--Renovation----30554.jpg,No Arch,0,train,no_arch/Mirza-Mohammad-e-Pedar-Boutique-Hotel-in-Yazd--Renovation----30554.jpg
TRAIN_00017,1396030914591932611029884_خیابان_سپه.jpg,No Arch,0,train,no_arch/1396030914591932611029884_خیابان_سپه.jpg
TRAIN_00018,Abu_Osman_Maghrebi_Mausoleum_(10).jpg,Has Arch,1,train,has_arch/Abu_Osman_Maghrebi_Mausoleum_(10).jpg
TRAIN_00019,Khan_Caravanserai4.jpg,No Arch,0,train,no_arch/Khan_Caravanserai4.jpg
TRAIN_00020,Qazvin_bazaar20180714_152900.jpg,Has Arch,1,train,has_arch/Qazvin_bazaar20180714_152900.jpg
TRAIN_00021,Jameh_Mosque_of_Varamin_20190514_03.jpg,Has Arch,1,train,has_arch/Jameh_Mosque_of_Varamin_20190514_03.jpg
TRAIN_00022,Bethlehem_Church2021_27.jpg,No Arch,0,train,no_arch/Bethlehem_Church2021_27.jpg
TRAIN_00023,Ghasre-Bahram.jpg,Has Arch,1,train,has_arch/Ghasre-Bahram.jpg
TRAIN_00024,Seh_Kohye_Castle2020_12.jpg,No Arch,0,train,no_arch/Seh_Kohye_Castle2020_12.jpg
TRAIN_00025,بازار_قدیم_تهران.jpg,Has Arch,1,train,has_arch/بازار_قدیم_تهران.jpg
TRAIN_00026,امامزاده_هارون_(10).jpg,Has Arch,1,train,has_arch/امامزاده_هارون_(10).jpg
TRAIN_00027,گنبد_الله_الله_خاروانا(.jpg,No Arch,0,train,no_arch/گنبد_الله_الله_خاروانا(.jpg
TRAIN_00028,Golpayegan_600.jpg,No Arch,0,train,no_arch/Golpayegan_600.jpg
TRAIN_00029,"Iran_Kerman_,_Malek_Mosque_,brick_Dome_decorations.jpg",No Arch,0,train,"no_arch/Iran_Kerman_,_Malek_Mosque_,brick_Dome_decorations.jpg"
TRAIN_00030,RZBP0037.jpg,Has Arch,1,train,has_arch/RZBP0037.jpg
TRAIN_00031,امامزاده_هادی_بن_علی-همدان_3.jpg,No Arch,0,train,no_arch/امامزاده_هادی_بن_علی-همدان_3.jpg
TRAIN_00032,"Narin_Citadel_of_Meybod_(Narin_Ghale),_Meybod,_Yazd,_Iran_(نارین_قلعه_میبد)_-_panoramio_(4).jpg",Has Arch,1,train,"has_arch/Narin_Citadel_of_Meybod_(Narin_Ghale),_Meybod,_Yazd,_Iran_(نارین_قلعه_میبد)_-_panoramio_(4).jpg"
TRAIN_00033,The_dome_of_zirdeh_masq.jpg,No Arch,0,train,no_arch/The_dome_of_zirdeh_masq.jpg
TRAIN_00034,Irnr145-Isfahan-widok_z_Pałacu_na_Meczet_Sułtana_Lotfollaha.jpg,Has Arch,1,train,has_arch/Irnr145-Isfahan-widok_z_Pałacu_na_Meczet_Sułtana_Lotfollaha.jpg
TRAIN_00035,بدون_رنگ.jpg,Has Arch,1,train,has_arch/بدون_رنگ.jpg
TRAIN_00036,Farasfaj_caravanserai_20190507_20.jpg,Has Arch,1,train,has_arch/Farasfaj_caravanserai_20190507_20.jpg
TRAIN_00037,مسجد_سلطانی_قزوین.jpg,Has Arch,1,train,has_arch/مسجد_سلطانی_قزوین.jpg
TRAIN_00038,BorujerdihaHistoricalHouse.jpg,Has Arch,1,train,has_arch/BorujerdihaHistoricalHouse.jpg
TRAIN_00039,Pamenar_Mosque_of_Sabzevar_01.jpg,No Arch,0,train,no_arch/Pamenar_Mosque_of_Sabzevar_01.jpg
TRAIN_00040,33pol_bridge_backside.jpg,Has Arch,1,train,has_arch/33pol_bridge_backside.jpg
TRAIN_00041,Bahram_Palace_22.jpg,Has Arch,1,train,has_arch/Bahram_Palace_22.jpg
TRAIN_00042,Bazar_of_tabriz.jpg,Has Arch,1,train,has_arch/Bazar_of_tabriz.jpg
TRAIN_00043,Mehraban_House.jpg,No Arch,0,train,no_arch/Mehraban_House.jpg
TRAIN_00044,Kabood-gonbad.jpg,Has Arch,1,train,has_arch/Kabood-gonbad.jpg
TRAIN_00045,ایران-خراسان_رضوی_-نیشابور-_ظلع_جنوبی_بازار_سر_پوشیده_-_میدان_گلشن_بازار_محلوج_فروشان_نیشابور_-.jpg,Has Arch,1,train,has_arch/ایران-خراسان_رضوی_-نیشابور-_ظلع_جنوبی_بازار_سر_پوشیده_-_میدان_گلشن_بازار_محلوج_فروشان_نیشابور_-.jpg
TRAIN_00046,Cheshmeh-Mansion-Lavasan-Amin-Ferdousi-CAOI---30435.jpg,No Arch,0,train,no_arch/Cheshmeh-Mansion-Lavasan-Amin-Ferdousi-CAOI---30435.jpg
TRAIN_00047,مزومبل_سرخه.jpg,No Arch,0,train,no_arch/مزومبل_سرخه.jpg
TRAIN_00048,"Ganjali_Khan_Bathhouse4,_built_between_1596-1621_Kerman_-_4-6-2013.jpg",Has Arch,1,train,"has_arch/Ganjali_Khan_Bathhouse4,_built_between_1596-1621_Kerman_-_4-6-2013.jpg"
TRAIN_00049,Pol_Khajoo10.jpg,Has Arch,1,train,has_arch/Pol_Khajoo10.jpg
TRAIN_00050,Do_Dari_-_Tabriz_Grand_Bazar.jpg,Has Arch,1,train,has_arch/Do_Dari_-_Tabriz_Grand_Bazar.jpg
TRAIN_00051,Shah_Abbasi_Caravanserai_of_Bisotun2023-10-09_17.jpg,Has Arch,1,train,has_arch/Shah_Abbasi_Caravanserai_of_Bisotun2023-10-09_17.jpg
TRAIN_00052,"Hajjiabad,_Zeberkhan,_Nishapur_-_imamzadeh-_mosque_-_cemetery_3.jpg",No Arch,0,train,"no_arch/Hajjiabad,_Zeberkhan,_Nishapur_-_imamzadeh-_mosque_-_cemetery_3.jpg"
TRAIN_00053,Qeshlaq_Bridge_20190329_01.jpg,Has Arch,1,train,has_arch/Qeshlaq_Bridge_20190329_01.jpg
TRAIN_00054,Ramsar_Complex-Farzad_Emami_(1).jpg,No Arch,0,train,no_arch/Ramsar_Complex-Farzad_Emami_(1).jpg
TRAIN_00055,Koohravan-villa-Damavand-Hypertext-Architecture-Studio---28841.jpg,No Arch,0,train,no_arch/Koohravan-villa-Damavand-Hypertext-Architecture-Studio---28841.jpg
TRAIN_00056,Bazaar_of_Zanjan_13961007_18.jpg,Has Arch,1,train,has_arch/Bazaar_of_Zanjan_13961007_18.jpg
TRAIN_00057,Ks.SH.A3.jpg,No Arch,0,train,no_arch/Ks.SH.A3.jpg
TRAIN_00058,Madar_Shah_Caravanserai-_Murchehkhort-ID_13657-_کاروان_سرای_مادرشاه_مورچه_خورت.jpg,Has Arch,1,train,has_arch/Madar_Shah_Caravanserai-_Murchehkhort-ID_13657-_کاروان_سرای_مادرشاه_مورچه_خورت.jpg
TRAIN_00059,Iran_Yazd_Place_Amir_Chaghmagh_Mosquee_Amir_Chakhmaq_Mirab_-_panoramio (1).jpg,Has Arch,1,train,has_arch/Iran_Yazd_Place_Amir_Chaghmagh_Mosquee_Amir_Chakhmaq_Mirab_-_panoramio (1).jpg
TRAIN_00060,Ali-Qapu_13920419_(10).jpg,No Arch,0,train,no_arch/Ali-Qapu_13920419_(10).jpg
TRAIN_00061,Dairəvi_günbəz_və_Göy_Günbəz_türbələri_202209_(1).jpg,No Arch,0,train,no_arch/Dairəvi_günbəz_və_Göy_Günbəz_türbələri_202209_(1).jpg
TRAIN_00062,Masjid_jame6.jpg,Has Arch,1,train,has_arch/Masjid_jame6.jpg
TRAIN_00063,Ribat-i_Sharaf_-_1_June_2011_14.jpg,No Arch,0,train,no_arch/Ribat-i_Sharaf_-_1_June_2011_14.jpg
TRAIN_00064,راهرو_های_فرعی_قلعه_تل.jpg,No Arch,0,train,no_arch/راهرو_های_فرعی_قلعه_تل.jpg
TRAIN_00065,کاروانسرای_گلشن3.jpg,Has Arch,1,train,has_arch/کاروانسرای_گلشن3.jpg
TRAIN_00066,Historical_Bazaar_of_Khoy5.jpg,Has Arch,1,train,has_arch/Historical_Bazaar_of_Khoy5.jpg
TRAIN_00067,Jameh_Mosque_of_Yazd_13961030_13.jpg,Has Arch,1,train,has_arch/Jameh_Mosque_of_Yazd_13961030_13.jpg
TRAIN_00068,Yazd2024-03-19_4.jpg,No Arch,0,train,no_arch/Yazd2024-03-19_4.jpg
TRAIN_00069,1399112915302482522263704_موزه_فرش_تهران.jpg,No Arch,0,train,no_arch/1399112915302482522263704_موزه_فرش_تهران.jpg
TRAIN_00070,DSC_0012_(1600x1200).jpg,Has Arch,1,train,has_arch/DSC_0012_(1600x1200).jpg
TRAIN_00071,Rehnan_mosque5.jpg,No Arch,0,train,no_arch/Rehnan_mosque5.jpg
TRAIN_00072,پوراشرف_(3).jpg,Has Arch,1,train,has_arch/پوراشرف_(3).jpg
TRAIN_00073,کلیسای_حضرت_مریم_(همدان4).jpg,No Arch,0,train,no_arch/کلیسای_حضرت_مریم_(همدان4).jpg
TRAIN_00074,Carpet_seller.jpg,Has Arch,1,train,has_arch/Carpet_seller.jpg
TRAIN_00075,Ghargharabad_Ab_Anbar_1.jpg,Has Arch,1,train,has_arch/Ghargharabad_Ab_Anbar_1.jpg
TRAIN_00076,Abbasid_Caravanseray_of_Nishapur_(Ribati-i-Abbasi_of_Nishapur)_-_Morning_201.jpg,Has Arch,1,train,has_arch/Abbasid_Caravanseray_of_Nishapur_(Ribati-i-Abbasi_of_Nishapur)_-_Morning_201.jpg
TRAIN_00077,Bazaar_of_Kashan.jpg,Has Arch,1,train,has_arch/Bazaar_of_Kashan.jpg
TRAIN_00078,Qazvin_Bazaar_2020-04-04_13.jpg,Has Arch,1,train,has_arch/Qazvin_Bazaar_2020-04-04_13.jpg
TRAIN_00079,بادگیرهای_گذر_تاریخی_بنی_طبا.jpg,No Arch,0,train,no_arch/بادگیرهای_گذر_تاریخی_بنی_طبا.jpg
TRAIN_00080,Hnfh000_20190420_000803.jpg,Has Arch,1,train,has_arch/Hnfh000_20190420_000803.jpg
TRAIN_00081,Bafte_ghadime_yazd_(122).jpg,Has Arch,1,train,has_arch/Bafte_ghadime_yazd_(122).jpg
TRAIN_00082,Shaabjareh_Old_Castle_06.jpg,No Arch,0,train,no_arch/Shaabjareh_Old_Castle_06.jpg
TRAIN_00083,Abyaneh_Darafsh_(93).jpg,No Arch,0,train,no_arch/Abyaneh_Darafsh_(93).jpg
TRAIN_00084,Assar-khane3.jpg,Has Arch,1,train,has_arch/Assar-khane3.jpg
TRAIN_00085,Koohsar-StudioDavazdah-Niloofar-Niksar-Photo-by-Siavash-Naghshbandi-25195.jpg,No Arch,0,train,no_arch/Koohsar-StudioDavazdah-Niloofar-Niksar-Photo-by-Siavash-Naghshbandi-25195.jpg
TRAIN_00086,EmamZade-abed-kakhk-gonbad.jpg,No Arch,0,train,no_arch/EmamZade-abed-kakhk-gonbad.jpg
TRAIN_00087,ZuzanMasque4.jpg,Has Arch,1,train,has_arch/ZuzanMasque4.jpg
TRAIN_00088,Voroodi_masjed_atigh.jpg,Has Arch,1,train,has_arch/Voroodi_masjed_atigh.jpg
TRAIN_00089,Khosrogerd_Minaret_01.jpg,No Arch,0,train,no_arch/Khosrogerd_Minaret_01.jpg
TRAIN_00090,Hamdollah1.jpg,No Arch,0,train,no_arch/Hamdollah1.jpg
TRAIN_00091,Ardabil_bazaar_2020-03-12_13.jpg,No Arch,0,train,no_arch/Ardabil_bazaar_2020-03-12_13.jpg
TRAIN_00092,بنای_معین_التجار.jpg,Has Arch,1,train,has_arch/بنای_معین_التجار.jpg
TRAIN_00093,Hoze_ganjaali_khan_bath2_copy.jpg,Has Arch,1,train,has_arch/Hoze_ganjaali_khan_bath2_copy.jpg
TRAIN_00094,Farzane09.jpg,No Arch,0,train,no_arch/Farzane09.jpg
TRAIN_00095,Tile_decorated_parapets_dividing_the_chambers.jpg,Has Arch,1,train,has_arch/Tile_decorated_parapets_dividing_the_chambers.jpg
TRAIN_00096,B-0451597958-05.jpg,No Arch,0,train,no_arch/B-0451597958-05.jpg
TRAIN_00097,Jameh_mosques_08.jpg,Has Arch,1,train,has_arch/Jameh_mosques_08.jpg
TRAIN_00098,f16ee531a577819aa7b2e99d.jpg,Has Arch,1,train,has_arch/f16ee531a577819aa7b2e99d.jpg
TRAIN_00099,امامزاده_یحیی_ورامین_2.jpg,No Arch,0,train,no_arch/امامزاده_یحیی_ورامین_2.jpg
TRAIN_00100,نمای_شب_برج_شرشر.jpg,No Arch,0,train,no_arch/نمای_شب_برج_شرشر.jpg
TRAIN_00101,Shahrod_Historical_Bazar_2.jpg,Has Arch,1,train,has_arch/Shahrod_Historical_Bazar_2.jpg
TRAIN_00102,"Mezquita_del_Viernes,_Kashan,_Irán,_2016-09-19,_DD_87.jpg",No Arch,0,train,"no_arch/Mezquita_del_Viernes,_Kashan,_Irán,_2016-09-19,_DD_87.jpg"
TRAIN_00103,مسجدامام(شاه)اصفهان-18.jpg,Has Arch,1,train,has_arch/مسجدامام(شاه)اصفهان-18.jpg
TRAIN_00104,پیش_زدگی.jpg,No Arch,0,train,no_arch/پیش_زدگی.jpg
TRAIN_00105,Yazd2024-03-19_14.jpg,Has Arch,1,train,has_arch/Yazd2024-03-19_14.jpg
TRAIN_00106,Madrasah_of_Khan_in_1970s_-_Shiraz.jpg,Has Arch,1,train,has_arch/Madrasah_of_Khan_in_1970s_-_Shiraz.jpg
TRAIN_00107,Kalat_Arghunshah_Watchtower_(cropped).jpg,No Arch,0,train,no_arch/Kalat_Arghunshah_Watchtower_(cropped).jpg
TRAIN_00108,Flowerroof.jpg,No Arch,0,train,no_arch/Flowerroof.jpg
TRAIN_00109,Beheshti_Hammam2022-02-15_28.jpg,Has Arch,1,train,has_arch/Beheshti_Hammam2022-02-15_28.jpg
TRAIN_00110,Main_iwan_leading_to_the_dome_chamber_and_its_brick_and_tile_decoration.jpg,Has Arch,1,train,has_arch/Main_iwan_leading_to_the_dome_chamber_and_its_brick_and_tile_decoration.jpg
TRAIN_00111,درب_ورودی_مسجد_جامع_زواره.jpg,Has Arch,1,train,has_arch/درب_ورودی_مسجد_جامع_زواره.jpg
TRAIN_00112,"Chahar-Bagh_School-11,_16th_Cent,_Esfahan_-_03-30-2013.jpg",Has Arch,1,train,"has_arch/Chahar-Bagh_School-11,_16th_Cent,_Esfahan_-_03-30-2013.jpg"
TRAIN_00113,خانه_ظهیرالاسلام_2.jpg,Has Arch,1,train,has_arch/خانه_ظهیرالاسلام_2.jpg
TRAIN_00114,1907569.jpg,No Arch,0,train,no_arch/1907569.jpg
TRAIN_00115,Khane_Abbasi_Kashan_Iran_2013-3.jpg,Has Arch,1,train,has_arch/Khane_Abbasi_Kashan_Iran_2013-3.jpg
TRAIN_00116,20180316_183820Ganjali_Khan_Complex.jpg,No Arch,0,train,no_arch/20180316_183820Ganjali_Khan_Complex.jpg
TRAIN_00117,Minaei's_House_-_Tehran-_2014 (1).jpg,No Arch,0,train,no_arch/Minaei's_House_-_Tehran-_2014 (1).jpg
TRAIN_00118,"Mozaffariyeh,_Bazzar_of_Tabriz_in_Iran.jpg",Has Arch,1,train,"has_arch/Mozaffariyeh,_Bazzar_of_Tabriz_in_Iran.jpg"
TRAIN_00119,Golestan_Palace_Album_No._142-14.jpg,Has Arch,1,train,has_arch/Golestan_Palace_Album_No._142-14.jpg
TRAIN_00120,امامزاده_علی_بن_جعفر_قم_03.jpg,No Arch,0,train,no_arch/امامزاده_علی_بن_جعفر_قم_03.jpg
TRAIN_00121,Aras_-_Kordasht_-_Old_Bath_-_panoramio.jpg,Has Arch,1,train,has_arch/Aras_-_Kordasht_-_Old_Bath_-_panoramio.jpg
TRAIN_00122,Qiasieh_school.jpg,Has Arch,1,train,has_arch/Qiasieh_school.jpg
TRAIN_00123,مسجد_جامع_ورامین_خاطره_فهیمی.jpg,Has Arch,1,train,has_arch/مسجد_جامع_ورامین_خاطره_فهیمی.jpg
TRAIN_00124,Googad_castle_017_(cropped).jpg,No Arch,0,train,no_arch/Googad_castle_017_(cropped).jpg
TRAIN_00125,بازار_کرمان_(9).jpg,No Arch,0,train,no_arch/بازار_کرمان_(9).jpg
TRAIN_00126,Fatima_Masumeh_Shrine_Qom_City_Iran_Photographer_Mostafa_Meraji_08.jpg,No Arch,0,train,no_arch/Fatima_Masumeh_Shrine_Qom_City_Iran_Photographer_Mostafa_Meraji_08.jpg
TRAIN_00127,هوا_در_اینجا_خشک_است.jpg,Has Arch,1,train,has_arch/هوا_در_اینجا_خشک_است.jpg
TRAIN_00128,IranKermanFreitagsmoschee1.jpg,Has Arch,1,train,has_arch/IranKermanFreitagsmoschee1.jpg
TRAIN_00129,Jame_mosque_(2060273443).jpg,No Arch,0,train,no_arch/Jame_mosque_(2060273443).jpg
TRAIN_00130,Nowruz_2018_in_Isfahan_(13970106000423636576744441370675_92915).jpg,Has Arch,1,train,has_arch/Nowruz_2018_in_Isfahan_(13970106000423636576744441370675_92915).jpg
TRAIN_00131,Ovlia_Caravanserai_of_Sabzevar_02_(cropped).jpg,No Arch,0,train,no_arch/Ovlia_Caravanserai_of_Sabzevar_02_(cropped).jpg
TRAIN_00132,بازار_شاهرود_در_شب.jpg,Has Arch,1,train,has_arch/بازار_شاهرود_در_شب.jpg
TRAIN_00133,Kondor_Castle.jpg,No Arch,0,train,no_arch/Kondor_Castle.jpg
TRAIN_00134,Nozhan-Residential-Apartment-Shiraz-Maan-Studio---30173.jpg,No Arch,0,train,no_arch/Nozhan-Residential-Apartment-Shiraz-Maan-Studio---30173.jpg
TRAIN_00135,Filsoufodole_anstitute.jpg,Has Arch,1,train,has_arch/Filsoufodole_anstitute.jpg
TRAIN_00136,بقعه_شاهرکن_الدین_نمای_ورودی،_عکس_از_حسین_درآمد.jpg,Has Arch,1,train,has_arch/بقعه_شاهرکن_الدین_نمای_ورودی،_عکس_از_حسین_درآمد.jpg
TRAIN_00137,Qal'eh_Nassir_Caravanserai2017_2.jpg,No Arch,0,train,no_arch/Qal'eh_Nassir_Caravanserai2017_2.jpg
TRAIN_00138,Navid-Pharmacy-Tehran-by-Architecture-Studio--1--30386.jpg,No Arch,0,train,no_arch/Navid-Pharmacy-Tehran-by-Architecture-Studio--1--30386.jpg
TRAIN_00139,IMG-_9139_(1600x1200).jpg,No Arch,0,train,no_arch/IMG-_9139_(1600x1200).jpg
TRAIN_00140,داخل_فضا.jpg,No Arch,0,train,no_arch/داخل_فضا.jpg
TRAIN_00141,Abu_Osman_Maghrebi_Mausoleum_(6).jpg,Has Arch,1,train,has_arch/Abu_Osman_Maghrebi_Mausoleum_(6).jpg
TRAIN_00142,آب_انبار_هفت_بادگیر_عصرآباد_01.jpg,No Arch,0,train,no_arch/آب_انبار_هفت_بادگیر_عصرآباد_01.jpg
TRAIN_00143,Kordan-Brick-House-Kav-Architects-CAOI---23684.jpg,No Arch,0,train,no_arch/Kordan-Brick-House-Kav-Architects-CAOI---23684.jpg
TRAIN_00144,حیاط_مرکزی_کاروانسرای_ینگی_امام.jpg,Has Arch,1,train,has_arch/حیاط_مرکزی_کاروانسرای_ینگی_امام.jpg
TRAIN_00145,عمارت_امین_اسلامی.jpg,No Arch,0,train,no_arch/عمارت_امین_اسلامی.jpg
TRAIN_00146,Mohammadie_gate.jpg,Has Arch,1,train,has_arch/Mohammadie_gate.jpg
TRAIN_00147,Chupan_chu.jpg,No Arch,0,train,no_arch/Chupan_chu.jpg
TRAIN_00148,iranian-residental-building-23487-20.jpg,No Arch,0,train,no_arch/iranian-residental-building-23487-20.jpg
TRAIN_00149,پل_های_تاریخی_کرج_(5).jpg,Has Arch,1,train,has_arch/پل_های_تاریخی_کرج_(5).jpg
TRAIN_00150,عمارت_عالی_قاپو_اصفهان_16.jpg,No Arch,0,train,no_arch/عمارت_عالی_قاپو_اصفهان_16.jpg
TRAIN_00151,Gravesite_of_Muhammad_Jafar_Sabzevari_(1722_-1135_A.H.)-_ارامگاه_ملا_محمد_جعفر_سبزواری_(فوت_1101_ه_ش_1135_ه_ق) (1).jpg,No Arch,0,train,no_arch/Gravesite_of_Muhammad_Jafar_Sabzevari_(1722_-1135_A.H.)-_ارامگاه_ملا_محمد_جعفر_سبزواری_(فوت_1101_ه_ش_1135_ه_ق) (1).jpg
TRAIN_00152,"Isfahán,_Mezquita_del_Shah_(2000)_17.jpg",Has Arch,1,train,"has_arch/Isfahán,_Mezquita_del_Shah_(2000)_17.jpg"
TRAIN_00153,6(50x70).jpg,Has Arch,1,train,has_arch/6(50x70).jpg
TRAIN_00154,1399010915322886120008004_تعطیلی_اماکن_گردشگری_شیراز_در_پی_شیوع_بیماری_کرونا.jpg,Has Arch,1,train,has_arch/1399010915322886120008004_تعطیلی_اماکن_گردشگری_شیراز_در_پی_شیوع_بیماری_کرونا.jpg
TRAIN_00155,"Bazaar_of_Tabriz,_carvaansray.jpg",Has Arch,1,train,"has_arch/Bazaar_of_Tabriz,_carvaansray.jpg"
TRAIN_00156,تخت_فولاد91.jpg,No Arch,0,train,no_arch/تخت_فولاد91.jpg
TRAIN_00157,"Imami_School,_Isfahan.jpg",Has Arch,1,train,"has_arch/Imami_School,_Isfahan.jpg"
TRAIN_00158,مدرسه_گنجعلیخان_کاروان_سرای_گنجعلی_(14).jpg,No Arch,0,train,no_arch/مدرسه_گنجعلیخان_کاروان_سرای_گنجعلی_(14).jpg
TRAIN_00159,Bayazid_Mosque2.jpg,Has Arch,1,train,has_arch/Bayazid_Mosque2.jpg
TRAIN_00160,Miandasht_Caravanserai2023-07-31.jpg,No Arch,0,train,no_arch/Miandasht_Caravanserai2023-07-31.jpg
TRAIN_00161,Joubi_Bridge_Isfahan_Aarash_(8).jpg,Has Arch,1,train,has_arch/Joubi_Bridge_Isfahan_Aarash_(8).jpg
TRAIN_00162,حمام_(5).jpg,Has Arch,1,train,has_arch/حمام_(5).jpg
TRAIN_00163,Imamsquare_31.jpg,Has Arch,1,train,has_arch/Imamsquare_31.jpg
TRAIN_00164,Masjed_Jame_varamin_2.jpg,Has Arch,1,train,has_arch/Masjed_Jame_varamin_2.jpg
TRAIN_00165,Giv-building.jpg,No Arch,0,train,no_arch/Giv-building.jpg
TRAIN_00166,Bazaar_of_Zanjan_13961007_04.jpg,Has Arch,1,train,has_arch/Bazaar_of_Zanjan_13961007_04.jpg
TRAIN_00167,خانه_عباسی_ها_-کاشان-The_Abbasi_House-kashan_07.jpg,Has Arch,1,train,has_arch/خانه_عباسی_ها_-کاشان-The_Abbasi_House-kashan_07.jpg
TRAIN_00168,قلعه_خان_بستک_8.jpg,No Arch,0,train,no_arch/قلعه_خان_بستک_8.jpg
TRAIN_00169,Hakim_Mosque_2019-07-28_27.jpg,Has Arch,1,train,has_arch/Hakim_Mosque_2019-07-28_27.jpg
TRAIN_00170,عصارخانه_زمانیان_نجف_آباد-اصفهان-ایران.jpg,No Arch,0,train,no_arch/عصارخانه_زمانیان_نجف_آباد-اصفهان-ایران.jpg
TRAIN_00171,کاروانسرا_گنجعلی_خان.jpg,Has Arch,1,train,has_arch/کاروانسرا_گنجعلی_خان.jpg
TRAIN_00172,"Abyaneh,_Isfahan_Province,_Iran_-_panoramio_(35).jpg",Has Arch,1,train,"has_arch/Abyaneh,_Isfahan_Province,_Iran_-_panoramio_(35).jpg"
TRAIN_00173,DSC_2550-3.jpg,No Arch,0,train,no_arch/DSC_2550-3.jpg
TRAIN_00174,1399011015184659320013714_تعطیلی_اماکن_گردشگری_و_تاریخی_قزوین_در_پی_شیوع_بیماری_کرونا.jpg,Has Arch,1,train,has_arch/1399011015184659320013714_تعطیلی_اماکن_گردشگری_و_تاریخی_قزوین_در_پی_شیوع_بیماری_کرونا.jpg
TRAIN_00175,درون_خانه_بروجردی_ها.jpg,Has Arch,1,train,has_arch/درون_خانه_بروجردی_ها.jpg
TRAIN_00176,Address-of-Dardash-bath-Isfahan.jpg,No Arch,0,train,no_arch/Address-of-Dardash-bath-Isfahan.jpg
TRAIN_00177,Atigh_Jame'_Mosque_1399021123135739520266904.jpg,Has Arch,1,train,has_arch/Atigh_Jame'_Mosque_1399021123135739520266904.jpg
TRAIN_00178,Kerman.ganjalikhan.by.shivakakavand.jpg,Has Arch,1,train,has_arch/Kerman.ganjalikhan.by.shivakakavand.jpg
TRAIN_00179,Isfahan_Royal_Mosque_minaret.jpg,No Arch,0,train,no_arch/Isfahan_Royal_Mosque_minaret.jpg
TRAIN_00180,Bazaar_of_Tabriz_2020-03-13_04.jpg,Has Arch,1,train,has_arch/Bazaar_of_Tabriz_2020-03-13_04.jpg
TRAIN_00181,Water_reservoir_windcatchers_(21016524126).jpg,No Arch,0,train,no_arch/Water_reservoir_windcatchers_(21016524126).jpg
TRAIN_00182,"Hazireh_Mosque3,_Yazd,_04-03-2013.jpg",No Arch,0,train,"no_arch/Hazireh_Mosque3,_Yazd,_04-03-2013.jpg"
TRAIN_00183,Kheirabad_school_20170327_08.jpg,No Arch,0,train,no_arch/Kheirabad_school_20170327_08.jpg
TRAIN_00184,Qizlar_Korpusi_(2).jpg,Has Arch,1,train,has_arch/Qizlar_Korpusi_(2).jpg
TRAIN_00185,سردر_بازار_قیصریه.jpg,Has Arch,1,train,has_arch/سردر_بازار_قیصریه.jpg
TRAIN_00186,1-47.jpg,Has Arch,1,train,has_arch/1-47.jpg
TRAIN_00187,ارگ_گوگد_ورودی.jpg,Has Arch,1,train,has_arch/ارگ_گوگد_ورودی.jpg
TRAIN_00188,Dehnamak_Caravanserai_2020-01-18_14.jpg,No Arch,0,train,no_arch/Dehnamak_Caravanserai_2020-01-18_14.jpg
TRAIN_00189,"Iran_Bastan_Museum,_National_Museum_of_Iran.jpg",Has Arch,1,train,"has_arch/Iran_Bastan_Museum,_National_Museum_of_Iran.jpg"
TRAIN_00190,Monument_in_Qasr_Prison.jpg,Has Arch,1,train,has_arch/Monument_in_Qasr_Prison.jpg
TRAIN_00191,خانه_بروجردی_ها2.jpg,No Arch,0,train,no_arch/خانه_بروجردی_ها2.jpg
TRAIN_00192,نمایی_از_داخل_رباط_شرف.jpg,Has Arch,1,train,has_arch/نمایی_از_داخل_رباط_شرف.jpg
TRAIN_00193,"Jahāngir_Hall,_Iran,_monument_12097_(8).jpg",Has Arch,1,train,"has_arch/Jahāngir_Hall,_Iran,_monument_12097_(8).jpg"
TRAIN_00194,Malek_Tojar_mosque_inside_2.jpg,Has Arch,1,train,has_arch/Malek_Tojar_mosque_inside_2.jpg
TRAIN_00195,Historical_texture_of_Oudlajan_neighborhood2.jpg,Has Arch,1,train,has_arch/Historical_texture_of_Oudlajan_neighborhood2.jpg
TRAIN_00196,Portada_MG_0614.jpg,No Arch,0,train,no_arch/Portada_MG_0614.jpg
TRAIN_00197,مدرسه_گنجعلیخان_کاروان_سرای_گنجعلی_(20).jpg,Has Arch,1,train,has_arch/مدرسه_گنجعلیخان_کاروان_سرای_گنجعلی_(20).jpg
TRAIN_00198,1397092413114812716140914_چیذر.jpg,Has Arch,1,train,has_arch/1397092413114812716140914_چیذر.jpg
TRAIN_00199,1907586.jpg,No Arch,0,train,no_arch/1907586.jpg
TRAIN_00200,Qazvin_bazaar20180714_152403.jpg,Has Arch,1,train,has_arch/Qazvin_bazaar20180714_152403.jpg
TRAIN_00201,نگاهی_به_پشت_بنای_خانه_فاضلی.jpg,No Arch,0,train,no_arch/نگاهی_به_پشت_بنای_خانه_فاضلی.jpg
TRAIN_00202,Kenargerd_Caravanserai_by_Mardetanha_(1)_15.jpg,Has Arch,1,train,has_arch/Kenargerd_Caravanserai_by_Mardetanha_(1)_15.jpg
TRAIN_00203,Gheysarie_Bazzar_01.jpg,Has Arch,1,train,has_arch/Gheysarie_Bazzar_01.jpg
TRAIN_00204,Courtyard_iwan_Shah_Mosque_Isfahan_2014_(4).jpg,Has Arch,1,train,has_arch/Courtyard_iwan_Shah_Mosque_Isfahan_2014_(4).jpg
TRAIN_00205,Seh_Kohye_Castle2020_16.jpg,No Arch,0,train,no_arch/Seh_Kohye_Castle2020_16.jpg
TRAIN_00206,Saraye_omid_5.jpg,No Arch,0,train,no_arch/Saraye_omid_5.jpg
TRAIN_00207,"Iran_,_Shiraz_,_Atigh_Jame_Mosque_,_Entrance_Corridor.jpg",Has Arch,1,train,"has_arch/Iran_,_Shiraz_,_Atigh_Jame_Mosque_,_Entrance_Corridor.jpg"
TRAIN_00208,Chors_Central_mosque_01.jpg,Has Arch,1,train,has_arch/Chors_Central_mosque_01.jpg
TRAIN_00209,2011_Molavi_Bazaar_Hazrati_street_Tehran_6299604013.jpg,Has Arch,1,train,has_arch/2011_Molavi_Bazaar_Hazrati_street_Tehran_6299604013.jpg
TRAIN_00210,"Atiq_mosque,_shiraz,_by_Ghazal_kohandel.jpg",Has Arch,1,train,"has_arch/Atiq_mosque,_shiraz,_by_Ghazal_kohandel.jpg"
TRAIN_00211,Shahrzad-Villa-SeyedAbad-Village-Damavand-Kanisavaran-Office---30497.jpg,No Arch,0,train,no_arch/Shahrzad-Villa-SeyedAbad-Village-Damavand-Kanisavaran-Office---30497.jpg
TRAIN_00212,Interiors_of_Agha_Bozorg_mosque_02.jpg,Has Arch,1,train,has_arch/Interiors_of_Agha_Bozorg_mosque_02.jpg
TRAIN_00213,Jame_Mosque_Haftshoyeh_6.jpg,Has Arch,1,train,has_arch/Jame_Mosque_Haftshoyeh_6.jpg
TRAIN_00214,Shebli_tombtower-Damavand.jpg,No Arch,0,train,no_arch/Shebli_tombtower-Damavand.jpg
TRAIN_00215,Ali_Qapu_003.jpg,No Arch,0,train,no_arch/Ali_Qapu_003.jpg
TRAIN_00216,20180921_171710_HDR.jpg,Has Arch,1,train,has_arch/20180921_171710_HDR.jpg
TRAIN_00217,Iran_2007_206_Vank_Armenian_cathedral_Isfahan_(1731865967).jpg,Has Arch,1,train,has_arch/Iran_2007_206_Vank_Armenian_cathedral_Isfahan_(1731865967).jpg
TRAIN_00218,Shahrood-_bedasht-23.jpg,Has Arch,1,train,has_arch/Shahrood-_bedasht-23.jpg
TRAIN_00219,Girls_School_of_Arts_هنرستان_دختران_تهران_-_panoramio_(1).jpg,No Arch,0,train,no_arch/Girls_School_of_Arts_هنرستان_دختران_تهران_-_panoramio_(1).jpg
TRAIN_00220,Nima_Yushij_House2022-11-12_3.jpg,No Arch,0,train,no_arch/Nima_Yushij_House2022-11-12_3.jpg
TRAIN_00221,Villa-No.10-Sadra-Shiraz-by-Shaar-Office---26010.jpg,No Arch,0,train,no_arch/Villa-No.10-Sadra-Shiraz-by-Shaar-Office---26010.jpg
TRAIN_00222,Hojat_abad_vazir_complex.jpg,Has Arch,1,train,has_arch/Hojat_abad_vazir_complex.jpg
TRAIN_00223,کاروانسرای_باغ_شیخ_ساوه.jpg,Has Arch,1,train,has_arch/کاروانسرای_باغ_شیخ_ساوه.jpg
TRAIN_00224,Inside_the_Zein-o-din_Caravanserai_(6223160685).jpg,Has Arch,1,train,has_arch/Inside_the_Zein-o-din_Caravanserai_(6223160685).jpg
TRAIN_00225,Al-Nabi_Mosque2020-05-19_16.jpg,No Arch,0,train,no_arch/Al-Nabi_Mosque2020-05-19_16.jpg
TRAIN_00226,Gate_of_Citadel_of_semnan_19.jpg,Has Arch,1,train,has_arch/Gate_of_Citadel_of_semnan_19.jpg
TRAIN_00227,Markov_Building_Qasr_Museum.jpg,No Arch,0,train,no_arch/Markov_Building_Qasr_Museum.jpg
TRAIN_00228,Sanandaj_Bazaar.jpg,Has Arch,1,train,has_arch/Sanandaj_Bazaar.jpg
TRAIN_00229,Deire_Gachin_Caravansarai_-_Sasanian_dating_-_Iran._Qom_Province_-_Dayr-e_Gachin_25.jpg,Has Arch,1,train,has_arch/Deire_Gachin_Caravansarai_-_Sasanian_dating_-_Iran._Qom_Province_-_Dayr-e_Gachin_25.jpg
TRAIN_00230,iranian-commercial-building-design-idea-7238265-26.jpg,No Arch,0,train,no_arch/iranian-commercial-building-design-idea-7238265-26.jpg
TRAIN_00231,رباط_زرنوخ6735.jpg,Has Arch,1,train,has_arch/رباط_زرنوخ6735.jpg
TRAIN_00232,Sardar-e_Bozorg_Ab_Anbar2020_5.jpg,No Arch,0,train,no_arch/Sardar-e_Bozorg_Ab_Anbar2020_5.jpg
TRAIN_00233,Emarat_4.jpg,No Arch,0,train,no_arch/Emarat_4.jpg
TRAIN_00234,Abdolabad_Mosque2021_4.jpg,Has Arch,1,train,has_arch/Abdolabad_Mosque2021_4.jpg
TRAIN_00235,"Jame_mosque,_natanz.jpg",Has Arch,1,train,"has_arch/Jame_mosque,_natanz.jpg"
TRAIN_00236,Tomb_of_Baba_Taher_2019-08-03_03.jpg,Has Arch,1,train,has_arch/Tomb_of_Baba_Taher_2019-08-03_03.jpg
TRAIN_00237,Yazd2024-03-19_18.jpg,No Arch,0,train,no_arch/Yazd2024-03-19_18.jpg
TRAIN_00238,Tmp_24831-20140731_110201-156931668.jpg,No Arch,0,train,no_arch/Tmp_24831-20140731_110201-156931668.jpg
TRAIN_00239,Khaju_Bridge_Isfahan_Aarash_(25).jpg,Has Arch,1,train,has_arch/Khaju_Bridge_Isfahan_Aarash_(25).jpg
TRAIN_00240,Shahrood-_bedasht-24.jpg,Has Arch,1,train,has_arch/Shahrood-_bedasht-24.jpg
TRAIN_00241,برج_و_دروازه_های_ندوشن_2 (1).jpg,No Arch,0,train,no_arch/برج_و_دروازه_های_ندوشن_2 (1).jpg
TRAIN_00242,Masjed_Akhond_01.jpg,Has Arch,1,train,has_arch/Masjed_Akhond_01.jpg
TRAIN_00243,Resize_of_jame.jpg,Has Arch,1,train,has_arch/Resize_of_jame.jpg
TRAIN_00244,Bazaar_of_Tabriz_2020-03-13_09.jpg,Has Arch,1,train,has_arch/Bazaar_of_Tabriz_2020-03-13_09.jpg
TRAIN_00245,Robat_Castle.jpg,No Arch,0,train,no_arch/Robat_Castle.jpg
TRAIN_00246,Al-Nabi_Mosque2020-05-19_28.jpg,Has Arch,1,train,has_arch/Al-Nabi_Mosque2020-05-19_28.jpg
TRAIN_00247,Borujerdi_House_Kashan_Iran.jpg,Has Arch,1,train,has_arch/Borujerdi_House_Kashan_Iran.jpg
TRAIN_00248,Meyandasht_old_town_13_-_panoramio.jpg,Has Arch,1,train,has_arch/Meyandasht_old_town_13_-_panoramio.jpg
TRAIN_00249,Jalaleddin_Castle_20190327_14.jpg,No Arch,0,train,no_arch/Jalaleddin_Castle_20190327_14.jpg
TRAIN_00250,Ks.SH.A1.jpg,No Arch,0,train,no_arch/Ks.SH.A1.jpg
TRAIN_00251,Golestan_Palace_Album_No._142-86.jpg,Has Arch,1,train,has_arch/Golestan_Palace_Album_No._142-86.jpg
TRAIN_00252,A_la_Nasir_al-Mulk_Mosque_o_Mesquita_Rosa_(11993921696).jpg,Has Arch,1,train,has_arch/A_la_Nasir_al-Mulk_Mosque_o_Mesquita_Rosa_(11993921696).jpg
TRAIN_00253,20200917_150953_HDR.jpg,No Arch,0,train,no_arch/20200917_150953_HDR.jpg
TRAIN_00254,"2021.R.15-5r_-_Iran,_Gate_with_Peeling_Plaster.jpg",Has Arch,1,train,"has_arch/2021.R.15-5r_-_Iran,_Gate_with_Peeling_Plaster.jpg"
TRAIN_00255,Bagher_Abad_Castle's_Roof.jpg,No Arch,0,train,no_arch/Bagher_Abad_Castle's_Roof.jpg
TRAIN_00256,آرامگاه_خواجه_ربیع_(15).jpg,No Arch,0,train,no_arch/آرامگاه_خواجه_ربیع_(15).jpg
TRAIN_00257,SDC15423_karvansarai_zanjan_(14).jpg,Has Arch,1,train,has_arch/SDC15423_karvansarai_zanjan_(14).jpg
TRAIN_00258,"Tomb_of_Sheikh_Abdolsamad,_Natanz.jpg",No Arch,0,train,"no_arch/Tomb_of_Sheikh_Abdolsamad,_Natanz.jpg"
TRAIN_00259,Pahne_Bath._Semnan_6.jpg,Has Arch,1,train,has_arch/Pahne_Bath._Semnan_6.jpg
TRAIN_00260,قلعه_قنجعلی_خان.jpg,No Arch,0,train,no_arch/قلعه_قنجعلی_خان.jpg
TRAIN_00261,Khaje_rabi.jpg,Has Arch,1,train,has_arch/Khaje_rabi.jpg
TRAIN_00262,"Bogheh-ye_Seyed_Roknaddin_(Mausoleum_of_Seyed_Roknaddin),_Yazd_(1257941419).jpg",No Arch,0,train,"no_arch/Bogheh-ye_Seyed_Roknaddin_(Mausoleum_of_Seyed_Roknaddin),_Yazd_(1257941419).jpg"
TRAIN_00263,خانه_زینت_الملک43.jpg,Has Arch,1,train,has_arch/خانه_زینت_الملک43.jpg
TRAIN_00264,Qazvin_Bazaar_2020-04-04_01.jpg,Has Arch,1,train,has_arch/Qazvin_Bazaar_2020-04-04_01.jpg
TRAIN_00265,2_کلیسای_وانک.jpg,Has Arch,1,train,has_arch/2_کلیسای_وانک.jpg
TRAIN_00266,1962_Isphahan_(2467736839).jpg,Has Arch,1,train,has_arch/1962_Isphahan_(2467736839).jpg
TRAIN_00267,Bazaar_of_Tabriz.jpg,Has Arch,1,train,has_arch/Bazaar_of_Tabriz.jpg
TRAIN_00268,خانه_بروجردی_ها_کاشان-The_Borujerdi_House_kashan_iran_06.jpg,Has Arch,1,train,has_arch/خانه_بروجردی_ها_کاشان-The_Borujerdi_House_kashan_iran_06.jpg
TRAIN_00269,Abdul_Samad_Isfahani_Shrine_Natanz.jpg,No Arch,0,train,no_arch/Abdul_Samad_Isfahani_Shrine_Natanz.jpg
TRAIN_00270,"Ali_Shah_Mosque_plan,_and_remaining_gate_(per_Donald_Wilber,_1955).jpg",Has Arch,1,train,"has_arch/Ali_Shah_Mosque_plan,_and_remaining_gate_(per_Donald_Wilber,_1955).jpg"
TRAIN_00271,مسجد_جامع_تون.jpg,Has Arch,1,train,has_arch/مسجد_جامع_تون.jpg
TRAIN_00272,Khavidak_old_castle_-_panoramio_(4).jpg,Has Arch,1,train,has_arch/Khavidak_old_castle_-_panoramio_(4).jpg
TRAIN_00273,قلعه_میرغلام.jpg,No Arch,0,train,no_arch/قلعه_میرغلام.jpg
TRAIN_00274,Ālī_Qāpū_(6).jpg,Has Arch,1,train,has_arch/Ālī_Qāpū_(6).jpg
TRAIN_00275,139911291530272822263704_موزه_فرش_تهران.jpg,No Arch,0,train,no_arch/139911291530272822263704_موزه_فرش_تهران.jpg
TRAIN_00276,Kerman_Bazar_(بازار_کرمان)_-_panoramio_(4).jpg,Has Arch,1,train,has_arch/Kerman_Bazar_(بازار_کرمان)_-_panoramio_(4).jpg
TRAIN_00277,ورودی_کاروانسرای_شاه_عباسی_کرج.jpg,Has Arch,1,train,has_arch/ورودی_کاروانسرای_شاه_عباسی_کرج.jpg
TRAIN_00278,Allah_Vardikhan_Bridge_(Si-o-seh_Pol).jpg,Has Arch,1,train,has_arch/Allah_Vardikhan_Bridge_(Si-o-seh_Pol).jpg
TRAIN_00279,Maschhd_e_Meiqhan_-_panoramio.jpg,Has Arch,1,train,has_arch/Maschhd_e_Meiqhan_-_panoramio.jpg
TRAIN_00280,Ali_Akbar_Sana'ti_Museum_of_Tehran_MSH_(5).jpg,No Arch,0,train,no_arch/Ali_Akbar_Sana'ti_Museum_of_Tehran_MSH_(5).jpg
TRAIN_00281,Iran_(8665715555).jpg,No Arch,0,train,no_arch/Iran_(8665715555).jpg
TRAIN_00282,Cinema_Iran.jpg,No Arch,0,train,no_arch/Cinema_Iran.jpg
TRAIN_00283,Aqabozorg1.jpg,Has Arch,1,train,has_arch/Aqabozorg1.jpg
TRAIN_00284,Mir_heydar_kh1.jpg,No Arch,0,train,no_arch/Mir_heydar_kh1.jpg
TRAIN_00285,General_view_of_the_brick_minaret.jpg,No Arch,0,train,no_arch/General_view_of_the_brick_minaret.jpg
TRAIN_00286,Aminodole_timche2.jpg,Has Arch,1,train,has_arch/Aminodole_timche2.jpg
TRAIN_00287,مسجد_تاريخي_سجاس١.jpg,No Arch,0,train,no_arch/مسجد_تاريخي_سجاس١.jpg
TRAIN_00288,Shaabjareh_Old_Castle_01 (1).jpg,No Arch,0,train,no_arch/Shaabjareh_Old_Castle_01 (1).jpg
TRAIN_00289,Kenargerd_Caravanserai_by_Mardetanha_(1)_14.jpg,Has Arch,1,train,has_arch/Kenargerd_Caravanserai_by_Mardetanha_(1)_14.jpg
TRAIN_00290,Shah_Abbasi_Caravanserai_of_Semnan_2018-10-17_05.jpg,Has Arch,1,train,has_arch/Shah_Abbasi_Caravanserai_of_Semnan_2018-10-17_05.jpg
TRAIN_00291,خانه_های_باستانی_و_قدیمی_درکاشان_-_panoramio.jpg,Has Arch,1,train,has_arch/خانه_های_باستانی_و_قدیمی_درکاشان_-_panoramio.jpg
TRAIN_00292,iranian-office-building-276387-10.jpg,No Arch,0,train,no_arch/iranian-office-building-276387-10.jpg
TRAIN_00293,سایه.jpg,Has Arch,1,train,has_arch/سایه.jpg
TRAIN_00294,مسجد_جامع_-_panoramio_-_Farid_Atar_(1).jpg,Has Arch,1,train,has_arch/مسجد_جامع_-_panoramio_-_Farid_Atar_(1).jpg
TRAIN_00295,24کاروانسرای_چاله_سیاه.jpg,No Arch,0,train,no_arch/24کاروانسرای_چاله_سیاه.jpg
TRAIN_00296,مسجد_جامع_فریومد_شاهرود.jpg,Has Arch,1,train,has_arch/مسجد_جامع_فریومد_شاهرود.jpg
TRAIN_00297,"Tatershahr,_Tehran.jpg",Has Arch,1,train,"has_arch/Tatershahr,_Tehran.jpg"
TRAIN_00298,Kenargerd_Caravanserai_2019-07-10_24.jpg,Has Arch,1,train,has_arch/Kenargerd_Caravanserai_2019-07-10_24.jpg
TRAIN_00299,Deyr_Gachin_Caravansary_by_Mardetanha_(1)_18.jpg,No Arch,0,train,no_arch/Deyr_Gachin_Caravansary_by_Mardetanha_(1)_18.jpg
TRAIN_00300,ایستگاه_راه_آهن_تبریز_1394.jpg,No Arch,0,train,no_arch/ایستگاه_راه_آهن_تبریز_1394.jpg
TRAIN_00301,Amingholamali_qasr_Bahram_Carvanseraie.jpg,Has Arch,1,train,has_arch/Amingholamali_qasr_Bahram_Carvanseraie.jpg
TRAIN_00302,شش_بادگیر.jpg,Has Arch,1,train,has_arch/شش_بادگیر.jpg
TRAIN_00303,Beheshti_Hammam2022-02-15_17.jpg,No Arch,0,train,no_arch/Beheshti_Hammam2022-02-15_17.jpg
TRAIN_00304,Qale_Hatam_Bridge_of_Borujerd_1.jpg,Has Arch,1,train,has_arch/Qale_Hatam_Bridge_of_Borujerd_1.jpg
TRAIN_00305,"One_of_the_Bazar_Gate_,URMIA,IRAN_-_panoramio.jpg",Has Arch,1,train,"has_arch/One_of_the_Bazar_Gate_,URMIA,IRAN_-_panoramio.jpg"
TRAIN_00306,02_آب_انبار_هفت_بادگیر_عصرآباد.jpg,No Arch,0,train,no_arch/02_آب_انبار_هفت_بادگیر_عصرآباد.jpg
TRAIN_00307,مسجد_حیدریه_1.jpg,Has Arch,1,train,has_arch/مسجد_حیدریه_1.jpg
TRAIN_00308,Imam_Khomeini_Mosque_(Shah_Mosque)16.jpg,Has Arch,1,train,has_arch/Imam_Khomeini_Mosque_(Shah_Mosque)16.jpg
TRAIN_00309,"Faculty_of_Agriculture,_University_of_Tehran_-_34,_2024.jpg",No Arch,0,train,"no_arch/Faculty_of_Agriculture,_University_of_Tehran_-_34,_2024.jpg"
TRAIN_00310,"Ali_Qapu_Palace,_Isfahan-6223901216.jpg",Has Arch,1,train,"has_arch/Ali_Qapu_Palace,_Isfahan-6223901216.jpg"
TRAIN_00311,Bafte_ghadime_yazd_(3).jpg,Has Arch,1,train,has_arch/Bafte_ghadime_yazd_(3).jpg
TRAIN_00312,Special_meal_cooked_by_a_mosque_for_the_celebration_of_Imam_Mahdi's_birthday.jpg,No Arch,0,train,no_arch/Special_meal_cooked_by_a_mosque_for_the_celebration_of_Imam_Mahdi's_birthday.jpg
TRAIN_00313,Ardestan.jame.by.shivakakavand.jpg,Has Arch,1,train,has_arch/Ardestan.jame.by.shivakakavand.jpg
TRAIN_00314,داخل_مسجد_است.jpg,Has Arch,1,train,has_arch/داخل_مسجد_است.jpg
TRAIN_00315,Azadi_Cinema_Complex_1652.jpg,No Arch,0,train,no_arch/Azadi_Cinema_Complex_1652.jpg
TRAIN_00316,داخل_کاروان_سرای_مادرشاه.jpg,Has Arch,1,train,has_arch/داخل_کاروان_سرای_مادرشاه.jpg
TRAIN_00317,"Hasan_Ashtiani's_Tomb_at_Fatima_Masumeh_Shrine2,_qom,_iran.jpg",No Arch,0,train,"no_arch/Hasan_Ashtiani's_Tomb_at_Fatima_Masumeh_Shrine2,_qom,_iran.jpg"
TRAIN_00318,Marmar_Palace_3361494.jpg,No Arch,0,train,no_arch/Marmar_Palace_3361494.jpg
TRAIN_00319,Imamzadeh_Morteza2021-05-14_28_(cropped).jpg,No Arch,0,train,no_arch/Imamzadeh_Morteza2021-05-14_28_(cropped).jpg
TRAIN_00320,نمای_کامل_آرامگاه_قطب_الدین_حیدر.jpg,Has Arch,1,train,has_arch/نمای_کامل_آرامگاه_قطب_الدین_حیدر.jpg
TRAIN_00321,View_1_-_Tsensen._Caravansérail_Madmichah_Mourtché_Séhour.jpg,Has Arch,1,train,has_arch/View_1_-_Tsensen._Caravansérail_Madmichah_Mourtché_Séhour.jpg
TRAIN_00322,Casa_Ilalo_(210_of_223).jpg,No Arch,0,train,no_arch/Casa_Ilalo_(210_of_223).jpg
TRAIN_00323,Khaj_rabi_7.jpg,Has Arch,1,train,has_arch/Khaj_rabi_7.jpg
TRAIN_00324,قاری_کورپوسی_-_panoramio.jpg,Has Arch,1,train,has_arch/قاری_کورپوسی_-_panoramio.jpg
TRAIN_00325,سرای_سعدالسلطنه_4.jpg,Has Arch,1,train,has_arch/سرای_سعدالسلطنه_4.jpg
TRAIN_00326,Baba_Taher_First_Tomb.jpg,No Arch,0,train,no_arch/Baba_Taher_First_Tomb.jpg
TRAIN_00327,Green_House_-_panoramio_(1).jpg,No Arch,0,train,no_arch/Green_House_-_panoramio_(1).jpg
TRAIN_00328,مدرسه_سپهسالار_22.jpg,Has Arch,1,train,has_arch/مدرسه_سپهسالار_22.jpg
TRAIN_00329,Qazvin_-_safavid_bridge.jpg,Has Arch,1,train,has_arch/Qazvin_-_safavid_bridge.jpg
TRAIN_00330,Khane_fazel_araghi_3.jpg,No Arch,0,train,no_arch/Khane_fazel_araghi_3.jpg
TRAIN_00331,9کاروانسرای_چاله_سیاه.jpg,Has Arch,1,train,has_arch/9کاروانسرای_چاله_سیاه.jpg
TRAIN_00332,Interior_of_Abbasian_Historical_House_-_Kashan_-_Central_Iran_-_02_(7453880666)_(2) (1).jpg,Has Arch,1,train,has_arch/Interior_of_Abbasian_Historical_House_-_Kashan_-_Central_Iran_-_02_(7453880666)_(2) (1).jpg
TRAIN_00333,امامزاده_محروق_1.jpg,Has Arch,1,train,has_arch/امامزاده_محروق_1.jpg
TRAIN_00334,Karvansaraye_saadosaltaneh2.jpg,Has Arch,1,train,has_arch/Karvansaraye_saadosaltaneh2.jpg
TRAIN_00335,Armenia_Church_Hegmatane_Hill_Hamedan.jpg,Has Arch,1,train,has_arch/Armenia_Church_Hegmatane_Hill_Hamedan.jpg
TRAIN_00336,Shah_Abbasi_Caravanserai_of_Bisotun2023-10-09_9.jpg,Has Arch,1,train,has_arch/Shah_Abbasi_Caravanserai_of_Bisotun2023-10-09_9.jpg
TRAIN_00337,نمای_فضای_سبز_و_ساختمانهای_باغ_موزه_نگارستان_توسط_محمدرضا_بنانی_تصویر_۱۱.jpg,No Arch,0,train,no_arch/نمای_فضای_سبز_و_ساختمانهای_باغ_موزه_نگارستان_توسط_محمدرضا_بنانی_تصویر_۱۱.jpg
TRAIN_00338,Jame_mosque_shiraz.jpg,Has Arch,1,train,has_arch/Jame_mosque_shiraz.jpg
TRAIN_00339,کاروانسرای_خانات_.H.Jafari_-_panoramio_(1).jpg,Has Arch,1,train,has_arch/کاروانسرای_خانات_.H.Jafari_-_panoramio_(1).jpg
TRAIN_00340,Shah_Abbasi_Caravanserai_of_Bisotun2021_22.jpg,Has Arch,1,train,has_arch/Shah_Abbasi_Caravanserai_of_Bisotun2021_22.jpg
TRAIN_00341,Bazaar_of_Tabriz_2020-03-13_07.jpg,Has Arch,1,train,has_arch/Bazaar_of_Tabriz_2020-03-13_07.jpg
TRAIN_00342,نمای_کلی_مسجد_جامع_ساوه.jpg,No Arch,0,train,no_arch/نمای_کلی_مسجد_جامع_ساوه.jpg
TRAIN_00343,نمای_پشت_خانقاه.jpg,Has Arch,1,train,has_arch/نمای_پشت_خانقاه.jpg
TRAIN_00344,Thomas_thomasian.jpg,No Arch,0,train,no_arch/Thomas_thomasian.jpg
TRAIN_00345,M.qazvin24.jpg,Has Arch,1,train,has_arch/M.qazvin24.jpg
TRAIN_00346,Khadju_Bridge._Isfahan_6.jpg,Has Arch,1,train,has_arch/Khadju_Bridge._Isfahan_6.jpg
TRAIN_00347,Shaman_Castle_20190328_01.jpg,Has Arch,1,train,has_arch/Shaman_Castle_20190328_01.jpg
TRAIN_00348,Kenargerd_Caravanserai_by_Mardetanha_(1)_23.jpg,Has Arch,1,train,has_arch/Kenargerd_Caravanserai_by_Mardetanha_(1)_23.jpg
TRAIN_00349,Masjed_jame_yazd_(13).jpg,Has Arch,1,train,has_arch/Masjed_jame_yazd_(13).jpg
TRAIN_00350,Khaju_Bridge_Isfahan_Aarash_(48).jpg,Has Arch,1,train,has_arch/Khaju_Bridge_Isfahan_Aarash_(48).jpg
TRAIN_00351,Abbasi_House_Kashan_(4).jpg,No Arch,0,train,no_arch/Abbasi_House_Kashan_(4).jpg
TRAIN_00352,برج_آشخانه_بسطام_شاهرود.jpg,No Arch,0,train,no_arch/برج_آشخانه_بسطام_شاهرود.jpg
TRAIN_00353,Rezarafieirad1396-A.jpg,No Arch,0,train,no_arch/Rezarafieirad1396-A.jpg
TRAIN_00354,Hajib_Caravansarai2020_5.jpg,Has Arch,1,train,has_arch/Hajib_Caravansarai2020_5.jpg
TRAIN_00355,Borujerdis3.jpg,Has Arch,1,train,has_arch/Borujerdis3.jpg
TRAIN_00356,Abdolabad_Mosque2021_(cropped).jpg,Has Arch,1,train,has_arch/Abdolabad_Mosque2021_(cropped).jpg
TRAIN_00357,نمای_بیرونی_خانه_ی_ظهیر_الاسلام.jpg,No Arch,0,train,no_arch/نمای_بیرونی_خانه_ی_ظهیر_الاسلام.jpg
TRAIN_00358,20180921_164409_HDR.jpg,Has Arch,1,train,has_arch/20180921_164409_HDR.jpg
TRAIN_00359,"Masjid_Shah,_view_of_the_courtyard_by_Pascal_Coste.jpg",Has Arch,1,train,"has_arch/Masjid_Shah,_view_of_the_courtyard_by_Pascal_Coste.jpg"
TRAIN_00360,Abbasid_Caravanseray_of_Nishapur_(Ribati-i-Abbasi_of_Nishapur)_-_Morning_015.jpg,No Arch,0,train,no_arch/Abbasid_Caravanseray_of_Nishapur_(Ribati-i-Abbasi_of_Nishapur)_-_Morning_015.jpg
TRAIN_00361,کاروان_سرای_اصفاک2.jpg,No Arch,0,train,no_arch/کاروان_سرای_اصفاک2.jpg
TRAIN_00362,Fazeli11.jpg,No Arch,0,train,no_arch/Fazeli11.jpg
TRAIN_00363,Soltaniyeh_Dome_13961025_20.jpg,Has Arch,1,train,has_arch/Soltaniyeh_Dome_13961025_20.jpg
TRAIN_00364,2-برج_آب_2_منطقه_بریم.jpg,No Arch,0,train,no_arch/2-برج_آب_2_منطقه_بریم.jpg
TRAIN_00365,خانه_مجیری1.jpg,Has Arch,1,train,has_arch/خانه_مجیری1.jpg
TRAIN_00366,مسجد_فخرآباد.jpg,No Arch,0,train,no_arch/مسجد_فخرآباد.jpg
TRAIN_00367,Masjed_jame_yazd_(78).jpg,Has Arch,1,train,has_arch/Masjed_jame_yazd_(78).jpg
TRAIN_00368,Bazar_tehran_cloth.jpg,Has Arch,1,train,has_arch/Bazar_tehran_cloth.jpg
TRAIN_00369,شهرداری_رشت_نورپردازی.jpg,No Arch,0,train,no_arch/شهرداری_رشت_نورپردازی.jpg
TRAIN_00370,Ali_Gholi_Agha_Hammam_13961225_09.jpg,No Arch,0,train,no_arch/Ali_Gholi_Agha_Hammam_13961225_09.jpg
TRAIN_00371,Khawje_nazar_caravansary2.jpg,Has Arch,1,train,has_arch/Khawje_nazar_caravansary2.jpg
TRAIN_00372,Soltaniyeh_Dome_13961025_08.jpg,No Arch,0,train,no_arch/Soltaniyeh_Dome_13961025_08.jpg
TRAIN_00373,Bardestan_Castle.jpg,Has Arch,1,train,has_arch/Bardestan_Castle.jpg
TRAIN_00374,Madrasa_of_Shah_Mosque_Isfahan_2014_(6).jpg,Has Arch,1,train,has_arch/Madrasa_of_Shah_Mosque_Isfahan_2014_(6).jpg
TRAIN_00375,A_photo_of_Si-o-se-pol.jpg,Has Arch,1,train,has_arch/A_photo_of_Si-o-se-pol.jpg
TRAIN_00376,بادگیر_مجموعه_میدان_سنگ.jpg,No Arch,0,train,no_arch/بادگیر_مجموعه_میدان_سنگ.jpg
TRAIN_00377,ساختمان_روزنامه_اطلاعات_2.jpg,No Arch,0,train,no_arch/ساختمان_روزنامه_اطلاعات_2.jpg
TRAIN_00378,دو_مناردردشت_01.jpg,No Arch,0,train,no_arch/دو_مناردردشت_01.jpg
TRAIN_00379,Farahabad_Mosque_-_28_March_2018_05.jpg,Has Arch,1,train,has_arch/Farahabad_Mosque_-_28_March_2018_05.jpg
TRAIN_00380,Miandasht_Caravanserai2023-07-31_34.jpg,No Arch,0,train,no_arch/Miandasht_Caravanserai2023-07-31_34.jpg
TRAIN_00381,Emamzade_Haron-Esfahan_(1).jpg,Has Arch,1,train,has_arch/Emamzade_Haron-Esfahan_(1).jpg
TRAIN_00382,Jameh_mosques_16.jpg,Has Arch,1,train,has_arch/Jameh_mosques_16.jpg
TRAIN_00383,Atashgah_Castle-Gehi-Isfahan-_قلعه_اتشگاه-روستای_قهی-استان_اصفهان_(cropped)_3.jpg,No Arch,0,train,no_arch/Atashgah_Castle-Gehi-Isfahan-_قلعه_اتشگاه-روستای_قهی-استان_اصفهان_(cropped)_3.jpg
TRAIN_00384,33pol_bridge_frame.jpg,Has Arch,1,train,has_arch/33pol_bridge_frame.jpg
TRAIN_00385,University_of_Tehran_0331.jpg,No Arch,0,train,no_arch/University_of_Tehran_0331.jpg
TRAIN_00386,کاروان_سرای_سنگی_آهوان_1.jpg,Has Arch,1,train,has_arch/کاروان_سرای_سنگی_آهوان_1.jpg
TRAIN_00387,Ganjali_khan_Bath_house.jpg,Has Arch,1,train,has_arch/Ganjali_khan_Bath_house.jpg
TRAIN_00388,"Hotel_Gardens,_Abbasi_Hotel,_Esfahan,_Iran-4945470747.jpg",Has Arch,1,train,"has_arch/Hotel_Gardens,_Abbasi_Hotel,_Esfahan,_Iran-4945470747.jpg"
TRAIN_00389,بازار_نایین.jpg,Has Arch,1,train,has_arch/بازار_نایین.jpg
TRAIN_00390,Elmi_House2022-01-24_13.jpg,No Arch,0,train,no_arch/Elmi_House2022-01-24_13.jpg
TRAIN_00391,نمای_اتاق_ها_از_بالا.jpg,No Arch,0,train,no_arch/نمای_اتاق_ها_از_بالا.jpg
TRAIN_00392,iranian-office-design-873937.jpg,No Arch,0,train,no_arch/iranian-office-design-873937.jpg
TRAIN_00393,Qazvin_Market_Collection-Ghazvin_(7).jpg,Has Arch,1,train,has_arch/Qazvin_Market_Collection-Ghazvin_(7).jpg
TRAIN_00394,Aria-Sanat-Industrial-Administrative-Project-Nobico-Studio---29994.jpg,No Arch,0,train,no_arch/Aria-Sanat-Industrial-Administrative-Project-Nobico-Studio---29994.jpg
TRAIN_00395,Aria-Sanat-Industrial-Administrative-Project-Nobico-Studio---29992.jpg,No Arch,0,train,no_arch/Aria-Sanat-Industrial-Administrative-Project-Nobico-Studio---29992.jpg
TRAIN_00396,Old_Caravanserai.jpg,No Arch,0,train,no_arch/Old_Caravanserai.jpg
TRAIN_00397,Ganjali_Khan_Caravanserai_02.jpg,Has Arch,1,train,has_arch/Ganjali_Khan_Caravanserai_02.jpg
TRAIN_00398,"Ali_Qapu_Gate,_Qazvin_(43298382052).jpg",Has Arch,1,train,"has_arch/Ali_Qapu_Gate,_Qazvin_(43298382052).jpg"
TRAIN_00399,۲۰۱۹۱۰۰۳_۱۹۴۱۵۰تصاویر_فضاهای_بیرونی_مسجد_امام_خمینی_تهران_توسط_محمدرضا_بنانی_شماره.jpg,Has Arch,1,train,has_arch/۲۰۱۹۱۰۰۳_۱۹۴۱۵۰تصاویر_فضاهای_بیرونی_مسجد_امام_خمینی_تهران_توسط_محمدرضا_بنانی_شماره.jpg
TRAIN_00400,iranian-villa-design-idea-8255-2.jpg,No Arch,0,train,no_arch/iranian-villa-design-idea-8255-2.jpg
TRAIN_00401,ورودی_رباط_(cropped).jpg,Has Arch,1,train,has_arch/ورودی_رباط_(cropped).jpg
TRAIN_00402,Hassan_Modarres_Library2024-09-30_12.jpg,No Arch,0,train,no_arch/Hassan_Modarres_Library2024-09-30_12.jpg
TRAIN_00403,کاروان_سرای_بازار_گلشن.jpg,Has Arch,1,train,has_arch/کاروان_سرای_بازار_گلشن.jpg
TRAIN_00404,20180316_175713Ganjali_Khan_Complex.jpg,Has Arch,1,train,has_arch/20180316_175713Ganjali_Khan_Complex.jpg
TRAIN_00405,Hv9.jpg,Has Arch,1,train,has_arch/Hv9.jpg
TRAIN_00406,Ali_Gholi_Agha_Hammam_13961225_03.jpg,No Arch,0,train,no_arch/Ali_Gholi_Agha_Hammam_13961225_03.jpg
TRAIN_00407,Adel(Hassan)_Bazmeh.jpg,No Arch,0,train,no_arch/Adel(Hassan)_Bazmeh.jpg
TRAIN_00408,گنبد_بقعه_پیرمحمد.jpg,No Arch,0,train,no_arch/گنبد_بقعه_پیرمحمد.jpg
TRAIN_00409,Minaee_Heritage_House_and_Museum.jpg,No Arch,0,train,no_arch/Minaee_Heritage_House_and_Museum.jpg
TRAIN_00410,Saeb_memorial2.jpg,Has Arch,1,train,has_arch/Saeb_memorial2.jpg
TRAIN_00411,Menar.jpg,No Arch,0,train,no_arch/Menar.jpg
TRAIN_00412,برج_آب_شماره_یک_منطقه_بوارده_02.jpg,No Arch,0,train,no_arch/برج_آب_شماره_یک_منطقه_بوارده_02.jpg
TRAIN_00413,ei_1639986238375.jpg,Has Arch,1,train,has_arch/ei_1639986238375.jpg
TRAIN_00414,Tile_arches_of_Nasir_al-Molk_mosque.jpg,Has Arch,1,train,has_arch/Tile_arches_of_Nasir_al-Molk_mosque.jpg
TRAIN_00415,Light_and_shadow_frame.jpg,No Arch,0,train,no_arch/Light_and_shadow_frame.jpg
TRAIN_00416,Shah_Abbasi_Caravanserai_of_Bisotun2023-10-09_20.jpg,Has Arch,1,train,has_arch/Shah_Abbasi_Caravanserai_of_Bisotun2023-10-09_20.jpg
TRAIN_00417,Irnr115-Isfahan-w_Ali_Qapu_Palace.jpg,No Arch,0,train,no_arch/Irnr115-Isfahan-w_Ali_Qapu_Palace.jpg
TRAIN_00418,Eid_Fitr_Pray-Nishapur_2012_(1).jpg,Has Arch,1,train,has_arch/Eid_Fitr_Pray-Nishapur_2012_(1).jpg
TRAIN_00419,محل_جمع_آوری_بار.jpg,Has Arch,1,train,has_arch/محل_جمع_آوری_بار.jpg
TRAIN_00420,مسجد_جامع_شهر_گلپایگان.jpg,Has Arch,1,train,has_arch/مسجد_جامع_شهر_گلپایگان.jpg
TRAIN_00421,"Shrine_Complex_of_Sheikh_'Abd_al-Samad,_Natanz_05.jpg",Has Arch,1,train,"has_arch/Shrine_Complex_of_Sheikh_'Abd_al-Samad,_Natanz_05.jpg"
TRAIN_00422,چهارطاقی_عصر_تیموری2.jpg,Has Arch,1,train,has_arch/چهارطاقی_عصر_تیموری2.jpg
TRAIN_00423,قلعه_جلالی_2.png,No Arch,0,train,no_arch/قلعه_جلالی_2.png
TRAIN_00424,خانه_اتحادیه.jpg,No Arch,0,train,no_arch/خانه_اتحادیه.jpg
TRAIN_00425,1433472 (1)969.jpg,Has Arch,1,train,has_arch/1433472 (1)969.jpg
TRAIN_00426,Gonabad_County2019.jpg,No Arch,0,train,no_arch/Gonabad_County2019.jpg
TRAIN_00427,مجموعه_گنج_علی_خان11.jpg,Has Arch,1,train,has_arch/مجموعه_گنج_علی_خان11.jpg
TRAIN_00428,1907599.jpg,Has Arch,1,train,has_arch/1907599.jpg
TRAIN_00429,ساختمان_اداره_دارایی_باقی_مانده_از_گذشته.jpg,No Arch,0,train,no_arch/ساختمان_اداره_دارایی_باقی_مانده_از_گذشته.jpg
TRAIN_00430,پل_خواجو_-_panoramio.jpg,Has Arch,1,train,has_arch/پل_خواجو_-_panoramio.jpg
TRAIN_00431,Sadie_shiraz.jpg,No Arch,0,train,no_arch/Sadie_shiraz.jpg
TRAIN_00432,Aligholiagha.jpg,Has Arch,1,train,has_arch/Aligholiagha.jpg
TRAIN_00433,Jameh_Mosque_of_Isfahan_2019-06-30_26.jpg,Has Arch,1,train,has_arch/Jameh_Mosque_of_Isfahan_2019-06-30_26.jpg
TRAIN_00434,Shahrod_Historical_Bazar_4.jpg,Has Arch,1,train,has_arch/Shahrod_Historical_Bazar_4.jpg
TRAIN_00435,Habaghough3.jpg,No Arch,0,train,no_arch/Habaghough3.jpg
TRAIN_00436,مسجد_بردستان.jpg,No Arch,0,train,no_arch/مسجد_بردستان.jpg
TRAIN_00437,Farah_Abad_Mosque_Yard.jpg,Has Arch,1,train,has_arch/Farah_Abad_Mosque_Yard.jpg
TRAIN_00438,سردر_اکونو_موزه_حیاتی_واقع_در_بازار.jpg,No Arch,0,train,no_arch/سردر_اکونو_موزه_حیاتی_واقع_در_بازار.jpg
TRAIN_00439,کاروان_سرای_حاج_مهدی_3.jpg,Has Arch,1,train,has_arch/کاروان_سرای_حاج_مهدی_3.jpg
TRAIN_00440,6کلیسای_وانک.jpg,Has Arch,1,train,has_arch/6کلیسای_وانک.jpg
TRAIN_00441,Maghbareye_baba_rokno_din.jpg,Has Arch,1,train,has_arch/Maghbareye_baba_rokno_din.jpg
TRAIN_00442,"Tabatabaei_Historical_House5,_Kashan_-_03-26-2013.jpg",No Arch,0,train,"no_arch/Tabatabaei_Historical_House5,_Kashan_-_03-26-2013.jpg"
TRAIN_00443,Kenargerd_Caravanserai_by_Mardetanha_(1)_41.jpg,Has Arch,1,train,has_arch/Kenargerd_Caravanserai_by_Mardetanha_(1)_41.jpg
TRAIN_00444,حیاط_مدرسه.jpg,Has Arch,1,train,has_arch/حیاط_مدرسه.jpg
TRAIN_00445,Narenjestan_e_Ghavam_(18864042291).jpg,No Arch,0,train,no_arch/Narenjestan_e_Ghavam_(18864042291).jpg
TRAIN_00446,Miandasht_Caravanserai2023-07-31_24.jpg,No Arch,0,train,no_arch/Miandasht_Caravanserai2023-07-31_24.jpg
TRAIN_00447,Great_Mosque_of_Yazd.jpg,Has Arch,1,train,has_arch/Great_Mosque_of_Yazd.jpg
TRAIN_00448,"Nasir_ol_Molk_Mosque,_Shiraz_02.jpg",Has Arch,1,train,"has_arch/Nasir_ol_Molk_Mosque,_Shiraz_02.jpg"
TRAIN_00449,Imamzadeh_Morteza2024-06-18_15.jpg,No Arch,0,train,no_arch/Imamzadeh_Morteza2024-06-18_15.jpg
TRAIN_00450,Bahram187.jpg,Has Arch,1,train,has_arch/Bahram187.jpg
TRAIN_00451,The_Last_Floor_of_Azadi_Tower._-_panoramio.jpg,No Arch,0,train,no_arch/The_Last_Floor_of_Azadi_Tower._-_panoramio.jpg
TRAIN_00452,HG79900.jpg,No Arch,0,train,no_arch/HG79900.jpg
TRAIN_00453,Aladdin_TowerVaramin_Tehran_Province_Iran_2019.09.12_برج_علاء_الدین_ورامین_3.jpg,No Arch,0,train,no_arch/Aladdin_TowerVaramin_Tehran_Province_Iran_2019.09.12_برج_علاء_الدین_ورامین_3.jpg
TRAIN_00454,حجره_های_حمام_توده.jpg,Has Arch,1,train,has_arch/حجره_های_حمام_توده.jpg
TRAIN_00455,Aras_-_Jolfa_-_Choupan_Temple_-_panoramio (1).jpg,No Arch,0,train,no_arch/Aras_-_Jolfa_-_Choupan_Temple_-_panoramio (1).jpg
TRAIN_00456,Ali_Qapu_isfahan_عمارت_عالی_قاپو_در_اصفهان_01.jpg,No Arch,0,train,no_arch/Ali_Qapu_isfahan_عمارت_عالی_قاپو_در_اصفهان_01.jpg
TRAIN_00457,Kenargerd_Caravanserai_2019-07-10_17.jpg,Has Arch,1,train,has_arch/Kenargerd_Caravanserai_2019-07-10_17.jpg
TRAIN_00458,Bafte_ghadime_yazd_(113).jpg,No Arch,0,train,no_arch/Bafte_ghadime_yazd_(113).jpg
TRAIN_00459,Caravanserai_Zein-o_Din.jpg,Has Arch,1,train,has_arch/Caravanserai_Zein-o_Din.jpg
TRAIN_00460,Tabatabaei_Historical_House_1030065_2.jpg,Has Arch,1,train,has_arch/Tabatabaei_Historical_House_1030065_2.jpg
TRAIN_00461,Roofed_Bazaar_of_nishapur_(13).jpg,No Arch,0,train,no_arch/Roofed_Bazaar_of_nishapur_(13).jpg
TRAIN_00462,Koocheh_Haft_Tan_Mansion_04.jpg,No Arch,0,train,no_arch/Koocheh_Haft_Tan_Mansion_04.jpg
TRAIN_00463,Bahram_Palace_3.jpg,Has Arch,1,train,has_arch/Bahram_Palace_3.jpg
TRAIN_00464,کاروانسرای_میاندشت.jpg,Has Arch,1,train,has_arch/کاروانسرای_میاندشت.jpg
TRAIN_00465,Ganjali_Hammam_حمام_گنجعلی_خان_کرمان_07.jpg,Has Arch,1,train,has_arch/Ganjali_Hammam_حمام_گنجعلی_خان_کرمان_07.jpg
TRAIN_00466,لاسجرد_کاروانسرا.jpg,Has Arch,1,train,has_arch/لاسجرد_کاروانسرا.jpg
TRAIN_00467,"Isfahán,_Mezquita_del_Shah_(2000)_10.jpg",Has Arch,1,train,"has_arch/Isfahán,_Mezquita_del_Shah_(2000)_10.jpg"
TRAIN_00468,Shazdeh.jpg,Has Arch,1,train,has_arch/Shazdeh.jpg
TRAIN_00469,سرایی_در_بازار_زنجان.jpg,Has Arch,1,train,has_arch/سرایی_در_بازار_زنجان.jpg
TRAIN_00470,Doxan_karvansarası_Zəncan_202209_(1).jpg,No Arch,0,train,no_arch/Doxan_karvansarası_Zəncan_202209_(1).jpg
TRAIN_00471,Sadeghiyan.hamedanbazar5.jpg,Has Arch,1,train,has_arch/Sadeghiyan.hamedanbazar5.jpg
TRAIN_00472,گنبد_سبز3.jpg,Has Arch,1,train,has_arch/گنبد_سبز3.jpg
TRAIN_00473,Goharshad_Mosque_Maqsura_Iwan.jpg,Has Arch,1,train,has_arch/Goharshad_Mosque_Maqsura_Iwan.jpg
TRAIN_00474,"Kerman_bazar,_Iran_(1248475691).jpg",Has Arch,1,train,"has_arch/Kerman_bazar,_Iran_(1248475691).jpg"
TRAIN_00475,Bafte_ghadime_yazd_(75).jpg,No Arch,0,train,no_arch/Bafte_ghadime_yazd_(75).jpg
TRAIN_00476,Abbasid_Caravanseray_of_Nishapur_(Ribati-i-Abbasi_of_Nishapur)_-_Morning_204.jpg,Has Arch,1,train,has_arch/Abbasid_Caravanseray_of_Nishapur_(Ribati-i-Abbasi_of_Nishapur)_-_Morning_204.jpg
TRAIN_00477,وکیل_شیراز_1_(13).jpg,Has Arch,1,train,has_arch/وکیل_شیراز_1_(13).jpg
TRAIN_00478,Agha9803.jpg,Has Arch,1,train,has_arch/Agha9803.jpg
TRAIN_00479,Hajib_Caravansarai2020_11.jpg,Has Arch,1,train,has_arch/Hajib_Caravansarai2020_11.jpg
TRAIN_00480,Googad_castle_246.jpg,No Arch,0,train,no_arch/Googad_castle_246.jpg
TRAIN_00481,"Tahvil-e_Saal_of_Nowruz_2013_(1392_SH)_in_Imam_Reza_shrine,_Mashhad_14.jpg",No Arch,0,train,"no_arch/Tahvil-e_Saal_of_Nowruz_2013_(1392_SH)_in_Imam_Reza_shrine,_Mashhad_14.jpg"
TRAIN_00482,Khaju_Bridge_Isfahan_Aarash_(18).jpg,Has Arch,1,train,has_arch/Khaju_Bridge_Isfahan_Aarash_(18).jpg
TRAIN_00483,ZuzanMosque95.jpg,No Arch,0,train,no_arch/ZuzanMosque95.jpg
TRAIN_00484,Jama_Masjid_Isfahan_Aarash_(232).jpg,Has Arch,1,train,has_arch/Jama_Masjid_Isfahan_Aarash_(232).jpg
TRAIN_00485,Shahabbasi_Karvansary.jpg,Has Arch,1,train,has_arch/Shahabbasi_Karvansary.jpg
TRAIN_00486,Courtyard_iwan_Shah_Mosque_Isfahan_2014_(9).jpg,Has Arch,1,train,has_arch/Courtyard_iwan_Shah_Mosque_Isfahan_2014_(9).jpg
TRAIN_00487,تصویری_از_تاق__های_استفاده_شده_در_بنای_مسجد_جامع_فرومد.jpg,Has Arch,1,train,has_arch/تصویری_از_تاق__های_استفاده_شده_در_بنای_مسجد_جامع_فرومد.jpg
TRAIN_00488,Agha_khan_Liravi_Castle_20170330_01.jpg,Has Arch,1,train,has_arch/Agha_khan_Liravi_Castle_20170330_01.jpg
TRAIN_00489,Seh_Kohye_Castle2020_7.jpg,Has Arch,1,train,has_arch/Seh_Kohye_Castle2020_7.jpg
TRAIN_00490,کلیسای_کاتولیگ_ها.jpg,Has Arch,1,train,has_arch/کلیسای_کاتولیگ_ها.jpg
TRAIN_00491,کاروان_سرای_اصفاک1.jpg,Has Arch,1,train,has_arch/کاروان_سرای_اصفاک1.jpg
TRAIN_00492,Madrese_fakhrie.jpg,No Arch,0,train,no_arch/Madrese_fakhrie.jpg
TRAIN_00493,کانال_تاریخی_ترانه_که_توسط_آن_آب_شیرین_را_از_آب_شور_عبور_میدادنن.jpg,No Arch,0,train,no_arch/کانال_تاریخی_ترانه_که_توسط_آن_آب_شیرین_را_از_آب_شور_عبور_میدادنن.jpg
TRAIN_00494,مقبره_چلپی_اوغلی05.jpg,No Arch,0,train,no_arch/مقبره_چلپی_اوغلی05.jpg
TRAIN_00495,قسمتی_از_بنای_اصلی_مسجد_جامع_ساوه.jpg,Has Arch,1,train,has_arch/قسمتی_از_بنای_اصلی_مسجد_جامع_ساوه.jpg
TRAIN_00496,نمای_180_دجه_قسمت_اصلی_حمام.jpg,Has Arch,1,train,has_arch/نمای_180_دجه_قسمت_اصلی_حمام.jpg
TRAIN_00497,Abdulsamad_(7).jpg,No Arch,0,train,no_arch/Abdulsamad_(7).jpg
TRAIN_00498,Imam_Khomeini_Mosque_(Shah_Mosque)19.jpg,No Arch,0,train,no_arch/Imam_Khomeini_Mosque_(Shah_Mosque)19.jpg
TRAIN_00499,Khavidak_-_Old_castle_-_3000_years_ago_-_panoramio.jpg,Has Arch,1,train,has_arch/Khavidak_-_Old_castle_-_3000_years_ago_-_panoramio.jpg
TRAIN_00500,کاروانسرای_روستای_در.jpg,Has Arch,1,train,has_arch/کاروانسرای_روستای_در.jpg
TRAIN_00501,Masjed_Jame_varamin.jpg,Has Arch,1,train,has_arch/Masjed_Jame_varamin.jpg
TRAIN_00502,Imamzadeh_Hamzah2021-05-10_9.jpg,No Arch,0,train,no_arch/Imamzadeh_Hamzah2021-05-10_9.jpg
TRAIN_00503,Moshir_Inn_corridor.jpg,Has Arch,1,train,has_arch/Moshir_Inn_corridor.jpg
TRAIN_00504,امامزاده_جعفر_دامغان_10.jpg,No Arch,0,train,no_arch/امامزاده_جعفر_دامغان_10.jpg
TRAIN_00505,Robat_Castle2.jpg,No Arch,0,train,no_arch/Robat_Castle2.jpg
TRAIN_00506,Gonbad_sabz.jpg,Has Arch,1,train,has_arch/Gonbad_sabz.jpg
TRAIN_00507,قلعه_لنگر.jpg,No Arch,0,train,no_arch/قلعه_لنگر.jpg
TRAIN_00508,(((پل_صلوات_اباد_بیجار)))_-_panoramio.jpg,Has Arch,1,train,has_arch/(((پل_صلوات_اباد_بیجار)))_-_panoramio.jpg
TRAIN_00509,Borujerdis_61.jpg,No Arch,0,train,no_arch/Borujerdis_61.jpg
TRAIN_00510,Dayr-e_Gachin2022-02-26_5.jpg,Has Arch,1,train,has_arch/Dayr-e_Gachin2022-02-26_5.jpg
TRAIN_00511,Khavidak_Old_castle_-_panoramio.jpg,No Arch,0,train,no_arch/Khavidak_Old_castle_-_panoramio.jpg
TRAIN_00512,Sadeghiyan.hamedanbazar1.jpg,Has Arch,1,train,has_arch/Sadeghiyan.hamedanbazar1.jpg
TRAIN_00513,Tehran_School_of_Political_Science.jpg,No Arch,0,train,no_arch/Tehran_School_of_Political_Science.jpg
TRAIN_00514,Dezful_Jame_Mosque_gharibkhane.jpg,Has Arch,1,train,has_arch/Dezful_Jame_Mosque_gharibkhane.jpg
TRAIN_00515,Wali_Castle4E.jpg,No Arch,0,train,no_arch/Wali_Castle4E.jpg
TRAIN_00516,Bazaar_of_Tabriz07.jpg,Has Arch,1,train,has_arch/Bazaar_of_Tabriz07.jpg
TRAIN_00517,Abbāsi_House_-_3.jpg,Has Arch,1,train,has_arch/Abbāsi_House_-_3.jpg
TRAIN_00518,Arak_Market-Arak_(5).jpg,Has Arch,1,train,has_arch/Arak_Market-Arak_(5).jpg
TRAIN_00519,Bafte_ghadime_yazd_(90).jpg,Has Arch,1,train,has_arch/Bafte_ghadime_yazd_(90).jpg
TRAIN_00520,Shahrzad-Villa-SeyedAbad-Village-Damavand-Kanisavaran-Office---30537.jpg,No Arch,0,train,no_arch/Shahrzad-Villa-SeyedAbad-Village-Damavand-Kanisavaran-Office---30537.jpg
TRAIN_00521,Ab_anbar_Bolur_Tafresh_-_panoramio.jpg,No Arch,0,train,no_arch/Ab_anbar_Bolur_Tafresh_-_panoramio.jpg
TRAIN_00522,Madrasa_and_dome_exterior_of_Shah_Mosque_Isfahan_2014_(4).jpg,Has Arch,1,train,has_arch/Madrasa_and_dome_exterior_of_Shah_Mosque_Isfahan_2014_(4).jpg
TRAIN_00523,11-6-14-122456kavir-center2.jpg,Has Arch,1,train,has_arch/11-6-14-122456kavir-center2.jpg
TRAIN_00524,Mahan_(2000)_19.jpg,Has Arch,1,train,has_arch/Mahan_(2000)_19.jpg
TRAIN_00525,Ali_Gholi_Agha_hammam.jpg,No Arch,0,train,no_arch/Ali_Gholi_Agha_hammam.jpg
TRAIN_00526,"Gan-Dallazan_Bazar_II,_Tabriz,_Iran.jpg",Has Arch,1,train,"has_arch/Gan-Dallazan_Bazar_II,_Tabriz,_Iran.jpg"
TRAIN_00527,Tabatabaeiha_House_Entry.jpg,Has Arch,1,train,has_arch/Tabatabaeiha_House_Entry.jpg
TRAIN_00528,26600-کلیسای_آشوری_مارگیورگیز.jpg,No Arch,0,train,no_arch/26600-کلیسای_آشوری_مارگیورگیز.jpg
TRAIN_00529,Aa123.jpg,No Arch,0,train,no_arch/Aa123.jpg
TRAIN_00530,مدرسه_علیا_فردوس_07.jpg,Has Arch,1,train,has_arch/مدرسه_علیا_فردوس_07.jpg
TRAIN_00531,Ali_Gholi_Agha_hammam35.jpg,Has Arch,1,train,has_arch/Ali_Gholi_Agha_hammam35.jpg
TRAIN_00532,Maranjab1.jpg,Has Arch,1,train,has_arch/Maranjab1.jpg
TRAIN_00533,Khoy_Old_Bazaar3.jpg,Has Arch,1,train,has_arch/Khoy_Old_Bazaar3.jpg
TRAIN_00534,"Masjed-e_Imam_(Imam_Mosque),_Isfahan_(5113691065).jpg",Has Arch,1,train,"has_arch/Masjed-e_Imam_(Imam_Mosque),_Isfahan_(5113691065).jpg"
TRAIN_00535,Shaabjareh_Old_Castle_02 (1).jpg,No Arch,0,train,no_arch/Shaabjareh_Old_Castle_02 (1).jpg
TRAIN_00536,Khaju_Bridge_Isfahan_Aarash_(46).jpg,Has Arch,1,train,has_arch/Khaju_Bridge_Isfahan_Aarash_(46).jpg
TRAIN_00537,خانه_سیمین_دانشور.jpg,No Arch,0,train,no_arch/خانه_سیمین_دانشور.jpg
TRAIN_00538,Shesh_Nav_1 (2).jpg,No Arch,0,train,no_arch/Shesh_Nav_1 (2).jpg
TRAIN_00539,Yazd_-_Dolatabad_-_panoramio.jpg,No Arch,0,train,no_arch/Yazd_-_Dolatabad_-_panoramio.jpg
TRAIN_00540,مدرسه_گنجعلیخان_کاروان_سرای_گنجعلی_(1).jpg,Has Arch,1,train,has_arch/مدرسه_گنجعلیخان_کاروان_سرای_گنجعلی_(1).jpg
TRAIN_00541,مقبره_پير_زهرنوش2.jpg,Has Arch,1,train,has_arch/مقبره_پير_زهرنوش2.jpg
TRAIN_00542,Mehdi_Qoli_Beyk_Hammam2022-08-13_26.jpg,Has Arch,1,train,has_arch/Mehdi_Qoli_Beyk_Hammam2022-08-13_26.jpg
TRAIN_00543,بخش_های_باقی_مانده_از_پایه_و_ساقه_مناره.jpg,No Arch,0,train,no_arch/بخش_های_باقی_مانده_از_پایه_و_ساقه_مناره.jpg
TRAIN_00544,Abasi_caravanserai_(1).jpg,Has Arch,1,train,has_arch/Abasi_caravanserai_(1).jpg
TRAIN_00545,نمای_داخلی_یکی_از_حجره_ها_رو_به_حیاط_مدرسه.jpg,Has Arch,1,train,has_arch/نمای_داخلی_یکی_از_حجره_ها_رو_به_حیاط_مدرسه.jpg
TRAIN_00546,20200917_120610_HDR.jpg,No Arch,0,train,no_arch/20200917_120610_HDR.jpg
TRAIN_00547,سرای_سعدالسلطنه_7.jpg,Has Arch,1,train,has_arch/سرای_سعدالسلطنه_7.jpg
TRAIN_00548,پل_کهنه_قرسو_1.jpg,Has Arch,1,train,has_arch/پل_کهنه_قرسو_1.jpg
TRAIN_00549,Allahverdi_Khan_Bridge_3.jpg,Has Arch,1,train,has_arch/Allahverdi_Khan_Bridge_3.jpg
TRAIN_00550,Wind_tower_in_south_Iran_(cropped).jpg,No Arch,0,train,no_arch/Wind_tower_in_south_Iran_(cropped).jpg
TRAIN_00551,Ali_Qapoo_-15.jpg,No Arch,0,train,no_arch/Ali_Qapoo_-15.jpg
TRAIN_00552,Farasfaj_caravanserai_20190507_16.jpg,Has Arch,1,train,has_arch/Farasfaj_caravanserai_20190507_16.jpg
TRAIN_00553,DSC_0097_(1600x1200).jpg,No Arch,0,train,no_arch/DSC_0097_(1600x1200).jpg
TRAIN_00554,Abolulu.jpg,No Arch,0,train,no_arch/Abolulu.jpg
TRAIN_00555,Sa't_square_of_Sari..jpg,No Arch,0,train,no_arch/Sa't_square_of_Sari..jpg
TRAIN_00556,IMG_.9125_(1600x1200).jpg,Has Arch,1,train,has_arch/IMG_.9125_(1600x1200).jpg
TRAIN_00557,تی_تی_کاروانسرا.jpg,Has Arch,1,train,has_arch/تی_تی_کاروانسرا.jpg
TRAIN_00558,Madras_Ebne_Sina01.jpg,No Arch,0,train,no_arch/Madras_Ebne_Sina01.jpg
TRAIN_00559,Iranian_Art_Museum_Garden_Gate.jpg,Has Arch,1,train,has_arch/Iranian_Art_Museum_Garden_Gate.jpg
TRAIN_00560,Ali_Qapu_Palace_(6223900026).jpg,No Arch,0,train,no_arch/Ali_Qapu_Palace_(6223900026).jpg
TRAIN_00561,Kenargerd_Caravanserai_2019-07-10_11.jpg,Has Arch,1,train,has_arch/Kenargerd_Caravanserai_2019-07-10_11.jpg
TRAIN_00562,Hajib_Caravansarai2020_6.jpg,Has Arch,1,train,has_arch/Hajib_Caravansarai2020_6.jpg
TRAIN_00563,Ganjalikhan_bathhouse_by_Hadi_Karimi.jpg,Has Arch,1,train,has_arch/Ganjalikhan_bathhouse_by_Hadi_Karimi.jpg
TRAIN_00564,Bafte_ghadime_yazd_(20).jpg,No Arch,0,train,no_arch/Bafte_ghadime_yazd_(20).jpg
TRAIN_00565,5_کلیسای_وانک.jpg,No Arch,0,train,no_arch/5_کلیسای_وانک.jpg
TRAIN_00566,"Siosepol_Bridge,_Isfahan,_Iran.jpg",Has Arch,1,train,"has_arch/Siosepol_Bridge,_Isfahan,_Iran.jpg"
TRAIN_00567,Dashkasan_Temple_2017-03-30_05.jpg,Has Arch,1,train,has_arch/Dashkasan_Temple_2017-03-30_05.jpg
TRAIN_00568,مسجد_پامنار_۳.jpg,Has Arch,1,train,has_arch/مسجد_پامنار_۳.jpg
TRAIN_00569,Jame_Mosque_of_Kerman_01.jpg,Has Arch,1,train,has_arch/Jame_Mosque_of_Kerman_01.jpg
TRAIN_00570,Caravanserai_Sangi-Zanjan_13970121_14.jpg,No Arch,0,train,no_arch/Caravanserai_Sangi-Zanjan_13970121_14.jpg
TRAIN_00571,Shah_Abbasi_Caravanserai_of_Bisotun2021_26.jpg,Has Arch,1,train,has_arch/Shah_Abbasi_Caravanserai_of_Bisotun2021_26.jpg
TRAIN_00572,Feyziyya_School_مدرسه_فیضیه_06.jpg,Has Arch,1,train,has_arch/Feyziyya_School_مدرسه_فیضیه_06.jpg
TRAIN_00573,Sepahsalar_Mosque_entrance_Tehran.jpg,Has Arch,1,train,has_arch/Sepahsalar_Mosque_entrance_Tehran.jpg
TRAIN_00574,Cheshmeh-Mansion-Lavasan-Amin-Ferdousi-CAOI---30423.jpg,No Arch,0,train,no_arch/Cheshmeh-Mansion-Lavasan-Amin-Ferdousi-CAOI---30423.jpg
TRAIN_00575,"Bazaar_de_Teherán,_Teherán,_Irán,_2016-09-17,_DD_54.jpg",Has Arch,1,train,"has_arch/Bazaar_de_Teherán,_Teherán,_Irán,_2016-09-17,_DD_54.jpg"
TRAIN_00576,کاروانسرای_رشتی_عقدا_2.jpg,Has Arch,1,train,has_arch/کاروانسرای_رشتی_عقدا_2.jpg
TRAIN_00577,کاروانسرای_مادرشاه_اصفهان.jpg,Has Arch,1,train,has_arch/کاروانسرای_مادرشاه_اصفهان.jpg
TRAIN_00578,مسجد_جامع_دامغان.jpg,No Arch,0,train,no_arch/مسجد_جامع_دامغان.jpg
TRAIN_00579,Shah_Abbasi_Caravanserai_of_Semnan_2018-10-17_24.jpg,Has Arch,1,train,has_arch/Shah_Abbasi_Caravanserai_of_Semnan_2018-10-17_24.jpg
TRAIN_00580,Mahlezan_church.jpg,No Arch,0,train,no_arch/Mahlezan_church.jpg
TRAIN_00581,Caravanserai_Sangi-Zanjan_13970121_01.jpg,No Arch,0,train,no_arch/Caravanserai_Sangi-Zanjan_13970121_01.jpg
TRAIN_00582,نمای_داخلی_حمام_شاه_رکن_الدین_عکس_از_حسین_درآمد.jpg,Has Arch,1,train,has_arch/نمای_داخلی_حمام_شاه_رکن_الدین_عکس_از_حسین_درآمد.jpg
TRAIN_00583,201312_iran_esfahan_76_(12469061144).jpg,Has Arch,1,train,has_arch/201312_iran_esfahan_76_(12469061144).jpg
TRAIN_00584,کاروانسرای_یام.jpg,Has Arch,1,train,has_arch/کاروانسرای_یام.jpg
TRAIN_00585,Jameh_Mosque_of_Saveh_15.jpg,No Arch,0,train,no_arch/Jameh_Mosque_of_Saveh_15.jpg
TRAIN_00586,Ghazzaghkhaneh_Tehran_University_of_Art.jpg,No Arch,0,train,no_arch/Ghazzaghkhaneh_Tehran_University_of_Art.jpg
TRAIN_00587,Forumad_Mosque_1.jpg,Has Arch,1,train,has_arch/Forumad_Mosque_1.jpg
TRAIN_00588,Mohammad_Abad_stony_caravanserai_2020-05-31_21.jpg,Has Arch,1,train,has_arch/Mohammad_Abad_stony_caravanserai_2020-05-31_21.jpg
TRAIN_00589,بازار_بزرگ_تهران.jpg,Has Arch,1,train,has_arch/بازار_بزرگ_تهران.jpg
TRAIN_00590,Amirali.82577.jpg,Has Arch,1,train,has_arch/Amirali.82577.jpg
TRAIN_00591,Ali_Qapu_first_floor.jpg,Has Arch,1,train,has_arch/Ali_Qapu_first_floor.jpg
TRAIN_00592,Agha_Bozorg_mosque_-_Kashan_06.jpg,Has Arch,1,train,has_arch/Agha_Bozorg_mosque_-_Kashan_06.jpg
TRAIN_00593,"Casa_histórica_de_Abbasi,_Kashan,_Irán,_2016-09-19,_DD_75.jpg",Has Arch,1,train,"has_arch/Casa_histórica_de_Abbasi,_Kashan,_Irán,_2016-09-19,_DD_75.jpg"
TRAIN_00594,"Khan_School_(Shiraz,_Iran)_(28057313143).jpg",No Arch,0,train,"no_arch/Khan_School_(Shiraz,_Iran)_(28057313143).jpg"
TRAIN_00595,Detail_view_of_chambers_and_their_plaster_decoration.jpg,Has Arch,1,train,has_arch/Detail_view_of_chambers_and_their_plaster_decoration.jpg
TRAIN_00596,"Sa'adi_St._Fisherabad,_Tehran.jpg",No Arch,0,train,"no_arch/Sa'adi_St._Fisherabad,_Tehran.jpg"
TRAIN_00597,Zaman_(Time)_Museum_3.jpg,No Arch,0,train,no_arch/Zaman_(Time)_Museum_3.jpg
TRAIN_00598,Imamzadeh_Abdullah_Shushtar_Darafsh_(47).jpg,Has Arch,1,train,has_arch/Imamzadeh_Abdullah_Shushtar_Darafsh_(47).jpg
TRAIN_00599,Seh_Kohye_Castle2020_16.jpg,Has Arch,1,train,has_arch/Seh_Kohye_Castle2020_16.jpg
TRAIN_00600,20170418_View_to_the_exit_from_the_bazaar_Tehran.jpg,No Arch,0,train,no_arch/20170418_View_to_the_exit_from_the_bazaar_Tehran.jpg
TRAIN_00601,چهار_باغ10.jpg,Has Arch,1,train,has_arch/چهار_باغ10.jpg
TRAIN_00602,Icehouse_in_Kerman_(49686789866).jpg,Has Arch,1,train,has_arch/Icehouse_in_Kerman_(49686789866).jpg
TRAIN_00603,Entrance_ceiling_of_hayati_school.jpg,Has Arch,1,train,has_arch/Entrance_ceiling_of_hayati_school.jpg
TRAIN_00604,NAAM-project-in-Tehran-FDH-studio-Cinema-Club---29649.jpg,No Arch,0,train,no_arch/NAAM-project-in-Tehran-FDH-studio-Cinema-Club---29649.jpg
TRAIN_00605,Elmi_House2022-01-24_29.jpg,No Arch,0,train,no_arch/Elmi_House2022-01-24_29.jpg
TRAIN_00606,Aghabozorg_mosque_kashan_iran_29032010862.jpg,Has Arch,1,train,has_arch/Aghabozorg_mosque_kashan_iran_29032010862.jpg
TRAIN_00607,1_Jameh_Mosque_of_Farumad.jpg,Has Arch,1,train,has_arch/1_Jameh_Mosque_of_Farumad.jpg
TRAIN_00608,Shahfiruz_0_(3).jpg,Has Arch,1,train,has_arch/Shahfiruz_0_(3).jpg
TRAIN_00609,مدرسه_علیا_فردوس_09.jpg,Has Arch,1,train,has_arch/مدرسه_علیا_فردوس_09.jpg
TRAIN_00610,Gi855.jpg,Has Arch,1,train,has_arch/Gi855.jpg
TRAIN_00611,خانه_عباسی_ها_-کاشان-The_Abbasi_House-kashan_09.jpg,No Arch,0,train,no_arch/خانه_عباسی_ها_-کاشان-The_Abbasi_House-kashan_09.jpg
TRAIN_00612,IMG_0192_Qom.jpg,Has Arch,1,train,has_arch/IMG_0192_Qom.jpg
TRAIN_00613,بازار_کرمان_(2).jpg,No Arch,0,train,no_arch/بازار_کرمان_(2).jpg
TRAIN_00614,Backyard_masjid_(21122062435).jpg,No Arch,0,train,no_arch/Backyard_masjid_(21122062435).jpg
TRAIN_00615,کاروانسرای_سنگی.jpg,Has Arch,1,train,has_arch/کاروانسرای_سنگی.jpg
TRAIN_00616,دنباله_دار_نئووایز_بر_فراز_قلعه.jpg,No Arch,0,train,no_arch/دنباله_دار_نئووایز_بر_فراز_قلعه.jpg
TRAIN_00617,03-_Menaar_Masjed_Ali.jpg,Has Arch,1,train,has_arch/03-_Menaar_Masjed_Ali.jpg
TRAIN_00618,Kabood-gonbad16.jpg,No Arch,0,train,no_arch/Kabood-gonbad16.jpg
TRAIN_00619,Barsian_mosque_2018.jpg,No Arch,0,train,no_arch/Barsian_mosque_2018.jpg
TRAIN_00620,سینما_ایران-خیابان_لاله_زار_-_panoramio.jpg,No Arch,0,train,no_arch/سینما_ایران-خیابان_لاله_زار_-_panoramio.jpg
TRAIN_00621,Narin_Castle_20190322_14.jpg,Has Arch,1,train,has_arch/Narin_Castle_20190322_14.jpg
TRAIN_00622,Khaneh_lashgarnevis_5.jpg,No Arch,0,train,no_arch/Khaneh_lashgarnevis_5.jpg
TRAIN_00623,ChehelDokhtaran1.jpg,No Arch,0,train,no_arch/ChehelDokhtaran1.jpg
TRAIN_00624,Gheysarie_Bazzar_02.jpg,Has Arch,1,train,has_arch/Gheysarie_Bazzar_02.jpg
TRAIN_00625,Jalali_Castle_And_adjacent_Icehouses2019_2.jpg,Has Arch,1,train,has_arch/Jalali_Castle_And_adjacent_Icehouses2019_2.jpg
TRAIN_00626,Choobi.jpg,Has Arch,1,train,has_arch/Choobi.jpg
TRAIN_00627,Pərvin_Etisaminin_evi_(8).jpg,No Arch,0,train,no_arch/Pərvin_Etisaminin_evi_(8).jpg
TRAIN_00628,Aali_Qapu_13961116_09.jpg,No Arch,0,train,no_arch/Aali_Qapu_13961116_09.jpg
TRAIN_00629,قسمتی_از_حمام_باغ_فین_کاشان.jpg,Has Arch,1,train,has_arch/قسمتی_از_حمام_باغ_فین_کاشان.jpg
TRAIN_00630,27کاروانسرای_چاله_سیاه.jpg,Has Arch,1,train,has_arch/27کاروانسرای_چاله_سیاه.jpg
TRAIN_00631,بادگیرهای_آب_انبار_کاروانسرای_مزینان.jpg,No Arch,0,train,no_arch/بادگیرهای_آب_انبار_کاروانسرای_مزینان.jpg
TRAIN_00632,Screenshot (743).png,Has Arch,1,train,has_arch/Screenshot (743).png
TRAIN_00633,Prodejna_koberců_-_panoramio.jpg,Has Arch,1,train,has_arch/Prodejna_koberců_-_panoramio.jpg
TRAIN_00634,موزه_آمل((ساختمان_دارایی_قدیم)).jpg,No Arch,0,train,no_arch/موزه_آمل((ساختمان_دارایی_قدیم)).jpg
TRAIN_00635,House_of_Mohammad-Taqi_Bahar.jpg,No Arch,0,train,no_arch/House_of_Mohammad-Taqi_Bahar.jpg
TRAIN_00636,AnzKkh1.jpg,No Arch,0,train,no_arch/AnzKkh1.jpg
TRAIN_00637,20180426_141926Kerman_Bazar_-_Mesgari.jpg,Has Arch,1,train,has_arch/20180426_141926Kerman_Bazar_-_Mesgari.jpg
TRAIN_00638,Kenargerd_Caravanserai_2019-07-10_08.jpg,Has Arch,1,train,has_arch/Kenargerd_Caravanserai_2019-07-10_08.jpg
TRAIN_00639,ZuzanMosque1111.jpg,Has Arch,1,train,has_arch/ZuzanMosque1111.jpg
TRAIN_00640,Shah_Abbasi_Caravanserai_of_Karaj_30.jpg,Has Arch,1,train,has_arch/Shah_Abbasi_Caravanserai_of_Karaj_30.jpg
TRAIN_00641,Dome_chamber_of_Jameh_Mosque_of_Natanz (1).jpg,No Arch,0,train,no_arch/Dome_chamber_of_Jameh_Mosque_of_Natanz (1).jpg
TRAIN_00642,Nozhan-Residential-Apartment-Shiraz-Maan-Studio--0158.jpg,No Arch,0,train,no_arch/Nozhan-Residential-Apartment-Shiraz-Maan-Studio--0158.jpg
TRAIN_00643,Mosalla_naein2_(cropped).jpg,No Arch,0,train,no_arch/Mosalla_naein2_(cropped).jpg
TRAIN_00644,29o5DnuhIjngo1cu9a8mch1uforqa1a7s1otoirfm.jpg.jpg,Has Arch,1,train,has_arch/29o5DnuhIjngo1cu9a8mch1uforqa1a7s1otoirfm.jpg.jpg
TRAIN_00645,تاق_عالی_قاپو.jpg,No Arch,0,train,no_arch/تاق_عالی_قاپو.jpg
TRAIN_00646,دروازه_فرافر.jpg,Has Arch,1,train,has_arch/دروازه_فرافر.jpg
TRAIN_00647,کناره_های_در_کوچه_مسجد_حکیم.jpg,No Arch,0,train,no_arch/کناره_های_در_کوچه_مسجد_حکیم.jpg
TRAIN_00648,AnzKkh2.jpg,No Arch,0,train,no_arch/AnzKkh2.jpg
TRAIN_00649,1396030914591915411029884_خیابان_سپه.jpg,No Arch,0,train,no_arch/1396030914591915411029884_خیابان_سپه.jpg
TRAIN_00650,Payagene-Daroo-Kooshk-Design-Studio-CAOI---23821.jpg,No Arch,0,train,no_arch/Payagene-Daroo-Kooshk-Design-Studio-CAOI---23821.jpg
TRAIN_00651,Screenshot (739).png,Has Arch,1,train,has_arch/Screenshot (739).png
TRAIN_00652,"Narin_Citadel_of_Meybod_(Narin_Ghale),_Meybod,_Yazd,_Iran_(نارین_قلعه_میبد)_-_panoramio_(5).jpg",Has Arch,1,train,"has_arch/Narin_Citadel_of_Meybod_(Narin_Ghale),_Meybod,_Yazd,_Iran_(نارین_قلعه_میبد)_-_panoramio_(5).jpg"
TRAIN_00653,Davazdah_Cheshmeh_Bridge_2.jpg,Has Arch,1,train,has_arch/Davazdah_Cheshmeh_Bridge_2.jpg
TRAIN_00654,Historical_District_of_Yazd_(3).jpg,No Arch,0,train,no_arch/Historical_District_of_Yazd_(3).jpg
TRAIN_00655,German_building_in_Kashmar2021_7.jpg,Has Arch,1,train,has_arch/German_building_in_Kashmar2021_7.jpg
TRAIN_00656,Shah_Mosque_Isfahan_Aarash_(87).jpg,Has Arch,1,train,has_arch/Shah_Mosque_Isfahan_Aarash_(87).jpg
TRAIN_00657,Tuyserkan_Market_(2022).jpg,No Arch,0,train,no_arch/Tuyserkan_Market_(2022).jpg
TRAIN_00658,Aria-Sanat-Industrial-Administrative-Project-Nobico-Studio---29997.jpg,No Arch,0,train,no_arch/Aria-Sanat-Industrial-Administrative-Project-Nobico-Studio---29997.jpg
TRAIN_00659,"Caravanserai_Shafi_Abad,_Iran_(5072530584).jpg",No Arch,0,train,"no_arch/Caravanserai_Shafi_Abad,_Iran_(5072530584).jpg"
TRAIN_00660,Marmar_Palace_1398110615003157819495814.jpg,Has Arch,1,train,has_arch/Marmar_Palace_1398110615003157819495814.jpg
TRAIN_00661,Madresehkhan2.jpg,Has Arch,1,train,has_arch/Madresehkhan2.jpg
TRAIN_00662,Menar_3.jpg,No Arch,0,train,no_arch/Menar_3.jpg
TRAIN_00663,1397111510110871616539014_محله_اکباتان.jpg,No Arch,0,train,no_arch/1397111510110871616539014_محله_اکباتان.jpg
TRAIN_00664,Yazd2024-03-19_9.jpg,Has Arch,1,train,has_arch/Yazd2024-03-19_9.jpg
TRAIN_00665,خانه_پروفسور_عدل.jpg,Has Arch,1,train,has_arch/خانه_پروفسور_عدل.jpg
TRAIN_00666,Ali_Gholi_Agha_Hammam_13961225_04.jpg,Has Arch,1,train,has_arch/Ali_Gholi_Agha_Hammam_13961225_04.jpg
TRAIN_00667,حسینیه_سفلی_ندوشن_5.jpg,Has Arch,1,train,has_arch/حسینیه_سفلی_ندوشن_5.jpg
TRAIN_00668,H_mosquee.jpg,No Arch,0,train,no_arch/H_mosquee.jpg
TRAIN_00669,Soltanie-exterior1.jpg,Has Arch,1,train,has_arch/Soltanie-exterior1.jpg
TRAIN_00670,بازار_بزرگ_کرمان7.jpg,No Arch,0,train,no_arch/بازار_بزرگ_کرمان7.jpg
TRAIN_00671,Tehran_Grand_Bazaar2021_13.jpg,Has Arch,1,train,has_arch/Tehran_Grand_Bazaar2021_13.jpg
TRAIN_00672,Bage-Dowlatabad6.jpg,Has Arch,1,train,has_arch/Bage-Dowlatabad6.jpg
TRAIN_00673,DSC_0005-.jpg,No Arch,0,train,no_arch/DSC_0005-.jpg
TRAIN_00674,کاروانسرای_خانه_سرخ4.jpg,Has Arch,1,train,has_arch/کاروانسرای_خانه_سرخ4.jpg
TRAIN_00675,Isfahan-Choobi_bridge.jpg,Has Arch,1,train,has_arch/Isfahan-Choobi_bridge.jpg
TRAIN_00676,National_Garden_Gate_Tehran (1).jpg,No Arch,0,train,no_arch/National_Garden_Gate_Tehran (1).jpg
TRAIN_00677,The_entrance_of_Khavidak_castle_-_3000_years_ago_-_panoramio.jpg,No Arch,0,train,no_arch/The_entrance_of_Khavidak_castle_-_3000_years_ago_-_panoramio.jpg
TRAIN_00678,Sabet_Pasal_Palace-15.jpg,No Arch,0,train,no_arch/Sabet_Pasal_Palace-15.jpg
TRAIN_00679,"Mezquita_Shah,_Teherán,_Irán,_2016-09-17,_DD_47.jpg",Has Arch,1,train,"has_arch/Mezquita_Shah,_Teherán,_Irán,_2016-09-17,_DD_47.jpg"
TRAIN_00680,Ferdowsi-Iran_(11).jpg,No Arch,0,train,no_arch/Ferdowsi-Iran_(11).jpg
TRAIN_00681,Saint_John_the_Baptist_Church_(Isfahan)_2.jpg,No Arch,0,train,no_arch/Saint_John_the_Baptist_Church_(Isfahan)_2.jpg
TRAIN_00682,Jame'_Mosque_of_Damghan_2019-04-04_06.jpg,Has Arch,1,train,has_arch/Jame'_Mosque_of_Damghan_2019-04-04_06.jpg
TRAIN_00683,Ganjali_Khan_Caravanserai_04.jpg,Has Arch,1,train,has_arch/Ganjali_Khan_Caravanserai_04.jpg
TRAIN_00684,Pasargad_Karvansaraye_mozaffari.jpg,No Arch,0,train,no_arch/Pasargad_Karvansaraye_mozaffari.jpg
TRAIN_00685,Menareh_masjed_saveh2.jpg,No Arch,0,train,no_arch/Menareh_masjed_saveh2.jpg
TRAIN_00686,"Isfahán,_Mezquita_del_Shah_(2000)_12.jpg",Has Arch,1,train,"has_arch/Isfahán,_Mezquita_del_Shah_(2000)_12.jpg"
TRAIN_00687,-_panoramio_-_mehrdad68_(47).jpg,No Arch,0,train,no_arch/-_panoramio_-_mehrdad68_(47).jpg
TRAIN_00688,Irnt040-Isfahan-Meczet_Piątkowy.jpg,Has Arch,1,train,has_arch/Irnt040-Isfahan-Meczet_Piątkowy.jpg
TRAIN_00689,Ardabil_Bazaar_2020-04-09_14.jpg,No Arch,0,train,no_arch/Ardabil_Bazaar_2020-04-09_14.jpg
TRAIN_00690,2222222.jpg,No Arch,0,train,no_arch/2222222.jpg
TRAIN_00691,سوره_توحید.jpg,Has Arch,1,train,has_arch/سوره_توحید.jpg
TRAIN_00692,امامزاده_علی_بن_جعفر_قم_02 (1).jpg,Has Arch,1,train,has_arch/امامزاده_علی_بن_جعفر_قم_02 (1).jpg
TRAIN_00693,Nik_Pei_Caravanserai_13970422_06.jpg,No Arch,0,train,no_arch/Nik_Pei_Caravanserai_13970422_06.jpg
TRAIN_00694,Irnj003-Kerman-bazar.jpg,Has Arch,1,train,has_arch/Irnj003-Kerman-bazar.jpg
TRAIN_00695,"Shah_Mosque,_Tehran.jpg",Has Arch,1,train,"has_arch/Shah_Mosque,_Tehran.jpg"
TRAIN_00696,پل_خشتی_لاهیجان_04.jpg,Has Arch,1,train,has_arch/پل_خشتی_لاهیجان_04.jpg
TRAIN_00697,1907566.jpg,Has Arch,1,train,has_arch/1907566.jpg
TRAIN_00698,32081-Isfahan-Iman-Square_(3444453492).jpg,No Arch,0,train,no_arch/32081-Isfahan-Iman-Square_(3444453492).jpg
TRAIN_00699,عصارخانه_شاه04.jpg,Has Arch,1,train,has_arch/عصارخانه_شاه04.jpg
TRAIN_00700,Kaboutarkhane_Meybod_by_Ghazal_kohandel_3_کبوترخانه_میبد_عکاس_غزاله_کهن_دل.jpg,Has Arch,1,train,has_arch/Kaboutarkhane_Meybod_by_Ghazal_kohandel_3_کبوترخانه_میبد_عکاس_غزاله_کهن_دل.jpg
TRAIN_00701,Winter-house-in-Bukan-Iran-by-Shoresh-Abed-CAOI---25507.jpg,No Arch,0,train,no_arch/Winter-house-in-Bukan-Iran-by-Shoresh-Abed-CAOI---25507.jpg
TRAIN_00702,15کاروانسرای_چاله_سیاه.jpg,Has Arch,1,train,has_arch/15کاروانسرای_چاله_سیاه.jpg
TRAIN_00703,امامزاده_علی_بن_جعفر_قم_03 (1).jpg,Has Arch,1,train,has_arch/امامزاده_علی_بن_جعفر_قم_03 (1).jpg
TRAIN_00704,حیاط_قاجار_خانه_حاج_حسین_آقا_ملک.jpg,No Arch,0,train,no_arch/حیاط_قاجار_خانه_حاج_حسین_آقا_ملک.jpg
TRAIN_00705,نمای_ورودی_اب_انبار_حاج_آقا_شهاب.jpg,No Arch,0,train,no_arch/نمای_ورودی_اب_انبار_حاج_آقا_شهاب.jpg
TRAIN_00706,Kheirabad_school_20170327_26.jpg,Has Arch,1,train,has_arch/Kheirabad_school_20170327_26.jpg
TRAIN_00707,"Gran_Mezquita_de_Isfahán,_Isfahán,_Irán,_2016-09-20,_DD_34-36_HDR.jpg",Has Arch,1,train,"has_arch/Gran_Mezquita_de_Isfahán,_Isfahán,_Irán,_2016-09-20,_DD_34-36_HDR.jpg"
TRAIN_00708,Do-Bar-House-in-Tehran-by-AMA-studio--0024.jpg,No Arch,0,train,no_arch/Do-Bar-House-in-Tehran-by-AMA-studio--0024.jpg
TRAIN_00709,مدرسه_جهارباغ_اصفهان-15.jpg,Has Arch,1,train,has_arch/مدرسه_جهارباغ_اصفهان-15.jpg
TRAIN_00710,Cheshmeh-Mansion-Lavasan-Amin-Ferdousi-CAOI---30434.jpg,No Arch,0,train,no_arch/Cheshmeh-Mansion-Lavasan-Amin-Ferdousi-CAOI---30434.jpg
TRAIN_00711,آب_انبار_نصراباد_53_(1600x1200).jpg,No Arch,0,train,no_arch/آب_انبار_نصراباد_53_(1600x1200).jpg
TRAIN_00712,M.qazvin25.jpg,Has Arch,1,train,has_arch/M.qazvin25.jpg
TRAIN_00713,"Ghaffari's_dome_in_Maragheh,_Iran_(گنبد_غفاریه)_(cropped).jpg",No Arch,0,train,"no_arch/Ghaffari's_dome_in_Maragheh,_Iran_(گنبد_غفاریه)_(cropped).jpg"
TRAIN_00714,"Faculty_of_Agriculture,_University_of_Tehran_-_54,_2024.jpg",No Arch,0,train,"no_arch/Faculty_of_Agriculture,_University_of_Tehran_-_54,_2024.jpg"
TRAIN_00715,___تاریخی.jpg,No Arch,0,train,no_arch/___تاریخی.jpg
TRAIN_00716,Shahrabad_Castle_(Qaleh_Now-e_Kharaqan).jpg,No Arch,0,train,no_arch/Shahrabad_Castle_(Qaleh_Now-e_Kharaqan).jpg
TRAIN_00717,04800_dome_(5227213337).jpg,Has Arch,1,train,has_arch/04800_dome_(5227213337).jpg
TRAIN_00718,کاروانسرای_وکیل_5.jpg,Has Arch,1,train,has_arch/کاروانسرای_وکیل_5.jpg
TRAIN_00719,20180316_180020Ganjali_Khan_Complex.jpg,Has Arch,1,train,has_arch/20180316_180020Ganjali_Khan_Complex.jpg
TRAIN_00720,Sardar-e_Bozorg_Ab_Anbar2020_8.jpg,No Arch,0,train,no_arch/Sardar-e_Bozorg_Ab_Anbar2020_8.jpg
TRAIN_00721,Kenargerd_Caravanserai_by_Mardetanha_(1)_26.jpg,Has Arch,1,train,has_arch/Kenargerd_Caravanserai_by_Mardetanha_(1)_26.jpg
TRAIN_00722,Mohammadie004.jpg,No Arch,0,train,no_arch/Mohammadie004.jpg
TRAIN_00723,Aria-Sanat-Industrial-Administrative-Project-Nobico-Studio---29990.jpg,No Arch,0,train,no_arch/Aria-Sanat-Industrial-Administrative-Project-Nobico-Studio---29990.jpg
TRAIN_00724,"Masjed-e_Sheikh_Loftollah_(Sheikh_Loftollah_Mosque),_Isfahan,_Iran_(1267891926).jpg",Has Arch,1,train,"has_arch/Masjed-e_Sheikh_Loftollah_(Sheikh_Loftollah_Mosque),_Isfahan,_Iran_(1267891926).jpg"
TRAIN_00725,Roofed_Bazaar_of_Nishapur_(Bazaar_e_Sarpushideh-souq)-_wooden_door_03.jpg,No Arch,0,train,no_arch/Roofed_Bazaar_of_Nishapur_(Bazaar_e_Sarpushideh-souq)-_wooden_door_03.jpg
TRAIN_00726,ایوان_مسجد_جامع_قصبه_شهر.jpg,Has Arch,1,train,has_arch/ایوان_مسجد_جامع_قصبه_شهر.jpg
TRAIN_00727,Mir_heydar_kh.jpg,No Arch,0,train,no_arch/Mir_heydar_kh.jpg
TRAIN_00728,Inbound7608159386160414330.jpg,Has Arch,1,train,has_arch/Inbound7608159386160414330.jpg
TRAIN_00729,"The_Abbasi_House_is_a_large_traditional_historical_house_located_in_Kashan,_Isfahan_Province,_Iran._خانه_عباسیان_(عباسی_ها)_در_کاشان-_ایران_10.jpg",Has Arch,1,train,"has_arch/The_Abbasi_House_is_a_large_traditional_historical_house_located_in_Kashan,_Isfahan_Province,_Iran._خانه_عباسیان_(عباسی_ها)_در_کاشان-_ایران_10.jpg"
TRAIN_00730,Nik_Pei_Caravanserai_13970422_07.jpg,Has Arch,1,train,has_arch/Nik_Pei_Caravanserai_13970422_07.jpg
TRAIN_00731,History-of-Mahabad-Central-Mosque.jpg,Has Arch,1,train,has_arch/History-of-Mahabad-Central-Mosque.jpg
TRAIN_00732,"Marmar_Palace,_Ramsar_2019-11-05_01.jpg",No Arch,0,train,"no_arch/Marmar_Palace,_Ramsar_2019-11-05_01.jpg"
TRAIN_00733,University_of_Tehran_1704.jpg,No Arch,0,train,no_arch/University_of_Tehran_1704.jpg
TRAIN_00734,(2)نقاره_خانه_و_سر_در_قیصریه_-_شربت_خانه.jpg,Has Arch,1,train,has_arch/(2)نقاره_خانه_و_سر_در_قیصریه_-_شربت_خانه.jpg
TRAIN_00735,Ganjali_Khan_Complex_13961227_05.jpg,Has Arch,1,train,has_arch/Ganjali_Khan_Complex_13961227_05.jpg
TRAIN_00736,Tabātabāei_House_18.jpg,Has Arch,1,train,has_arch/Tabātabāei_House_18.jpg
TRAIN_00737,M_D_talebzadeh_1117.jpg,No Arch,0,train,no_arch/M_D_talebzadeh_1117.jpg
TRAIN_00738,دبیرستان_امام_خمینی_همدان_-_باران_درحال_باریدن.jpg,Has Arch,1,train,has_arch/دبیرستان_امام_خمینی_همدان_-_باران_درحال_باریدن.jpg
TRAIN_00739,O-Embar_now_4_(cropped).jpg,No Arch,0,train,no_arch/O-Embar_now_4_(cropped).jpg
TRAIN_00740,Ali_Gholi_Agha_hammam33.jpg,Has Arch,1,train,has_arch/Ali_Gholi_Agha_hammam33.jpg
TRAIN_00741,کاروان_سرای_شاه_عباس.jpg,Has Arch,1,train,has_arch/کاروان_سرای_شاه_عباس.jpg
TRAIN_00742,Ganjalikhan_square_Duplicate_تصویر_اصلی.jpg,Has Arch,1,train,has_arch/Ganjalikhan_square_Duplicate_تصویر_اصلی.jpg
TRAIN_00743,خانه_زینت_الملک45.jpg,Has Arch,1,train,has_arch/خانه_زینت_الملک45.jpg
TRAIN_00744,غروب_آفتاب.jpg,Has Arch,1,train,has_arch/غروب_آفتاب.jpg
TRAIN_00745,Khaju_Bridge_Isfahan_Aarash_(7).jpg,Has Arch,1,train,has_arch/Khaju_Bridge_Isfahan_Aarash_(7).jpg
TRAIN_00746,Nik_Pei_Caravanserai_13970422_01.jpg,No Arch,0,train,no_arch/Nik_Pei_Caravanserai_13970422_01.jpg
TRAIN_00747,تیمچه_ملک_التجار.jpg,Has Arch,1,train,has_arch/تیمچه_ملک_التجار.jpg
TRAIN_00748,حیاط_هتل_نادری.jpg,No Arch,0,train,no_arch/حیاط_هتل_نادری.jpg
TRAIN_00749,کاخ_دادگستری.jpg,No Arch,0,train,no_arch/کاخ_دادگستری.jpg
TRAIN_00750,تزیینات_گچبری_محراب.jpg,Has Arch,1,train,has_arch/تزیینات_گچبری_محراب.jpg
TRAIN_00751,Iran-tehran_grand_bazar_02.jpg,Has Arch,1,train,has_arch/Iran-tehran_grand_bazar_02.jpg
TRAIN_00752,13733-1سرای_روشن_02.jpg,No Arch,0,train,no_arch/13733-1سرای_روشن_02.jpg
TRAIN_00753,"Ali_Qapu_Gate,_Qazvin_(29465362198).jpg",Has Arch,1,train,"has_arch/Ali_Qapu_Gate,_Qazvin_(29465362198).jpg"
TRAIN_00754,کلیسای_قدیمی_مهلذان.شهرخوی (1).jpg,No Arch,0,train,no_arch/کلیسای_قدیمی_مهلذان.شهرخوی (1).jpg
TRAIN_00755,صفه_مسجد_جامع_قصبه_شهر.jpg,Has Arch,1,train,has_arch/صفه_مسجد_جامع_قصبه_شهر.jpg
TRAIN_00756,Mahan_(2000)_15.jpg,Has Arch,1,train,has_arch/Mahan_(2000)_15.jpg
TRAIN_00757,Fatimah_Ma'sumah_Qom_26.jpg,Has Arch,1,train,has_arch/Fatimah_Ma'sumah_Qom_26.jpg
TRAIN_00758,Masjed_jame_yazd_(10).jpg,Has Arch,1,train,has_arch/Masjed_jame_yazd_(10).jpg
TRAIN_00759,بازار_کرمان_(11).jpg,Has Arch,1,train,has_arch/بازار_کرمان_(11).jpg
TRAIN_00760,NAAM-project-in-Tehran-FDH-studio-Facade-and-Yard---29633.jpg,No Arch,0,train,no_arch/NAAM-project-in-Tehran-FDH-studio-Facade-and-Yard---29633.jpg
TRAIN_00761,Attar_Mausoleum_295A.jpg,Has Arch,1,train,has_arch/Attar_Mausoleum_295A.jpg
TRAIN_00762,(3)نقاره_خانه_و_سر_در_قیصریه_-_شربت_خانه.jpg,Has Arch,1,train,has_arch/(3)نقاره_خانه_و_سر_در_قیصریه_-_شربت_خانه.jpg
TRAIN_00763,Detail_of_entrance_ayvan_of_Jameh_Mosque_in_Varamin.jpg,Has Arch,1,train,has_arch/Detail_of_entrance_ayvan_of_Jameh_Mosque_in_Varamin.jpg
TRAIN_00764,1397022909393137514176794_شهرک_غرب.jpg,No Arch,0,train,no_arch/1397022909393137514176794_شهرک_غرب.jpg
TRAIN_00765,"Faculty_of_Agriculture,_University_of_Tehran_-_55,_2024.jpg",No Arch,0,train,"no_arch/Faculty_of_Agriculture,_University_of_Tehran_-_55,_2024.jpg"
TRAIN_00766,Jameh_Mosque_of_Saveh_13.jpg,No Arch,0,train,no_arch/Jameh_Mosque_of_Saveh_13.jpg
TRAIN_00767,Alavian_Dome.jpg,No Arch,0,train,no_arch/Alavian_Dome.jpg
TRAIN_00768,Courtyard_iwan_Shah_Mosque_Isfahan_2014_(3).jpg,Has Arch,1,train,has_arch/Courtyard_iwan_Shah_Mosque_Isfahan_2014_(3).jpg
TRAIN_00769,2309c188_pic-(5)-min.jpg,Has Arch,1,train,has_arch/2309c188_pic-(5)-min.jpg
TRAIN_00770,Irnl203-Jazd-przy_Więzieniu_Aleksandra.jpg,No Arch,0,train,no_arch/Irnl203-Jazd-przy_Więzieniu_Aleksandra.jpg
TRAIN_00771,Dayr-e_Gachin2022-02-26_23.jpg,Has Arch,1,train,has_arch/Dayr-e_Gachin2022-02-26_23.jpg
TRAIN_00772,Ganjali_Khan_Plaza_Ravagh.jpg,Has Arch,1,train,has_arch/Ganjali_Khan_Plaza_Ravagh.jpg
TRAIN_00773,Dezful_Jame_Mosque_4_shabestan.jpg,Has Arch,1,train,has_arch/Dezful_Jame_Mosque_4_shabestan.jpg
TRAIN_00774,مسجد_قیصریه_اصفهان_روبرو.jpg,Has Arch,1,train,has_arch/مسجد_قیصریه_اصفهان_روبرو.jpg
TRAIN_00775,نمای_فضای_سبز_و_ساختمانهای_باغ_موزه_نگارستان_توسط_محمدرضا_بنانی_تصویر_۹.jpg,No Arch,0,train,no_arch/نمای_فضای_سبز_و_ساختمانهای_باغ_موزه_نگارستان_توسط_محمدرضا_بنانی_تصویر_۹.jpg
TRAIN_00776,ورودی_اصلی_حمام_نقاشی.jpg,Has Arch,1,train,has_arch/ورودی_اصلی_حمام_نقاشی.jpg
TRAIN_00777,حمام_شاه11.jpg,Has Arch,1,train,has_arch/حمام_شاه11.jpg
TRAIN_00778,پل_ایزدخواست.jpg,Has Arch,1,train,has_arch/پل_ایزدخواست.jpg
TRAIN_00779,مسجد_مصری_(20).jpg,Has Arch,1,train,has_arch/مسجد_مصری_(20).jpg
TRAIN_00780,Khan_Caravanserai0.jpg,No Arch,0,train,no_arch/Khan_Caravanserai0.jpg
TRAIN_00781,Kenargerd_Caravanserai_2019-07-10_28.jpg,Has Arch,1,train,has_arch/Kenargerd_Caravanserai_2019-07-10_28.jpg
TRAIN_00782,Doxan_karvansarası_Zəncan_202209_(11).jpg,Has Arch,1,train,has_arch/Doxan_karvansarası_Zəncan_202209_(11).jpg
TRAIN_00783,مسجد_تاريخي_سجاس٤.jpg,No Arch,0,train,no_arch/مسجد_تاريخي_سجاس٤.jpg
TRAIN_00784,Khodadad_palace_entrance.jpg,Has Arch,1,train,has_arch/Khodadad_palace_entrance.jpg
TRAIN_00785,مسجد_ملک_زوزن_درون_ایوان_چپ.jpg,Has Arch,1,train,has_arch/مسجد_ملک_زوزن_درون_ایوان_چپ.jpg
TRAIN_00786,"Fatima_Masumeh_Shrine,_Qom_09.jpg",No Arch,0,train,"no_arch/Fatima_Masumeh_Shrine,_Qom_09.jpg"
TRAIN_00787,اندرونی_عباسیان.jpg,Has Arch,1,train,has_arch/اندرونی_عباسیان.jpg
TRAIN_00788,Ettehadieh_20191027_145738.jpg,No Arch,0,train,no_arch/Ettehadieh_20191027_145738.jpg
TRAIN_00789,Interior_facade_of_Haron_Prison.jpg,Has Arch,1,train,has_arch/Interior_facade_of_Haron_Prison.jpg
TRAIN_00790,Corridor-of-crystal-seller.jpg,Has Arch,1,train,has_arch/Corridor-of-crystal-seller.jpg
TRAIN_00791,"Isfahan_Province,_راه_کاروانسرای_مرنجاب،_Iran_-_panoramio.jpg",Has Arch,1,train,"has_arch/Isfahan_Province,_راه_کاروانسرای_مرنجاب،_Iran_-_panoramio.jpg"
TRAIN_00792,Shariati_hospital_tehran.jpg,No Arch,0,train,no_arch/Shariati_hospital_tehran.jpg
TRAIN_00793,Mohammad_Abad_stony_caravanserai_2020-05-31_18.jpg,Has Arch,1,train,has_arch/Mohammad_Abad_stony_caravanserai_2020-05-31_18.jpg
TRAIN_00794,The_Shah_Mosque-Isfahan-Kashan_مسجد_شاه_یا_مسجد_امام_خمینی_در_اصفهان_06.jpg,Has Arch,1,train,has_arch/The_Shah_Mosque-Isfahan-Kashan_مسجد_شاه_یا_مسجد_امام_خمینی_در_اصفهان_06.jpg
TRAIN_00795,About-Mahabad-Central-Mosque.jpg,Has Arch,1,train,has_arch/About-Mahabad-Central-Mosque.jpg
TRAIN_00796,Qazvin_bazaar20180714_152427.jpg,Has Arch,1,train,has_arch/Qazvin_bazaar20180714_152427.jpg
TRAIN_00797,11مسجد_کبود.jpg,No Arch,0,train,no_arch/11مسجد_کبود.jpg
TRAIN_00798,Shatita_Mosque_&_Mausoleum.jpg,No Arch,0,train,no_arch/Shatita_Mosque_&_Mausoleum.jpg
TRAIN_00799,Chalabi_olgli_tompb.jpg,No Arch,0,train,no_arch/Chalabi_olgli_tompb.jpg
TRAIN_00800,Kharanaq_17.jpg,Has Arch,1,train,has_arch/Kharanaq_17.jpg
TRAIN_00801,iranian-brick-facade-7456-12.jpg,No Arch,0,train,no_arch/iranian-brick-facade-7456-12.jpg
TRAIN_00802,Dehnamak_Caravanserai_2020-01-18_06.jpg,Has Arch,1,train,has_arch/Dehnamak_Caravanserai_2020-01-18_06.jpg
TRAIN_00803,Auxiliary_vault_of_Jameh_Mosque_in_Varamin (1).jpg,Has Arch,1,train,has_arch/Auxiliary_vault_of_Jameh_Mosque_in_Varamin (1).jpg
TRAIN_00804,Kabood-gonbad25.jpg,No Arch,0,train,no_arch/Kabood-gonbad25.jpg
TRAIN_00805,"Safavid-period_bridge,_Izadkhvast_01.jpg",Has Arch,1,train,"has_arch/Safavid-period_bridge,_Izadkhvast_01.jpg"
TRAIN_00806,"Jabalieh,_Kerman,_Irán,_2016-09-22,_DD_03.jpg",No Arch,0,train,"no_arch/Jabalieh,_Kerman,_Irán,_2016-09-22,_DD_03.jpg"
TRAIN_00807,"Shah_Nematolah_Vali_Shrine,_15th_Cent,_Mahan,_Kerman_-_4-5-2013.jpg",Has Arch,1,train,"has_arch/Shah_Nematolah_Vali_Shrine,_15th_Cent,_Mahan,_Kerman_-_4-5-2013.jpg"
TRAIN_00808,Borj_toghrol.jpg,No Arch,0,train,no_arch/Borj_toghrol.jpg
TRAIN_00809,B_(13).jpg,Has Arch,1,train,has_arch/B_(13).jpg
TRAIN_00810,نائین.jpg,No Arch,0,train,no_arch/نائین.jpg
TRAIN_00811,Tajrish_Bazaar_entrance.jpg,Has Arch,1,train,has_arch/Tajrish_Bazaar_entrance.jpg
TRAIN_00812,Ispahan_pont_kahju.jpg,Has Arch,1,train,has_arch/Ispahan_pont_kahju.jpg
TRAIN_00813,Nowruz_2018_in_bazaars_and_shops_of_Sanandaj_(13961223001329636566667607175702_58107).jpg,Has Arch,1,train,has_arch/Nowruz_2018_in_bazaars_and_shops_of_Sanandaj_(13961223001329636566667607175702_58107).jpg
TRAIN_00814,Ruins_of_bazaar_from_outside.jpg,No Arch,0,train,no_arch/Ruins_of_bazaar_from_outside.jpg
TRAIN_00815,آرامگاه_میر_حیدر_آملی.jpg,No Arch,0,train,no_arch/آرامگاه_میر_حیدر_آملی.jpg
TRAIN_00816,Abdolabad_Mosque2021_11.jpg,Has Arch,1,train,has_arch/Abdolabad_Mosque2021_11.jpg
TRAIN_00817,Mohammad_Ali_Rajai_Museum.jpg,No Arch,0,train,no_arch/Mohammad_Ali_Rajai_Museum.jpg
TRAIN_00818,Gonabad_mosque.jpg,No Arch,0,train,no_arch/Gonabad_mosque.jpg
TRAIN_00819,کاروان_سرای_مادرشاه_02.jpg,Has Arch,1,train,has_arch/کاروان_سرای_مادرشاه_02.jpg
TRAIN_00820,Kenargerd_Caravanserai_2019-07-10_13.jpg,Has Arch,1,train,has_arch/Kenargerd_Caravanserai_2019-07-10_13.jpg
TRAIN_00821,خانه_زینت_الملک8.jpg,Has Arch,1,train,has_arch/خانه_زینت_الملک8.jpg
TRAIN_00822,Khajo_bridge_and_yoka.jpg,Has Arch,1,train,has_arch/Khajo_bridge_and_yoka.jpg
TRAIN_00823,Emam_zadeh_esmaiil_-_panoramio.jpg,Has Arch,1,train,has_arch/Emam_zadeh_esmaiil_-_panoramio.jpg
TRAIN_00824,پل_شیرگاه.jpg,Has Arch,1,train,has_arch/پل_شیرگاه.jpg
TRAIN_00825,Fath-Ali_Shahi_Caravanserai_03.jpg,Has Arch,1,train,has_arch/Fath-Ali_Shahi_Caravanserai_03.jpg
TRAIN_00826,بنای_داخلی_مسجد_جامع_ساوه.jpg,Has Arch,1,train,has_arch/بنای_داخلی_مسجد_جامع_ساوه.jpg
TRAIN_00827,Mosalla2-mashhad-iran.jpg,Has Arch,1,train,has_arch/Mosalla2-mashhad-iran.jpg
TRAIN_00828,بازار_صفوی_تهران.jpg,No Arch,0,train,no_arch/بازار_صفوی_تهران.jpg
TRAIN_00829,کاخ_رضاشاهی_گچسر_عکاس،_پیام_بهمنی_۱.jpg,No Arch,0,train,no_arch/کاخ_رضاشاهی_گچسر_عکاس،_پیام_بهمنی_۱.jpg
TRAIN_00830,Yazd-Amir_Chakhmaq_Mosque.jpg,No Arch,0,train,no_arch/Yazd-Amir_Chakhmaq_Mosque.jpg
TRAIN_00831,20191003_110959_HDR.jpg,No Arch,0,train,no_arch/20191003_110959_HDR.jpg
TRAIN_00832,3364808_azam-1-_18.jpg,No Arch,0,train,no_arch/3364808_azam-1-_18.jpg
TRAIN_00833,Saint_Catherine_Convent_(Isfahan).jpg,No Arch,0,train,no_arch/Saint_Catherine_Convent_(Isfahan).jpg
TRAIN_00834,Blue_mosque_H.jpg,Has Arch,1,train,has_arch/Blue_mosque_H.jpg
TRAIN_00835,Atashgah_Castle-Gehi-Isfahan-_قلعه_اتشگاه-روستای_قهی-استان_اصفهان_(cropped)_2.jpg,No Arch,0,train,no_arch/Atashgah_Castle-Gehi-Isfahan-_قلعه_اتشگاه-روستای_قهی-استان_اصفهان_(cropped)_2.jpg
TRAIN_00836,Khajehnazar_carvansaray.jpg,Has Arch,1,train,has_arch/Khajehnazar_carvansaray.jpg
TRAIN_00837,کاروانسرای_مرنجاب_I.jpg,Has Arch,1,train,has_arch/کاروانسرای_مرنجاب_I.jpg
TRAIN_00838,Alborz_DSCF3215.jpg,No Arch,0,train,no_arch/Alborz_DSCF3215.jpg
TRAIN_00839,Masjed_jame_yazd_(50).jpg,Has Arch,1,train,has_arch/Masjed_jame_yazd_(50).jpg
TRAIN_00840,The_Tomb_of_Saadi-Eight_columns.jpg,No Arch,0,train,no_arch/The_Tomb_of_Saadi-Eight_columns.jpg
TRAIN_00841,Jahan_Nama_Garden_08.jpg,No Arch,0,train,no_arch/Jahan_Nama_Garden_08.jpg
TRAIN_00842,نقش_برجسته_های_ورودی_مسجد_بایزید_بسطامی.jpg,Has Arch,1,train,has_arch/نقش_برجسته_های_ورودی_مسجد_بایزید_بسطامی.jpg
TRAIN_00843,IMG_E4061(1).jpg,Has Arch,1,train,has_arch/IMG_E4061(1).jpg
TRAIN_00844,Isfahan_(35).jpg,Has Arch,1,train,has_arch/Isfahan_(35).jpg
TRAIN_00845,31کاروانسرای_چاله_سیاه.jpg,Has Arch,1,train,has_arch/31کاروانسرای_چاله_سیاه.jpg
TRAIN_00846,The-Firouzeh-House-Arak-Markazi-Province--1--27232.jpg,No Arch,0,train,no_arch/The-Firouzeh-House-Arak-Markazi-Province--1--27232.jpg
TRAIN_00847,Jameh_Mosque_of_Bastam_2015-05-25_11.jpg,Has Arch,1,train,has_arch/Jameh_Mosque_of_Bastam_2015-05-25_11.jpg
TRAIN_00848,Bank_Maskan_Central_Branch.jpg,No Arch,0,train,no_arch/Bank_Maskan_Central_Branch.jpg
TRAIN_00849,مسجد_آمنه_گل_ندوشن_1.jpg,Has Arch,1,train,has_arch/مسجد_آمنه_گل_ندوشن_1.jpg
TRAIN_00850,"Prayers_shrine_in_Agha_Bozorg_Mosque_in_Kashan,_Iran.jpg",Has Arch,1,train,"has_arch/Prayers_shrine_in_Agha_Bozorg_Mosque_in_Kashan,_Iran.jpg"
TRAIN_00851,Atashgah_Castle-Gehi-Isfahan-_قلعه_اتشگاه-روستای_قهی-استان_اصفهان.jpg,No Arch,0,train,no_arch/Atashgah_Castle-Gehi-Isfahan-_قلعه_اتشگاه-روستای_قهی-استان_اصفهان.jpg
TRAIN_00852,Kenargerd_Caravanserai_by_Mardetanha_(1)_18.jpg,Has Arch,1,train,has_arch/Kenargerd_Caravanserai_by_Mardetanha_(1)_18.jpg
TRAIN_00853,چهار_باغ1.jpg,Has Arch,1,train,has_arch/چهار_باغ1.jpg
TRAIN_00854,20181122_135016_HDR.jpg,No Arch,0,train,no_arch/20181122_135016_HDR.jpg
TRAIN_00855,Mirza-Mohammad-e-Pedar-Boutique-Hotel-in-Yazd--Renovation----30556.jpg,No Arch,0,train,no_arch/Mirza-Mohammad-e-Pedar-Boutique-Hotel-in-Yazd--Renovation----30556.jpg
TRAIN_00856,Iran^_^Rasht-mirza_koochak_tumb.jpg,Has Arch,1,train,has_arch/Iran^_^Rasht-mirza_koochak_tumb.jpg
TRAIN_00857,IMG_463324324_Qom.jpg,Has Arch,1,train,has_arch/IMG_463324324_Qom.jpg
TRAIN_00858,مدرسه-ملا-عبـدالله7.jpg,No Arch,0,train,no_arch/مدرسه-ملا-عبـدالله7.jpg
TRAIN_00859,خانه_مجیری1.jpg,No Arch,0,train,no_arch/خانه_مجیری1.jpg
TRAIN_00860,Hakim_Mosque_2019-07-28_01.jpg,Has Arch,1,train,has_arch/Hakim_Mosque_2019-07-28_01.jpg
TRAIN_00861,Shahrzad-Villa-SeyedAbad-Village-Damavand-Kanisavaran-Office---30532.jpg,No Arch,0,train,no_arch/Shahrzad-Villa-SeyedAbad-Village-Damavand-Kanisavaran-Office---30532.jpg
TRAIN_00862,Attractions-Near-Mahabad-Central-Mosque.jpg,Has Arch,1,train,has_arch/Attractions-Near-Mahabad-Central-Mosque.jpg
TRAIN_00863,Shah_Mosque_Isfahan_Aarash_(79).jpg,Has Arch,1,train,has_arch/Shah_Mosque_Isfahan_Aarash_(79).jpg
TRAIN_00864,1_کاروانسرای_وکیل.jpg,No Arch,0,train,no_arch/1_کاروانسرای_وکیل.jpg
TRAIN_00865,1396010612502321610379894_خیابان_۳۰_تیر.jpg,Has Arch,1,train,has_arch/1396010612502321610379894_خیابان_۳۰_تیر.jpg
TRAIN_00866,Meybod_19.jpg,Has Arch,1,train,has_arch/Meybod_19.jpg
TRAIN_00867,Seh_Kohye_Castle2020_15.jpg,Has Arch,1,train,has_arch/Seh_Kohye_Castle2020_15.jpg
TRAIN_00868,Ceilings_of_Jameh_Mosque_of_Natanz_2.jpg,Has Arch,1,train,has_arch/Ceilings_of_Jameh_Mosque_of_Natanz_2.jpg
TRAIN_00869,قلعه_قديمي_در_استان_سمنان_Old_castle_in_semnan_iran_-_panoramio.jpg,Has Arch,1,train,has_arch/قلعه_قديمي_در_استان_سمنان_Old_castle_in_semnan_iran_-_panoramio.jpg
TRAIN_00870,IMG_20180308_111357_HDR.jpg,Has Arch,1,train,has_arch/IMG_20180308_111357_HDR.jpg
TRAIN_00871,Colorful_decoration_in_the_big_room.jpg,No Arch,0,train,no_arch/Colorful_decoration_in_the_big_room.jpg
TRAIN_00872,"Khodakhune_(House_of_God),_Jameh-ye_Atigh_Mosque,_Shiraz,_Iran_(1249280595).jpg",Has Arch,1,train,"has_arch/Khodakhune_(House_of_God),_Jameh-ye_Atigh_Mosque,_Shiraz,_Iran_(1249280595).jpg"
TRAIN_00873,کاروانسرای_گنجعلی_خان9.jpg,Has Arch,1,train,has_arch/کاروانسرای_گنجعلی_خان9.jpg
TRAIN_00874,پل_خشتی_لاهیجان_03.jpg,Has Arch,1,train,has_arch/پل_خشتی_لاهیجان_03.jpg
TRAIN_00875,سقف_حمام_توده_-_1.jpg,No Arch,0,train,no_arch/سقف_حمام_توده_-_1.jpg
TRAIN_00876,Madresehkhan3.jpg,Has Arch,1,train,has_arch/Madresehkhan3.jpg
TRAIN_00877,Khaju_Bridge_Isfahan_Aarash_(42).jpg,Has Arch,1,train,has_arch/Khaju_Bridge_Isfahan_Aarash_(42).jpg
TRAIN_00878,Hakim_Mosque_2019-07-28_21.jpg,No Arch,0,train,no_arch/Hakim_Mosque_2019-07-28_21.jpg
TRAIN_00879,Jāme_Mosque_of_Urmia_13960108_05.jpg,Has Arch,1,train,has_arch/Jāme_Mosque_of_Urmia_13960108_05.jpg
TRAIN_00880,Deyr_Gachin_Caravansary_by_Mardetanha_(1)_35.jpg,No Arch,0,train,no_arch/Deyr_Gachin_Caravansary_by_Mardetanha_(1)_35.jpg
TRAIN_00881,Tabriz_Bazaar_2020-01-04_04.jpg,Has Arch,1,train,has_arch/Tabriz_Bazaar_2020-01-04_04.jpg
TRAIN_00882,Payagene-Daroo-Kooshk-Design-Studio-CAOI---23828.jpg,No Arch,0,train,no_arch/Payagene-Daroo-Kooshk-Design-Studio-CAOI---23828.jpg
TRAIN_00883,سرا(سقف_هزار_رنگ)یزدی_بندی.jpg,No Arch,0,train,no_arch/سرا(سقف_هزار_رنگ)یزدی_بندی.jpg
TRAIN_00884,Brick_decoration_of_iwan.jpg,No Arch,0,train,no_arch/Brick_decoration_of_iwan.jpg
TRAIN_00885,کاخ_عالی_قاپو_اصفهان.jpg,Has Arch,1,train,has_arch/کاخ_عالی_قاپو_اصفهان.jpg
TRAIN_00886,Caravanserai_Mazinan.jpg,Has Arch,1,train,has_arch/Caravanserai_Mazinan.jpg
TRAIN_00887,Hassan_Modarres_Mausoleum2024-06-16_22_(cropped).jpg,Has Arch,1,train,has_arch/Hassan_Modarres_Mausoleum2024-06-16_22_(cropped).jpg
TRAIN_00888,Abyaneh_Darafsh_(43)_(cropped).jpg,Has Arch,1,train,has_arch/Abyaneh_Darafsh_(43)_(cropped).jpg
TRAIN_00889,Alexander's_Prison_1030363.jpg,Has Arch,1,train,has_arch/Alexander's_Prison_1030363.jpg
TRAIN_00890,قلعه_گنجعلیخان_7.jpg,No Arch,0,train,no_arch/قلعه_گنجعلیخان_7.jpg
TRAIN_00891,Bagh_Melli_Gate3.jpg,No Arch,0,train,no_arch/Bagh_Melli_Gate3.jpg
TRAIN_00892,Ganjali_Khan_Complex_13961227_01.jpg,Has Arch,1,train,has_arch/Ganjali_Khan_Complex_13961227_01.jpg
TRAIN_00893,Hamadan_Bazaar_2020-04-06_09.jpg,Has Arch,1,train,has_arch/Hamadan_Bazaar_2020-04-06_09.jpg
TRAIN_00894,Jame'_Mosque_of_Damghan_2019-04-04_04.jpg,Has Arch,1,train,has_arch/Jame'_Mosque_of_Damghan_2019-04-04_04.jpg
TRAIN_00895,"Bridge,_Iran-1.jpg",Has Arch,1,train,"has_arch/Bridge,_Iran-1.jpg"
TRAIN_00896,Masjed-e_Shah_1.jpg,Has Arch,1,train,has_arch/Masjed-e_Shah_1.jpg
TRAIN_00897,مسجد_جامع_یزد_(22).jpg,Has Arch,1,train,has_arch/مسجد_جامع_یزد_(22).jpg
TRAIN_00898,Dehnamak_Caravansary_2.jpg,Has Arch,1,train,has_arch/Dehnamak_Caravansary_2.jpg
TRAIN_00899,Al-Hamza_Mosque_-_Kashmar(Edited)_2.jpg,No Arch,0,train,no_arch/Al-Hamza_Mosque_-_Kashmar(Edited)_2.jpg
TRAIN_00900,Nima_Yushij_House2022-11-12_16.jpg,No Arch,0,train,no_arch/Nima_Yushij_House2022-11-12_16.jpg
TRAIN_00901,Kharanagh-minaret.jpg,Has Arch,1,train,has_arch/Kharanagh-minaret.jpg
TRAIN_00902,Jame'_Mosque_of_Damghan_2019-04-04_03.jpg,Has Arch,1,train,has_arch/Jame'_Mosque_of_Damghan_2019-04-04_03.jpg
TRAIN_00903,Santuario_di_Fatima_Masumeh_07.jpg,No Arch,0,train,no_arch/Santuario_di_Fatima_Masumeh_07.jpg
TRAIN_00904,Ahvaz_Moinotojar_30-2-1389_Alireza_Javaheri_161.jpg,Has Arch,1,train,has_arch/Ahvaz_Moinotojar_30-2-1389_Alireza_Javaheri_161.jpg
TRAIN_00905,Charsooq.jpg,Has Arch,1,train,has_arch/Charsooq.jpg
TRAIN_00906,"Jameh_Mosque,_Kerman_04.jpg",Has Arch,1,train,"has_arch/Jameh_Mosque,_Kerman_04.jpg"
TRAIN_00907,"Isfahán,_Mezquita_del_Shah_(2000)_07.jpg",No Arch,0,train,"no_arch/Isfahán,_Mezquita_del_Shah_(2000)_07.jpg"
TRAIN_00908,Mishijan_Historical_Citadel_3365403.jpg,No Arch,0,train,no_arch/Mishijan_Historical_Citadel_3365403.jpg
TRAIN_00909,Khajeh_Nazar_Carvansary_05.jpg,Has Arch,1,train,has_arch/Khajeh_Nazar_Carvansary_05.jpg
TRAIN_00910,Screenshot (745).png,Has Arch,1,train,has_arch/Screenshot (745).png
TRAIN_00911,Fdaneshvarbazar_tabriz.jpg,No Arch,0,train,no_arch/Fdaneshvarbazar_tabriz.jpg
TRAIN_00912,Tehran_Railway_Station_in_2018.jpg,No Arch,0,train,no_arch/Tehran_Railway_Station_in_2018.jpg
TRAIN_00913,شبستان_تاریخی_مسجد_حضرت_علی_روستای_قهرود.jpg,Has Arch,1,train,has_arch/شبستان_تاریخی_مسجد_حضرت_علی_روستای_قهرود.jpg
TRAIN_00914,"Bazaar,_Tabriz_(14475234765).jpg",Has Arch,1,train,"has_arch/Bazaar,_Tabriz_(14475234765).jpg"
TRAIN_00915,2محوطه_داخلي_سراي_معين_التجار.jpg,Has Arch,1,train,has_arch/2محوطه_داخلي_سراي_معين_التجار.jpg
TRAIN_00916,Madreseh_Khan_cut.jpg,Has Arch,1,train,has_arch/Madreseh_Khan_cut.jpg
TRAIN_00917,Khaneh-Dar-Khaneh-building-Tehran-Hamed-Hosseini-Studio---27540.jpg,No Arch,0,train,no_arch/Khaneh-Dar-Khaneh-building-Tehran-Hamed-Hosseini-Studio---27540.jpg
TRAIN_00918,Abbasian_House_02.jpg,Has Arch,1,train,has_arch/Abbasian_House_02.jpg
TRAIN_00919,Zaferaniyeh_Village_001.jpg,Has Arch,1,train,has_arch/Zaferaniyeh_Village_001.jpg
TRAIN_00920,Abdul_Samad_Isfahani_Shrine_complex_in_Natanz_(6).jpg,Has Arch,1,train,has_arch/Abdul_Samad_Isfahani_Shrine_complex_in_Natanz_(6).jpg
TRAIN_00921,بازار_کرمان_(4).jpg,No Arch,0,train,no_arch/بازار_کرمان_(4).jpg
TRAIN_00922,Isfahan-sheikhlotfollah-dalan.jpg,Has Arch,1,train,has_arch/Isfahan-sheikhlotfollah-dalan.jpg
TRAIN_00923,Nane_maryam_church2.jpg,Has Arch,1,train,has_arch/Nane_maryam_church2.jpg
TRAIN_00924,Dome_interior_of_Sarutaqi_Mosque.jpg,No Arch,0,train,no_arch/Dome_interior_of_Sarutaqi_Mosque.jpg
TRAIN_00925,Photowalk_in_Isfahan_with_photographers_by_Sevak_07.jpg,Has Arch,1,train,has_arch/Photowalk_in_Isfahan_with_photographers_by_Sevak_07.jpg
TRAIN_00926,Mohammad_Abad_stony_caravanserai_2020-05-31_11.jpg,Has Arch,1,train,has_arch/Mohammad_Abad_stony_caravanserai_2020-05-31_11.jpg
TRAIN_00927,Qazvin-qeysarieh2.jpg,Has Arch,1,train,has_arch/Qazvin-qeysarieh2.jpg
TRAIN_00928,Church_of_holy_mary_کلیسای_حضرت_مریم_1.jpg,No Arch,0,train,no_arch/Church_of_holy_mary_کلیسای_حضرت_مریم_1.jpg
TRAIN_00929,Ganjali_Khan_Caravanserai_01.jpg,Has Arch,1,train,has_arch/Ganjali_Khan_Caravanserai_01.jpg
TRAIN_00930,Windows_-_Abbāsi_House_008.jpg,No Arch,0,train,no_arch/Windows_-_Abbāsi_House_008.jpg
TRAIN_00931,Farahabad_Mosque_-_28_March_2018_04.jpg,Has Arch,1,train,has_arch/Farahabad_Mosque_-_28_March_2018_04.jpg
TRAIN_00932,97-Yazd_(16095004109).jpg,No Arch,0,train,no_arch/97-Yazd_(16095004109).jpg
TRAIN_00933,Fazeli_ha_house.jpg,No Arch,0,train,no_arch/Fazeli_ha_house.jpg
TRAIN_00934,Ali_Gholi_Agha_Hammam_13961225_17.jpg,No Arch,0,train,no_arch/Ali_Gholi_Agha_Hammam_13961225_17.jpg
TRAIN_00935,The_tomb_of_the_daughter_of_one_of_the_governors_of_Qain_city_named_Abu_Tarab._01.jpg,Has Arch,1,train,has_arch/The_tomb_of_the_daughter_of_one_of_the_governors_of_Qain_city_named_Abu_Tarab._01.jpg
TRAIN_00936,کاروانسرای_مرنجاب_II.jpg,Has Arch,1,train,has_arch/کاروانسرای_مرنجاب_II.jpg
TRAIN_00937,Pol_4_Ahvaz.jpg,No Arch,0,train,no_arch/Pol_4_Ahvaz.jpg
TRAIN_00938,1907578.jpg,Has Arch,1,train,has_arch/1907578.jpg
TRAIN_00939,Shah_Abbasi_Caravanserai_of_Bisotun2023-10-09_22.jpg,Has Arch,1,train,has_arch/Shah_Abbasi_Caravanserai_of_Bisotun2023-10-09_22.jpg
TRAIN_00940,Bazar_Tabriz_Paeiz_1398.jpg,Has Arch,1,train,has_arch/Bazar_Tabriz_Paeiz_1398.jpg
TRAIN_00941,Iran-Mazandaran-Svadkooh-Shapour_Bridge_(5592449149)2.jpg,Has Arch,1,train,has_arch/Iran-Mazandaran-Svadkooh-Shapour_Bridge_(5592449149)2.jpg
TRAIN_00942,Kolah_Farangi_Arg_(cropped).jpg,Has Arch,1,train,has_arch/Kolah_Farangi_Arg_(cropped).jpg
TRAIN_00943,Kabood-gonbad23.jpg,Has Arch,1,train,has_arch/Kabood-gonbad23.jpg
TRAIN_00944,Bahram_Palace_9.jpg,Has Arch,1,train,has_arch/Bahram_Palace_9.jpg
TRAIN_00945,Fakhriyeh_School_of_Sabzevar_02.jpg,Has Arch,1,train,has_arch/Fakhriyeh_School_of_Sabzevar_02.jpg
TRAIN_00946,طاقنماهای_بازار.jpg,Has Arch,1,train,has_arch/طاقنماهای_بازار.jpg
TRAIN_00947,Zayanderud_20190221_13.jpg,Has Arch,1,train,has_arch/Zayanderud_20190221_13.jpg
TRAIN_00948,بيمارستان_امام_رضا_(cropped).jpg,No Arch,0,train,no_arch/بيمارستان_امام_رضا_(cropped).jpg
TRAIN_00949,Bahram185.jpg,Has Arch,1,train,has_arch/Bahram185.jpg
TRAIN_00950,حمام_قدیمی_صدخرو.jpg,Has Arch,1,train,has_arch/حمام_قدیمی_صدخرو.jpg
TRAIN_00951,داخل_ارگ_سکوهه.jpg,Has Arch,1,train,has_arch/داخل_ارگ_سکوهه.jpg
TRAIN_00952,Castle_hashoon.jpg,No Arch,0,train,no_arch/Castle_hashoon.jpg
TRAIN_00953,امامزاده_کمال_(cropped).jpg,No Arch,0,train,no_arch/امامزاده_کمال_(cropped).jpg
TRAIN_00954,قلعه_گنجعلیخان_2.jpg,No Arch,0,train,no_arch/قلعه_گنجعلیخان_2.jpg
TRAIN_00955,030109-Alborz-IMG_0885-2.jpg,Has Arch,1,train,has_arch/030109-Alborz-IMG_0885-2.jpg
TRAIN_00956,Dayr-e_Gachin2022-02-26_16.jpg,Has Arch,1,train,has_arch/Dayr-e_Gachin2022-02-26_16.jpg
TRAIN_00957,The_Way_to_Redemption.jpg,Has Arch,1,train,has_arch/The_Way_to_Redemption.jpg
TRAIN_00958,Khan_Caravanserai5.jpg,No Arch,0,train,no_arch/Khan_Caravanserai5.jpg
TRAIN_00959,Qavam_House_باغ_نارنجستان_قوام_در_شیراز_27.jpg,No Arch,0,train,no_arch/Qavam_House_باغ_نارنجستان_قوام_در_شیراز_27.jpg
TRAIN_00960,Bahram_Palace_23.jpg,Has Arch,1,train,has_arch/Bahram_Palace_23.jpg
TRAIN_00961,خانه_ابوالحسن_صبا.jpg,No Arch,0,train,no_arch/خانه_ابوالحسن_صبا.jpg
TRAIN_00962,Winter-house-in-Bukan-Iran-by-Shoresh-Abed-CAOI--5494.jpg,No Arch,0,train,no_arch/Winter-house-in-Bukan-Iran-by-Shoresh-Abed-CAOI--5494.jpg
TRAIN_00963,"Haaron_o_rashid_Gaol,_Mesgar_Abad_نمایی_دیگراز_زندان_باستانی_هارون_الرشید_مسگرآباد_-_panoramio.jpg",No Arch,0,train,"no_arch/Haaron_o_rashid_Gaol,_Mesgar_Abad_نمایی_دیگراز_زندان_باستانی_هارون_الرشید_مسگرآباد_-_panoramio.jpg"
TRAIN_00964,Ali_Qapu_Palace_(6223910220).jpg,No Arch,0,train,no_arch/Ali_Qapu_Palace_(6223910220).jpg
TRAIN_00965,Do-Bar-House-in-Tehran-by-AMA-studio---30023.jpg,No Arch,0,train,no_arch/Do-Bar-House-in-Tehran-by-AMA-studio---30023.jpg
TRAIN_00966,01-1.jpg,No Arch,0,train,no_arch/01-1.jpg
TRAIN_00967,Bayazid's_Tomb-2.jpg,Has Arch,1,train,has_arch/Bayazid's_Tomb-2.jpg
TRAIN_00968,NAAM-project-in-Tehran-FDH-studio--Home-Office--9656.jpg,No Arch,0,train,no_arch/NAAM-project-in-Tehran-FDH-studio--Home-Office--9656.jpg
TRAIN_00969,بازار_کرمان_(27).jpg,Has Arch,1,train,has_arch/بازار_کرمان_(27).jpg
TRAIN_00970,DSC5713-2hd.jpg,No Arch,0,train,no_arch/DSC5713-2hd.jpg
TRAIN_00971,N3571734-6228733.jpg,Has Arch,1,train,has_arch/N3571734-6228733.jpg
TRAIN_00972,Ganjali_Khan_Complex_13961227_09.jpg,Has Arch,1,train,has_arch/Ganjali_Khan_Complex_13961227_09.jpg
TRAIN_00973,Hajib_Caravansarai2020_9.jpg,Has Arch,1,train,has_arch/Hajib_Caravansarai2020_9.jpg
TRAIN_00974,2278.PooryaJasperElaheh.KhaneTabatabei_(2190072440).jpg,No Arch,0,train,no_arch/2278.PooryaJasperElaheh.KhaneTabatabei_(2190072440).jpg
TRAIN_00975,مجموعه_گنج_علی_خان15.jpg,No Arch,0,train,no_arch/مجموعه_گنج_علی_خان15.jpg
TRAIN_00976,Irnp156-Shiraz-Małzoleum_Ali_Ibn_Hamza.jpg,No Arch,0,train,no_arch/Irnp156-Shiraz-Małzoleum_Ali_Ibn_Hamza.jpg
TRAIN_00977,Hashtpayeh_Reservoir_of_Sabzevar_01.jpg,Has Arch,1,train,has_arch/Hashtpayeh_Reservoir_of_Sabzevar_01.jpg
TRAIN_00978,Nishapur_old_train_station_B_2.jpg,No Arch,0,train,no_arch/Nishapur_old_train_station_B_2.jpg
TRAIN_00979,Imamzadeh_Abdullah_Shushtar_Darafsh_(46).jpg,No Arch,0,train,no_arch/Imamzadeh_Abdullah_Shushtar_Darafsh_(46).jpg
TRAIN_00980,Abbasid_Caravanseray_of_Nishapur_(Ribati-i-Abbasi_of_Nishapur)_-_Morning_241.jpg,No Arch,0,train,no_arch/Abbasid_Caravanseray_of_Nishapur_(Ribati-i-Abbasi_of_Nishapur)_-_Morning_241.jpg
TRAIN_00981,DSC_0150_(1600x1200).jpg,Has Arch,1,train,has_arch/DSC_0150_(1600x1200).jpg
TRAIN_00982,نقاره_خانه_و_سر_در_قیصریه_-_شربت_خانه.jpg,No Arch,0,train,no_arch/نقاره_خانه_و_سر_در_قیصریه_-_شربت_خانه.jpg
TRAIN_00983,Ardabil_Bazaar_2020-04-09_12.jpg,Has Arch,1,train,has_arch/Ardabil_Bazaar_2020-04-09_12.jpg
TRAIN_00984,Cubic-Home-Amirdasht-Mazandaran-BOL-Architects---30251.jpg,No Arch,0,train,no_arch/Cubic-Home-Amirdasht-Mazandaran-BOL-Architects---30251.jpg
TRAIN_00985,بازار_گنجعلی_خان_کرمان.jpg,Has Arch,1,train,has_arch/بازار_گنجعلی_خان_کرمان.jpg
TRAIN_00986,Chapel_of_Chupan_2016-12-10_07.jpg,No Arch,0,train,no_arch/Chapel_of_Chupan_2016-12-10_07.jpg
TRAIN_00987,Khaf-khargerd-ghyasiye_school.jpg,Has Arch,1,train,has_arch/Khaf-khargerd-ghyasiye_school.jpg
TRAIN_00988,برج_قربان_همدان-قرن_هفت_و_هشت.jpg,No Arch,0,train,no_arch/برج_قربان_همدان-قرن_هفت_و_هشت.jpg
TRAIN_00989,Tarike_bazar.jpg,Has Arch,1,train,has_arch/Tarike_bazar.jpg
TRAIN_00990,Sa'd_al-Saltaneh_2.jpg,Has Arch,1,train,has_arch/Sa'd_al-Saltaneh_2.jpg
TRAIN_00991,مسجد_حکیم_اصفهان.jpg,Has Arch,1,train,has_arch/مسجد_حکیم_اصفهان.jpg
TRAIN_00992,n00068297-b.jpg,Has Arch,1,train,has_arch/n00068297-b.jpg
TRAIN_00993,مجموعه_مارکار_(5).jpg,Has Arch,1,train,has_arch/مجموعه_مارکار_(5).jpg
TRAIN_00994,VarzanehBridge.jpg,Has Arch,1,train,has_arch/VarzanehBridge.jpg
TRAIN_00995,Screenshot (751).png,Has Arch,1,train,has_arch/Screenshot (751).png
TRAIN_00996,Shah(emam_khomeini)_mosque3.jpg,Has Arch,1,train,has_arch/Shah(emam_khomeini)_mosque3.jpg
TRAIN_00997,خانه_ظهیرالاسلام_1.jpg,Has Arch,1,train,has_arch/خانه_ظهیرالاسلام_1.jpg
TRAIN_00998,Kondor_Castle2021_3.jpg,No Arch,0,train,no_arch/Kondor_Castle2021_3.jpg
TRAIN_00999,1396120512302174213437544_سنگلج.jpg,Has Arch,1,train,has_arch/1396120512302174213437544_سنگلج.jpg
TRAIN_01000,Amir_Chakhmaq_Complex_-_Windtowers.jpg,No Arch,0,train,no_arch/Amir_Chakhmaq_Complex_-_Windtowers.jpg
TRAIN_01001,"Golden_Iwan,_constructed_ca._1519._Shrine_of_Fatima_Ma'suma,_Qum.jpg",Has Arch,1,train,"has_arch/Golden_Iwan,_constructed_ca._1519._Shrine_of_Fatima_Ma'suma,_Qum.jpg"
TRAIN_01002,iranian-office-building-design-17394647-1.jpg,No Arch,0,train,no_arch/iranian-office-building-design-17394647-1.jpg
TRAIN_01003,Iran_-_Ispahan_-_visite_Mosquée_(9262417360) (1).jpg,Has Arch,1,train,has_arch/Iran_-_Ispahan_-_visite_Mosquée_(9262417360) (1).jpg
TRAIN_01004,20170418_On_the_second_floor_of_the_bazaar_Tehran.jpg,No Arch,0,train,no_arch/20170418_On_the_second_floor_of_the_bazaar_Tehran.jpg
TRAIN_01005,National_Garden_Gate_Tehran.jpg,No Arch,0,train,no_arch/National_Garden_Gate_Tehran.jpg
TRAIN_01006,Kenargerd_Caravanserai_2019-07-10_07.jpg,Has Arch,1,train,has_arch/Kenargerd_Caravanserai_2019-07-10_07.jpg
TRAIN_01007,Sohraghe_front_view.jpg,No Arch,0,train,no_arch/Sohraghe_front_view.jpg
TRAIN_01008,Imam_Khomeini_5.jpg,No Arch,0,train,no_arch/Imam_Khomeini_5.jpg
TRAIN_01009,Jacob_Lais_Safari.jpg,Has Arch,1,train,has_arch/Jacob_Lais_Safari.jpg
TRAIN_01010,Basar_in_Tabriz.jpg,No Arch,0,train,no_arch/Basar_in_Tabriz.jpg
TRAIN_01011,Khoor_Reservoir_1_(cropped).jpg,No Arch,0,train,no_arch/Khoor_Reservoir_1_(cropped).jpg
TRAIN_01012,کاروانسرای_نزدیک_آبگرم_-_panoramio_(cropped).jpg,Has Arch,1,train,has_arch/کاروانسرای_نزدیک_آبگرم_-_panoramio_(cropped).jpg
TRAIN_01013,Mehdi_Qoli_Beyk_Hammam_2015-10-07.jpg,Has Arch,1,train,has_arch/Mehdi_Qoli_Beyk_Hammam_2015-10-07.jpg
TRAIN_01014,رباط_شرف_1.jpg,Has Arch,1,train,has_arch/رباط_شرف_1.jpg
TRAIN_01015,مدرسه_جهارباغ_اصفهان-3.jpg,Has Arch,1,train,has_arch/مدرسه_جهارباغ_اصفهان-3.jpg
TRAIN_01016,مسجد_اشترجان.jpg,No Arch,0,train,no_arch/مسجد_اشترجان.jpg
TRAIN_01017,SDC15423_karvansarai_zanjan_(13).jpg,Has Arch,1,train,has_arch/SDC15423_karvansarai_zanjan_(13).jpg
TRAIN_01018,Bagh_jahan_nama_(22).jpg,No Arch,0,train,no_arch/Bagh_jahan_nama_(22).jpg
TRAIN_01019,Kont_Castle_قلعه_کُنت.jpg,No Arch,0,train,no_arch/Kont_Castle_قلعه_کُنت.jpg
TRAIN_01020,Sadeghiyan.hamedanbazar3.jpg,Has Arch,1,train,has_arch/Sadeghiyan.hamedanbazar3.jpg
TRAIN_01021,اندرونی_بنا.jpg,Has Arch,1,train,has_arch/اندرونی_بنا.jpg
TRAIN_01022,Qasr_Museum_(Qasr_Prison)_1.png,Has Arch,1,train,has_arch/Qasr_Museum_(Qasr_Prison)_1.png
TRAIN_01023,"Faculty_of_Agriculture,_University_of_Tehran_-_58,_2024.jpg",No Arch,0,train,"no_arch/Faculty_of_Agriculture,_University_of_Tehran_-_58,_2024.jpg"
TRAIN_01024,Lotfollah-Mosque-Isfahan_مسجد_شیخ_لطف_الله_اصفهان_08.jpg,No Arch,0,train,no_arch/Lotfollah-Mosque-Isfahan_مسجد_شیخ_لطف_الله_اصفهان_08.jpg
TRAIN_01025,Sarraye_Omid6.jpg,No Arch,0,train,no_arch/Sarraye_Omid6.jpg
TRAIN_01026,Shahi_Bridge2024-10-31_5.jpg,Has Arch,1,train,has_arch/Shahi_Bridge2024-10-31_5.jpg
TRAIN_01027,20کاروانسرای_چاله_سیاه.jpg,Has Arch,1,train,has_arch/20کاروانسرای_چاله_سیاه.jpg
TRAIN_01028,Wiki_Loves_Monuments_2018_IranYazd_-_Mehriz_-_Picture_01.jpg,Has Arch,1,train,has_arch/Wiki_Loves_Monuments_2018_IranYazd_-_Mehriz_-_Picture_01.jpg
TRAIN_01029,Tomb_of_Ostad_and_Shagerd_2.jpg,No Arch,0,train,no_arch/Tomb_of_Ostad_and_Shagerd_2.jpg
TRAIN_01030,Pir_palan_dooz_2.jpg,No Arch,0,train,no_arch/Pir_palan_dooz_2.jpg
TRAIN_01031,3مسجد_شیخ_بسطامی.jpg,No Arch,0,train,no_arch/3مسجد_شیخ_بسطامی.jpg
TRAIN_01032,خانه_عباسی_ها_-کاشان-The_Abbasi_House-kashan_10.jpg,Has Arch,1,train,has_arch/خانه_عباسی_ها_-کاشان-The_Abbasi_House-kashan_10.jpg
TRAIN_01033,Screenshot (733).png,Has Arch,1,train,has_arch/Screenshot (733).png
TRAIN_01034,32کاروانسرای_چاله_سیاه.jpg,Has Arch,1,train,has_arch/32کاروانسرای_چاله_سیاه.jpg
TRAIN_01035,حوض_مرمت_شده_حمام_شاه_رکن_الدین_عکس_از_حسین_درآمد.jpg,Has Arch,1,train,has_arch/حوض_مرمت_شده_حمام_شاه_رکن_الدین_عکس_از_حسین_درآمد.jpg
TRAIN_01036,JameMosqueofSemnan.2.jpg,Has Arch,1,train,has_arch/JameMosqueofSemnan.2.jpg
TRAIN_01037,"Naqshe_Jahan,_Isfahan,_Isfahan_Province,_Iran_-_panoramio_(24).jpg",Has Arch,1,train,"has_arch/Naqshe_Jahan,_Isfahan,_Isfahan_Province,_Iran_-_panoramio_(24).jpg"
TRAIN_01038,Aria-Sanat-Industrial-Administrative-Project-Nobico-Studio---29975.jpg,No Arch,0,train,no_arch/Aria-Sanat-Industrial-Administrative-Project-Nobico-Studio---29975.jpg
TRAIN_01039,The_tomb_of_Abu_al-Mafakhir_and_the_Kanari_tomb_belong_to_the_daughter_of_one_of_the_nobles_of_the_Qajar_period_in_Iran.jpg,Has Arch,1,train,has_arch/The_tomb_of_Abu_al-Mafakhir_and_the_Kanari_tomb_belong_to_the_daughter_of_one_of_the_nobles_of_the_Qajar_period_in_Iran.jpg
TRAIN_01040,حلال_احمر_-_ساختمان_قدیم.jpg,No Arch,0,train,no_arch/حلال_احمر_-_ساختمان_قدیم.jpg
TRAIN_01041,Arg_of_Karim_Khan_(68).jpg,Has Arch,1,train,has_arch/Arg_of_Karim_Khan_(68).jpg
TRAIN_01042,Naraq_bazaar_011.jpg,Has Arch,1,train,has_arch/Naraq_bazaar_011.jpg
TRAIN_01043,N80794343-4805555.jpg,Has Arch,1,train,has_arch/N80794343-4805555.jpg
TRAIN_01044,Hakim_Mosque_2019-07-28_18.jpg,Has Arch,1,train,has_arch/Hakim_Mosque_2019-07-28_18.jpg
TRAIN_01045,11کاروانسرای_چاله_سیاه.jpg,Has Arch,1,train,has_arch/11کاروانسرای_چاله_سیاه.jpg
TRAIN_01046,DSC_8068-5.jpg,Has Arch,1,train,has_arch/DSC_8068-5.jpg
TRAIN_01047,Iran_-_Isfahan_-_Zayandehroud_&_Marnan_bridge.jpg,Has Arch,1,train,has_arch/Iran_-_Isfahan_-_Zayandehroud_&_Marnan_bridge.jpg
TRAIN_01048,Kaarv._Khaanaat_001.jpg,Has Arch,1,train,has_arch/Kaarv._Khaanaat_001.jpg
TRAIN_01049,Saint_Mary_Armenian_Church_(Tehran)_5996.jpg,No Arch,0,train,no_arch/Saint_Mary_Armenian_Church_(Tehran)_5996.jpg
TRAIN_01050,Kenargerd_Caravanserai_by_Mardetanha_(1)_43.jpg,Has Arch,1,train,has_arch/Kenargerd_Caravanserai_by_Mardetanha_(1)_43.jpg
TRAIN_01051,20110102_Kharanaq_old_city_Iran.jpg,No Arch,0,train,no_arch/20110102_Kharanaq_old_city_Iran.jpg
TRAIN_01052,10-Atigh-Square-Alireza-Okhovat-2800.jpg,Has Arch,1,train,has_arch/10-Atigh-Square-Alireza-Okhovat-2800.jpg
TRAIN_01053,کاروان_سرای_سعدالسلطنه3.jpg,Has Arch,1,train,has_arch/کاروان_سرای_سعدالسلطنه3.jpg
TRAIN_01054,Khoy_Old_Bazaar1.jpg,Has Arch,1,train,has_arch/Khoy_Old_Bazaar1.jpg
TRAIN_01055,Masjed-e_Nasir-al-Molk_(21160943895).jpg,Has Arch,1,train,has_arch/Masjed-e_Nasir-al-Molk_(21160943895).jpg
TRAIN_01056,"Rhythm,_shadow_and_light.jpg",Has Arch,1,train,"has_arch/Rhythm,_shadow_and_light.jpg"
TRAIN_01057,Shirgah_bridge_416.jpg,Has Arch,1,train,has_arch/Shirgah_bridge_416.jpg
TRAIN_01058,Iran_(3015960028).jpg,Has Arch,1,train,has_arch/Iran_(3015960028).jpg
TRAIN_01059,Ali_Qapoo_-2.jpg,No Arch,0,train,no_arch/Ali_Qapoo_-2.jpg
TRAIN_01060,Ministry_of_Foreign_Affairs_(38804782855).jpg,No Arch,0,train,no_arch/Ministry_of_Foreign_Affairs_(38804782855).jpg
TRAIN_01061,ShahidMohammadi-Hospital-1.jpg,No Arch,0,train,no_arch/ShahidMohammadi-Hospital-1.jpg
TRAIN_01062,Farasfaj_caravanserai_20190507_03.jpg,Has Arch,1,train,has_arch/Farasfaj_caravanserai_20190507_03.jpg
TRAIN_01063,کاروانسرای_شاه_عباسی_روستای_عباس_آباد_شاهرود.jpg,Has Arch,1,train,has_arch/کاروانسرای_شاه_عباسی_روستای_عباس_آباد_شاهرود.jpg
TRAIN_01064,The_Grand_Teemcheh.jpg,Has Arch,1,train,has_arch/The_Grand_Teemcheh.jpg
TRAIN_01065,آینه_(5).jpg,No Arch,0,train,no_arch/آینه_(5).jpg
TRAIN_01066,Şeyx_Məhəmməd_Xiyabani_evi_202209_(1).jpg,No Arch,0,train,no_arch/Şeyx_Məhəmməd_Xiyabani_evi_202209_(1).jpg
TRAIN_01067,Bazar_tabriz2.jpg,Has Arch,1,train,has_arch/Bazar_tabriz2.jpg
TRAIN_01068,Moshir_Bridge_(Dalaki)_Borazjan_Iran.jpg,Has Arch,1,train,has_arch/Moshir_Bridge_(Dalaki)_Borazjan_Iran.jpg
TRAIN_01069,Mehrabad_radar_control.jpg,No Arch,0,train,no_arch/Mehrabad_radar_control.jpg
TRAIN_01070,حمام_عمومی_فومن.jpg,No Arch,0,train,no_arch/حمام_عمومی_فومن.jpg
TRAIN_01071,Colours_in_architectures.jpg,Has Arch,1,train,has_arch/Colours_in_architectures.jpg
TRAIN_01072,Hemmat_Mosque_01.jpg,No Arch,0,train,no_arch/Hemmat_Mosque_01.jpg
TRAIN_01073,NAAM-project-in-Tehran-FDH-studio-Facade-and-Yard--9632.jpg,No Arch,0,train,no_arch/NAAM-project-in-Tehran-FDH-studio-Facade-and-Yard--9632.jpg
TRAIN_01074,A1_(20).jpg,Has Arch,1,train,has_arch/A1_(20).jpg
TRAIN_01075,Gonbadkabod5.jpg,No Arch,0,train,no_arch/Gonbadkabod5.jpg
TRAIN_01076,برج_و_دروازه_های_ندوشن_1.jpg,No Arch,0,train,no_arch/برج_و_دروازه_های_ندوشن_1.jpg
TRAIN_01077,32242-Isfahan-Chehel-Sotoon-Museum_(3446495598).jpg,Has Arch,1,train,has_arch/32242-Isfahan-Chehel-Sotoon-Museum_(3446495598).jpg
TRAIN_01078,درب_ورودی_حیاط_امامزاده.jpg,Has Arch,1,train,has_arch/درب_ورودی_حیاط_امامزاده.jpg
TRAIN_01079,Head_on_ghorkhane2.jpg,No Arch,0,train,no_arch/Head_on_ghorkhane2.jpg
TRAIN_01080,1399010615495385919987144_تعطیلی_اماکن_گردشگری_و_تاریخی_مشهد_به_دلیل_پیشگیری_از_شیوع_کرونا.jpg,No Arch,0,train,no_arch/1399010615495385919987144_تعطیلی_اماکن_گردشگری_و_تاریخی_مشهد_به_دلیل_پیشگیری_از_شیوع_کرونا.jpg
TRAIN_01081,-Look-Out-Coffee-shop-Mashhad-Jalal-Mashhadi-Fard-Design-Studio---29793.jpg,No Arch,0,train,no_arch/-Look-Out-Coffee-shop-Mashhad-Jalal-Mashhadi-Fard-Design-Studio---29793.jpg
TRAIN_01082,Arg_of_Tabriz2021_2.jpg,Has Arch,1,train,has_arch/Arg_of_Tabriz2021_2.jpg
TRAIN_01083,Deyr_e_Gachin.jpg,Has Arch,1,train,has_arch/Deyr_e_Gachin.jpg
TRAIN_01084,Agha_khan_Liravi_Castle_20170330_30.jpg,Has Arch,1,train,has_arch/Agha_khan_Liravi_Castle_20170330_30.jpg
TRAIN_01085,Sangdeh-villa-Mazandaran-AsNow-Design-and-Construct--7440.jpg,No Arch,0,train,no_arch/Sangdeh-villa-Mazandaran-AsNow-Design-and-Construct--7440.jpg
TRAIN_01086,Fadhl_ibn_Shazan_dorm_-door.jpg,No Arch,0,train,no_arch/Fadhl_ibn_Shazan_dorm_-door.jpg
TRAIN_01087,بازار_کرمان_(12).jpg,No Arch,0,train,no_arch/بازار_کرمان_(12).jpg
TRAIN_01088,Hakim_Mosque_2019-07-28_17.jpg,Has Arch,1,train,has_arch/Hakim_Mosque_2019-07-28_17.jpg
TRAIN_01089,Nasir_Al-Molk_(27781118420).jpg,Has Arch,1,train,has_arch/Nasir_Al-Molk_(27781118420).jpg
TRAIN_01090,Door_at_Jameh_Mosque_in_Natanz.jpg,No Arch,0,train,no_arch/Door_at_Jameh_Mosque_in_Natanz.jpg
TRAIN_01091,Hakim_Mosque_2019-07-28_23.jpg,Has Arch,1,train,has_arch/Hakim_Mosque_2019-07-28_23.jpg
TRAIN_01092,کاروانسرای_کوهاب_نطنز.jpg,Has Arch,1,train,has_arch/کاروانسرای_کوهاب_نطنز.jpg
TRAIN_01093,Molla_Hassan_Kashi_Mausoleum_13961025_17.jpg,Has Arch,1,train,has_arch/Molla_Hassan_Kashi_Mausoleum_13961025_17.jpg
TRAIN_01094,Shah_firooz2.jpg,Has Arch,1,train,has_arch/Shah_firooz2.jpg
TRAIN_01095,Assar-khane4.jpg,Has Arch,1,train,has_arch/Assar-khane4.jpg
TRAIN_01096,Rashtkhar_great_mosque (1).jpg,Has Arch,1,train,has_arch/Rashtkhar_great_mosque (1).jpg
TRAIN_01097,Shah_Abbasi_Caravanserai_of_Bisotun2015-05-21_14.jpg,Has Arch,1,train,has_arch/Shah_Abbasi_Caravanserai_of_Bisotun2015-05-21_14.jpg
TRAIN_01098,نمای_کوشک.jpg,Has Arch,1,train,has_arch/نمای_کوشک.jpg
TRAIN_01099,1907590.jpg,Has Arch,1,train,has_arch/1907590.jpg
TRAIN_01100,Marnan_Bridge_in_golden_time.jpg,Has Arch,1,train,has_arch/Marnan_Bridge_in_golden_time.jpg
TRAIN_01101,1907583.jpg,No Arch,0,train,no_arch/1907583.jpg
TRAIN_01102,ایران-خراسان_رضوی_-_نیشابور_قلعه_ی_تاریخی_لک_لک_آشیان_-_بافت_و_ساختار_ضلع_شمالی_درونی_قلعه-4.jpg,No Arch,0,train,no_arch/ایران-خراسان_رضوی_-_نیشابور_قلعه_ی_تاریخی_لک_لک_آشیان_-_بافت_و_ساختار_ضلع_شمالی_درونی_قلعه-4.jpg
TRAIN_01103,خانه_رهاوی.jpg,No Arch,0,train,no_arch/خانه_رهاوی.jpg
TRAIN_01104,Mosquée_du_Cheikh_Lotfollah_(30247395532).jpg,Has Arch,1,train,has_arch/Mosquée_du_Cheikh_Lotfollah_(30247395532).jpg
TRAIN_01105,AMINI_12.jpg,No Arch,0,train,no_arch/AMINI_12.jpg
TRAIN_01106,Ardabil_Bazaar_2020-04-09_23.jpg,Has Arch,1,train,has_arch/Ardabil_Bazaar_2020-04-09_23.jpg
TRAIN_01107,Golpayegan_Jame_mosque_344.jpg,Has Arch,1,train,has_arch/Golpayegan_Jame_mosque_344.jpg
TRAIN_01108,مسجد_زیرده7.jpg,No Arch,0,train,no_arch/مسجد_زیرده7.jpg
TRAIN_01109,آرامگاه_خواجه_ربیع_(10).jpg,Has Arch,1,train,has_arch/آرامگاه_خواجه_ربیع_(10).jpg
TRAIN_01110,آب_انبار_رباط_عمرانی.jpg,No Arch,0,train,no_arch/آب_انبار_رباط_عمرانی.jpg
TRAIN_01111,Zangian_Ab_Anbar.jpg,No Arch,0,train,no_arch/Zangian_Ab_Anbar.jpg
TRAIN_01112,Ganjali_Khan_Iwan.jpg,Has Arch,1,train,has_arch/Ganjali_Khan_Iwan.jpg
TRAIN_01113,Amingholamali_Old_Tehran.jpg,No Arch,0,train,no_arch/Amingholamali_Old_Tehran.jpg
TRAIN_01114,Miandasht_Caravanserai2023-07-31_31.jpg,No Arch,0,train,no_arch/Miandasht_Caravanserai2023-07-31_31.jpg
TRAIN_01115,Khan_Caravanserai8.jpg,No Arch,0,train,no_arch/Khan_Caravanserai8.jpg
TRAIN_01116,"Musée_de_la_Bank_Melli_Iran,_Téhéran_(4).jpg",No Arch,0,train,"no_arch/Musée_de_la_Bank_Melli_Iran,_Téhéran_(4).jpg"
TRAIN_01117,Giv_Building.1.jpg,No Arch,0,train,no_arch/Giv_Building.1.jpg
TRAIN_01118,Imamzadeh_Hohammad_Abed.jpg,Has Arch,1,train,has_arch/Imamzadeh_Hohammad_Abed.jpg
TRAIN_01119,Azerbaijan_Museum.jpg,No Arch,0,train,no_arch/Azerbaijan_Museum.jpg
TRAIN_01120,Facing.jpg,Has Arch,1,train,has_arch/Facing.jpg
TRAIN_01121,Bath_kordasht1.jpg,Has Arch,1,train,has_arch/Bath_kordasht1.jpg
TRAIN_01122,Winter-house-in-Bukan-Iran-by-Shoresh-Abed-CAOI---25496.jpg,No Arch,0,train,no_arch/Winter-house-in-Bukan-Iran-by-Shoresh-Abed-CAOI---25496.jpg
TRAIN_01123,Jameh_Mosque_of_Varamin_20190514_18.jpg,Has Arch,1,train,has_arch/Jameh_Mosque_of_Varamin_20190514_18.jpg
TRAIN_01124,20181026_195752_HDR_Film1.jpg,Has Arch,1,train,has_arch/20181026_195752_HDR_Film1.jpg
TRAIN_01125,Khajoupol.jpg,Has Arch,1,train,has_arch/Khajoupol.jpg
TRAIN_01126,حوض_داخل_گرمابه_پهنه_سمنان.jpg,Has Arch,1,train,has_arch/حوض_داخل_گرمابه_پهنه_سمنان.jpg
TRAIN_01127,"Shrine_Complex_of_Sheikh_'Abd_al-Samad,_Natanz_01.jpg",No Arch,0,train,"no_arch/Shrine_Complex_of_Sheikh_'Abd_al-Samad,_Natanz_01.jpg"
TRAIN_01128,تصویر_از_نمای_بیرون_آب_انبار_حاج_آقا_رضا_جهرم.jpg,No Arch,0,train,no_arch/تصویر_از_نمای_بیرون_آب_انبار_حاج_آقا_رضا_جهرم.jpg
TRAIN_01129,IranYazdAmirChakmakMoschee3.jpg,Has Arch,1,train,has_arch/IranYazdAmirChakmakMoschee3.jpg
TRAIN_01130,Khadju_Bridge._Isfahan_2.jpg,Has Arch,1,train,has_arch/Khadju_Bridge._Isfahan_2.jpg
TRAIN_01131,IrIsfahanChaharbaghMadrasa2.jpg,No Arch,0,train,no_arch/IrIsfahanChaharbaghMadrasa2.jpg
TRAIN_01132,slide7.jpg,Has Arch,1,train,has_arch/slide7.jpg
TRAIN_01133,Neyestanak_Caravanserai_Inner_Courtyard_2007-01-01.jpg,Has Arch,1,train,has_arch/Neyestanak_Caravanserai_Inner_Courtyard_2007-01-01.jpg
TRAIN_01134,Aramgahe_seyyed_tajeddin.jpg,No Arch,0,train,no_arch/Aramgahe_seyyed_tajeddin.jpg
TRAIN_01135,مسجد_جامع_ساوه.jpg,No Arch,0,train,no_arch/مسجد_جامع_ساوه.jpg
TRAIN_01136,Chubi_Bridge_(9214643737).jpg,Has Arch,1,train,has_arch/Chubi_Bridge_(9214643737).jpg
TRAIN_01137,Miandasht_Caravanserai2023-07-31_22.jpg,No Arch,0,train,no_arch/Miandasht_Caravanserai2023-07-31_22.jpg
TRAIN_01138,Abbasid_Caravanseray_of_Nishapur_(Ribati-i-Abbasi_of_Nishapur)_-_Morning_247.jpg,Has Arch,1,train,has_arch/Abbasid_Caravanseray_of_Nishapur_(Ribati-i-Abbasi_of_Nishapur)_-_Morning_247.jpg
TRAIN_01139,City-Theater-of-Qazvin-CAOI---30116.jpg,No Arch,0,train,no_arch/City-Theater-of-Qazvin-CAOI---30116.jpg
TRAIN_01140,ترنه.jpg,No Arch,0,train,no_arch/ترنه.jpg
TRAIN_01141,Baqeri01.jpg,No Arch,0,train,no_arch/Baqeri01.jpg
TRAIN_01142,Farah_Abad_Mosque_Entrance.jpg,Has Arch,1,train,has_arch/Farah_Abad_Mosque_Entrance.jpg
TRAIN_01143,Arak_Bazaar2023-01-21_20.jpg,No Arch,0,train,no_arch/Arak_Bazaar2023-01-21_20.jpg
TRAIN_01144,Mir_heydar_kh2.jpg,No Arch,0,train,no_arch/Mir_heydar_kh2.jpg
TRAIN_01145,Ali_Qapu_isfahan_عمارت_عالی_قاپو_در_اصفهان_01.jpg,Has Arch,1,train,has_arch/Ali_Qapu_isfahan_عمارت_عالی_قاپو_در_اصفهان_01.jpg
TRAIN_01146,Cantor_church.jpg,No Arch,0,train,no_arch/Cantor_church.jpg
TRAIN_01147,MaranjAb_02.jpg,Has Arch,1,train,has_arch/MaranjAb_02.jpg
TRAIN_01148,"Iran_-_Ispahan_-_Intérieur_Mosquée_-_mosque_inside,_prayer._Isfahan_(9262416712).jpg",Has Arch,1,train,"has_arch/Iran_-_Ispahan_-_Intérieur_Mosquée_-_mosque_inside,_prayer._Isfahan_(9262416712).jpg"
TRAIN_01149,Abdul_Samad_Isfahani_Shrine_complex_in_Natanz_(5).jpg,Has Arch,1,train,has_arch/Abdul_Samad_Isfahani_Shrine_complex_in_Natanz_(5).jpg
TRAIN_01150,IMG_9.156_(1600x1200).jpg,No Arch,0,train,no_arch/IMG_9.156_(1600x1200).jpg
TRAIN_01151,DSC_0113_(1600x1200).jpg,Has Arch,1,train,has_arch/DSC_0113_(1600x1200).jpg
TRAIN_01152,The_Iranian_post_office_building_10.jpg,No Arch,0,train,no_arch/The_Iranian_post_office_building_10.jpg
TRAIN_01153,Mohsen-salari_(13).jpg,Has Arch,1,train,has_arch/Mohsen-salari_(13).jpg
TRAIN_01154,"Caravanserai_Zein-o-din,_Yazd,_Iran_(1258989918).jpg",Has Arch,1,train,"has_arch/Caravanserai_Zein-o-din,_Yazd,_Iran_(1258989918).jpg"
TRAIN_01155,Kakh_Dadgostari_9826.jpg,No Arch,0,train,no_arch/Kakh_Dadgostari_9826.jpg
TRAIN_01156,Haftshooyeh_Jame_mosque-Negin_Mohamadi_Fard-_04.jpg,Has Arch,1,train,has_arch/Haftshooyeh_Jame_mosque-Negin_Mohamadi_Fard-_04.jpg
TRAIN_01157,IMAG2522.jpg,Has Arch,1,train,has_arch/IMAG2522.jpg
TRAIN_01158,Ghargharabad_Ab_Anbar_2.jpg,Has Arch,1,train,has_arch/Ghargharabad_Ab_Anbar_2.jpg
TRAIN_01159,Historický_bazar_v_Tabrízu_(UNESCO)_-_panoramio.jpg,Has Arch,1,train,has_arch/Historický_bazar_v_Tabrízu_(UNESCO)_-_panoramio.jpg
TRAIN_01160,پل_شهری_چای.jpg,Has Arch,1,train,has_arch/پل_شهری_چای.jpg
TRAIN_01161,"KarvanSaraye_Shah_Abbasi,_Maranjab_02.jpg",Has Arch,1,train,"has_arch/KarvanSaraye_Shah_Abbasi,_Maranjab_02.jpg"
TRAIN_01162,بازار_تهران_I.jpg,Has Arch,1,train,has_arch/بازار_تهران_I.jpg
TRAIN_01163,طراحی_داخلی_و_نورپردازی_در_اکونوموزه_بانوحیاتی1.jpg,No Arch,0,train,no_arch/طراحی_داخلی_و_نورپردازی_در_اکونوموزه_بانوحیاتی1.jpg
TRAIN_01164,هزار_خال_کجور.jpg,No Arch,0,train,no_arch/هزار_خال_کجور.jpg
TRAIN_01165,Narenjestan_e_Ghavam_(18867451756).jpg,No Arch,0,train,no_arch/Narenjestan_e_Ghavam_(18867451756).jpg
TRAIN_01166,طاق_ورودی_آب_انبار.jpg,Has Arch,1,train,has_arch/طاق_ورودی_آب_انبار.jpg
TRAIN_01167,Alborz_Highschool_2016-2.jpg,No Arch,0,train,no_arch/Alborz_Highschool_2016-2.jpg
TRAIN_01168,Amir_Timche2.jpg,Has Arch,1,train,has_arch/Amir_Timche2.jpg
TRAIN_01169,برج_رادکان.jpg,No Arch,0,train,no_arch/برج_رادکان.jpg
TRAIN_01170,کلیسای_گریگوری_استپان_مریم.jpg,Has Arch,1,train,has_arch/کلیسای_گریگوری_استپان_مریم.jpg
TRAIN_01171,Yazd2024-03-19_27.jpg,No Arch,0,train,no_arch/Yazd2024-03-19_27.jpg
TRAIN_01172,Ali_Qapoo_-1.jpg,No Arch,0,train,no_arch/Ali_Qapoo_-1.jpg
TRAIN_01173,Varamin_mosque._courtyard_and_dome (1).jpg,Has Arch,1,train,has_arch/Varamin_mosque._courtyard_and_dome (1).jpg
TRAIN_01174,Veresk_Bridge_(Mazandaran).jpg,Has Arch,1,train,has_arch/Veresk_Bridge_(Mazandaran).jpg
TRAIN_01175,مسجد_ملک_کرمان_۲۴.jpg,Has Arch,1,train,has_arch/مسجد_ملک_کرمان_۲۴.jpg
TRAIN_01176,Arak_Bazaar_2020-01-04_06.jpg,Has Arch,1,train,has_arch/Arak_Bazaar_2020-01-04_06.jpg
TRAIN_01177,Borjekahno.jpg,No Arch,0,train,no_arch/Borjekahno.jpg
TRAIN_01178,NASIR_AL-MULK.jpg,Has Arch,1,train,has_arch/NASIR_AL-MULK.jpg
TRAIN_01179,Fazeli_house_32.jpg,No Arch,0,train,no_arch/Fazeli_house_32.jpg
TRAIN_01180,جنس_نمای_ساختمان_حلال_احمر.jpg,No Arch,0,train,no_arch/جنس_نمای_ساختمان_حلال_احمر.jpg
TRAIN_01181,Borujerd-ImamzadehJafar-1396-4-by-S-Asadi.jpg,No Arch,0,train,no_arch/Borujerd-ImamzadehJafar-1396-4-by-S-Asadi.jpg
TRAIN_01182,"Eram_Garden8,_Ghavam_House,_Narenjestan_Museum,_built_1886_-_Shiraz_-_4-7-2013.jpg",No Arch,0,train,"no_arch/Eram_Garden8,_Ghavam_House,_Narenjestan_Museum,_built_1886_-_Shiraz_-_4-7-2013.jpg"
TRAIN_01183,Kenargerd_Caravanserai_by_Mardetanha_(1)_12.jpg,Has Arch,1,train,has_arch/Kenargerd_Caravanserai_by_Mardetanha_(1)_12.jpg
TRAIN_01184,Golestan_Palace_Album_No._142-24.jpg,Has Arch,1,train,has_arch/Golestan_Palace_Album_No._142-24.jpg
TRAIN_01185,Pirahmadzahrnoosh4.jpg,No Arch,0,train,no_arch/Pirahmadzahrnoosh4.jpg
TRAIN_01186,Dehnamak_Caravanserai_20190618_13.jpg,Has Arch,1,train,has_arch/Dehnamak_Caravanserai_20190618_13.jpg
TRAIN_01187,آرامگاه_عطار_نیشابوری.jpg,Has Arch,1,train,has_arch/آرامگاه_عطار_نیشابوری.jpg
TRAIN_01188,کاروانسركنارگرد_Karvansr_knargrd_-_panoramio_(3).jpg,Has Arch,1,train,has_arch/کاروانسركنارگرد_Karvansr_knargrd_-_panoramio_(3).jpg
TRAIN_01189,سرای_معین_التجار2.jpg,Has Arch,1,train,has_arch/سرای_معین_التجار2.jpg
TRAIN_01190,Nasir_al-mulk (1).jpg,Has Arch,1,train,has_arch/Nasir_al-mulk (1).jpg
TRAIN_01191,آرامگاه_پیر_علمدار_و_منار_مسجد_جامع_دامغان_در_یک_قاب.jpg,No Arch,0,train,no_arch/آرامگاه_پیر_علمدار_و_منار_مسجد_جامع_دامغان_در_یک_قاب.jpg
TRAIN_01192,Roknabad_Ab_Anbar2025-02-14.jpg,Has Arch,1,train,has_arch/Roknabad_Ab_Anbar2025-02-14.jpg
TRAIN_01193,حمام_قجری.jpg,No Arch,0,train,no_arch/حمام_قجری.jpg
TRAIN_01194,Arak_Bazaar2023-01-21_12.jpg,Has Arch,1,train,has_arch/Arak_Bazaar2023-01-21_12.jpg
TRAIN_01195,"Tehran,_Iran_(53763158441).jpg",No Arch,0,train,"no_arch/Tehran,_Iran_(53763158441).jpg"
TRAIN_01196,Kakhe_Shahrbani_3.jpg,No Arch,0,train,no_arch/Kakhe_Shahrbani_3.jpg
TRAIN_01197,Abbasid_Caravanseray_of_Nishapur_(Ribati-i-Abbasi_of_Nishapur)_-_Morning_036.jpg,No Arch,0,train,no_arch/Abbasid_Caravanseray_of_Nishapur_(Ribati-i-Abbasi_of_Nishapur)_-_Morning_036.jpg
TRAIN_01198,Khane_fazel_araghi_1.jpg,No Arch,0,train,no_arch/Khane_fazel_araghi_1.jpg
TRAIN_01199,Posterior_yard.jpg,No Arch,0,train,no_arch/Posterior_yard.jpg
TRAIN_01200,تصویر_پاناروما_از_کاروانسرای_ابوزیدآباد.jpg,Has Arch,1,train,has_arch/تصویر_پاناروما_از_کاروانسرای_ابوزیدآباد.jpg
TRAIN_01201,Hakim_Mosque_2019-07-28_22.jpg,Has Arch,1,train,has_arch/Hakim_Mosque_2019-07-28_22.jpg
TRAIN_01202,ZinatolMolok.jpg,No Arch,0,train,no_arch/ZinatolMolok.jpg
TRAIN_01203,کاخ_شاه_نازدشت_10.jpg,No Arch,0,train,no_arch/کاخ_شاه_نازدشت_10.jpg
TRAIN_01204,Ale_Yassin_house_102.jpg,Has Arch,1,train,has_arch/Ale_Yassin_house_102.jpg
TRAIN_01205,Jameh_Mosque_of_Pachian_Qom_Province_Iran_Country_Mostafa_Meraji_2007_02.jpg,Has Arch,1,train,has_arch/Jameh_Mosque_of_Pachian_Qom_Province_Iran_Country_Mostafa_Meraji_2007_02.jpg
TRAIN_01206,ساختمان_روزنامه_اطلاعات_18.jpg,No Arch,0,train,no_arch/ساختمان_روزنامه_اطلاعات_18.jpg
TRAIN_01207,Iran_0182_(3471981260).jpg,Has Arch,1,train,has_arch/Iran_0182_(3471981260).jpg
TRAIN_01208,"National_Garden,_Tehran_05.jpg",No Arch,0,train,"no_arch/National_Garden,_Tehran_05.jpg"
TRAIN_01209,Meybod_Caravanserai2023-03-23_2.jpg,No Arch,0,train,no_arch/Meybod_Caravanserai2023-03-23_2.jpg
TRAIN_01210,Photowalk_in_Isfahan_with_photographers_by_Mardetanha_0130_(228)2019_07_06_2019_64.jpg,Has Arch,1,train,has_arch/Photowalk_in_Isfahan_with_photographers_by_Mardetanha_0130_(228)2019_07_06_2019_64.jpg
TRAIN_01211,Mosalla5-mashhad-iran.jpg,Has Arch,1,train,has_arch/Mosalla5-mashhad-iran.jpg
TRAIN_01212,مسجدشاه_2.jpg,Has Arch,1,train,has_arch/مسجدشاه_2.jpg
TRAIN_01213,کاروانسرای_کنارگرد_2.jpg,Has Arch,1,train,has_arch/کاروانسرای_کنارگرد_2.jpg
TRAIN_01214,Imamzadeh_Ghasem_Qasem_IRAN.jpg,No Arch,0,train,no_arch/Imamzadeh_Ghasem_Qasem_IRAN.jpg
TRAIN_01215,018کلیسای_مهلذان.خوی.jpg,No Arch,0,train,no_arch/018کلیسای_مهلذان.خوی.jpg
TRAIN_01216,Jama_Masjid_Isfahan_Aarash_(68).jpg,No Arch,0,train,no_arch/Jama_Masjid_Isfahan_Aarash_(68).jpg
TRAIN_01217,Kharanagh_caravansary_01.jpg,Has Arch,1,train,has_arch/Kharanagh_caravansary_01.jpg
TRAIN_01218,1907577.jpg,Has Arch,1,train,has_arch/1907577.jpg
TRAIN_01219,EbneAbbas-Mosque-BandarLengeh.jpg,Has Arch,1,train,has_arch/EbneAbbas-Mosque-BandarLengeh.jpg
TRAIN_01220,آرامگاه_امامزادگان_محسن،_صالح_و_علی،_نوشهر،_روستای_پول،_نمای_پشت.jpg,No Arch,0,train,no_arch/آرامگاه_امامزادگان_محسن،_صالح_و_علی،_نوشهر،_روستای_پول،_نمای_پشت.jpg
TRAIN_01221,Jameh_Mosque_of_Yazd2024-06-09_19.jpg,Has Arch,1,train,has_arch/Jameh_Mosque_of_Yazd2024-06-09_19.jpg
TRAIN_01222,اصفهان_05_copy.jpg,Has Arch,1,train,has_arch/اصفهان_05_copy.jpg
TRAIN_01223,Tabasi_Ribat_202_(cropped)_2.jpg,Has Arch,1,train,has_arch/Tabasi_Ribat_202_(cropped)_2.jpg
TRAIN_01224,1مقرنس_کاری_عالی_قاپو.jpg,No Arch,0,train,no_arch/1مقرنس_کاری_عالی_قاپو.jpg
TRAIN_01225,20190605_115323Shah_Mosq.jpg,Has Arch,1,train,has_arch/20190605_115323Shah_Mosq.jpg
TRAIN_01226,Chapel_of_Chupan_Jolfa_iran05.jpg,No Arch,0,train,no_arch/Chapel_of_Chupan_Jolfa_iran05.jpg
TRAIN_01227,حیاط_مسجد_جامع_زواره.jpg,Has Arch,1,train,has_arch/حیاط_مسجد_جامع_زواره.jpg
TRAIN_01228,"Isfahán,_Mezquita_del_Shah_(2000)_11.jpg",Has Arch,1,train,"has_arch/Isfahán,_Mezquita_del_Shah_(2000)_11.jpg"
TRAIN_01229,Ancient_architects_with_bridge_roads_2.jpg,Has Arch,1,train,has_arch/Ancient_architects_with_bridge_roads_2.jpg
TRAIN_01230,Meybod_Caravanserai2023-03-23_11.jpg,Has Arch,1,train,has_arch/Meybod_Caravanserai2023-03-23_11.jpg
TRAIN_01231,1399010915322127920008004_تعطیلی_اماکن_گردشگری_شیراز_در_پی_شیوع_بیماری_کرونا.jpg,Has Arch,1,train,has_arch/1399010915322127920008004_تعطیلی_اماکن_گردشگری_شیراز_در_پی_شیوع_بیماری_کرونا.jpg
TRAIN_01232,A_lady_in_Sheikh_Lotfollah_Mosque.jpg,Has Arch,1,train,has_arch/A_lady_in_Sheikh_Lotfollah_Mosque.jpg
TRAIN_01233,Isfahan_Royal_Mosque_dome.jpg,No Arch,0,train,no_arch/Isfahan_Royal_Mosque_dome.jpg
TRAIN_01234,Mishijan_Historical_Citadel_3365412.jpg,No Arch,0,train,no_arch/Mishijan_Historical_Citadel_3365412.jpg
TRAIN_01235,40_Akhtaran.jpg,No Arch,0,train,no_arch/40_Akhtaran.jpg
TRAIN_01236,آب_انبار_کازرونی-شانسه9069.jpg,Has Arch,1,train,has_arch/آب_انبار_کازرونی-شانسه9069.jpg
TRAIN_01237,بقعه_میرمحمد-نمای_ترکیبی_دور.jpg,No Arch,0,train,no_arch/بقعه_میرمحمد-نمای_ترکیبی_دور.jpg
TRAIN_01238,اتاق_خصوصی_حاج_حسین_آقا_ملک_معروف_به_اتاق_مخمل.jpg,No Arch,0,train,no_arch/اتاق_خصوصی_حاج_حسین_آقا_ملک_معروف_به_اتاق_مخمل.jpg
TRAIN_01239,6410.ArgEKarimKhani_(1497728145).jpg,No Arch,0,train,no_arch/6410.ArgEKarimKhani_(1497728145).jpg
TRAIN_01240,DSC_2294-HDR_copy.jpg,Has Arch,1,train,has_arch/DSC_2294-HDR_copy.jpg
TRAIN_01241,Bagh_jahan_nama_(4).jpg,No Arch,0,train,no_arch/Bagh_jahan_nama_(4).jpg
TRAIN_01242,یکی_از_سقفهای_حمام_فین_کاشان.jpg,No Arch,0,train,no_arch/یکی_از_سقفهای_حمام_فین_کاشان.jpg
TRAIN_01243,سرای_عزیزا..اف-27.jpg,No Arch,0,train,no_arch/سرای_عزیزا..اف-27.jpg
TRAIN_01244,IranKermanGanjaliKhanKaravanserei1.jpg,Has Arch,1,train,has_arch/IranKermanGanjaliKhanKaravanserei1.jpg
TRAIN_01245,Qhajar_bath_(1).jpg,Has Arch,1,train,has_arch/Qhajar_bath_(1).jpg
TRAIN_01246,Badgir.jpg,No Arch,0,train,no_arch/Badgir.jpg
TRAIN_01247,Architecture_of_Shiraz_(36).jpg,Has Arch,1,train,has_arch/Architecture_of_Shiraz_(36).jpg
TRAIN_01248,Emamzadeh_Yahya.jpg,No Arch,0,train,no_arch/Emamzadeh_Yahya.jpg
TRAIN_01249,Haji_Nezam_Ab_anbar2021_25.jpg,Has Arch,1,train,has_arch/Haji_Nezam_Ab_anbar2021_25.jpg
TRAIN_01250,Reyvand_Raevant_Neyshabur_002_(cropped).jpg,No Arch,0,train,no_arch/Reyvand_Raevant_Neyshabur_002_(cropped).jpg
TRAIN_01251,کاروان_سرای_مادرشاه_04.jpg,Has Arch,1,train,has_arch/کاروان_سرای_مادرشاه_04.jpg
TRAIN_01252,Jameh_Mosque_of_Isfahan_16.jpg,Has Arch,1,train,has_arch/Jameh_Mosque_of_Isfahan_16.jpg
TRAIN_01253,Malek_mosque.jpg,Has Arch,1,train,has_arch/Malek_mosque.jpg
TRAIN_01254,بازار_زنجان03.jpg,No Arch,0,train,no_arch/بازار_زنجان03.jpg
TRAIN_01255,Hindu_Caravanserai_by_ImanFakhri.jpg,Has Arch,1,train,has_arch/Hindu_Caravanserai_by_ImanFakhri.jpg
TRAIN_01256,کاروان_سرای_خرگور_4.jpg,Has Arch,1,train,has_arch/کاروان_سرای_خرگور_4.jpg
TRAIN_01257,Jame_Masque-Urmia.jpg,Has Arch,1,train,has_arch/Jame_Masque-Urmia.jpg
TRAIN_01258,Caravanserai_Sangi-Zanjan_13970121_05.jpg,Has Arch,1,train,has_arch/Caravanserai_Sangi-Zanjan_13970121_05.jpg
TRAIN_01259,Shah_Abbasi_Caravanserai_of_Bisotun2023-10-09_26.jpg,No Arch,0,train,no_arch/Shah_Abbasi_Caravanserai_of_Bisotun2023-10-09_26.jpg
TRAIN_01260,برج_از_نزدیک.jpg,No Arch,0,train,no_arch/برج_از_نزدیک.jpg
TRAIN_01261,Roofed_Bazaar_of_Nishapur_(Bazaar_e_Sarpushideh-souq)_35.jpg,Has Arch,1,train,has_arch/Roofed_Bazaar_of_Nishapur_(Bazaar_e_Sarpushideh-souq)_35.jpg
TRAIN_01262,Sardar-e_Bozorg_Ab_Anbar2020_4.jpg,Has Arch,1,train,has_arch/Sardar-e_Bozorg_Ab_Anbar2020_4.jpg
TRAIN_01263,Ganjali_khan_Caravanserai_Duplicate_تصویر_اصلی.jpg,Has Arch,1,train,has_arch/Ganjali_khan_Caravanserai_Duplicate_تصویر_اصلی.jpg
TRAIN_01264,TU_literature.jpg,No Arch,0,train,no_arch/TU_literature.jpg
TRAIN_01265,Elmi_House2022-01-24_17.jpg,No Arch,0,train,no_arch/Elmi_House2022-01-24_17.jpg
TRAIN_01266,Abbasid_Caravanseray_of_Nishapur_(Ribati-i-Abbasi_of_Nishapur)_-_Morning_034.jpg,Has Arch,1,train,has_arch/Abbasid_Caravanseray_of_Nishapur_(Ribati-i-Abbasi_of_Nishapur)_-_Morning_034.jpg
TRAIN_01267,42.jpg,Has Arch,1,train,has_arch/42.jpg
TRAIN_01268,Epigraph_of_Mihrab_-Nishapur_Grand_Mosque_2.jpg,Has Arch,1,train,has_arch/Epigraph_of_Mihrab_-Nishapur_Grand_Mosque_2.jpg
TRAIN_01269,زیر_سقف_اصلی_کلیسای_بیت_اللحم.jpg,No Arch,0,train,no_arch/زیر_سقف_اصلی_کلیسای_بیت_اللحم.jpg
TRAIN_01270,بازار_تهران_XVIII.jpg,Has Arch,1,train,has_arch/بازار_تهران_XVIII.jpg
TRAIN_01271,Qasr2.jpg,Has Arch,1,train,has_arch/Qasr2.jpg
TRAIN_01272,Khosrogerd_1.jpg,No Arch,0,train,no_arch/Khosrogerd_1.jpg
TRAIN_01273,مسجد_جامع_یزد_(20).jpg,Has Arch,1,train,has_arch/مسجد_جامع_یزد_(20).jpg
TRAIN_01274,Manare_masjed_jame_semnan.jpg,No Arch,0,train,no_arch/Manare_masjed_jame_semnan.jpg
TRAIN_01275,TabrizBazar.jpg,Has Arch,1,train,has_arch/TabrizBazar.jpg
TRAIN_01276,Masjed_jame_yazd_(77).jpg,Has Arch,1,train,has_arch/Masjed_jame_yazd_(77).jpg
TRAIN_01277,ضامن_آهو-_از_گوشه_صحن_آزادی_-_panoramio.jpg,Has Arch,1,train,has_arch/ضامن_آهو-_از_گوشه_صحن_آزادی_-_panoramio.jpg
TRAIN_01278,Arak_Bazaar2023-01-21_11.jpg,Has Arch,1,train,has_arch/Arak_Bazaar2023-01-21_11.jpg
TRAIN_01279,City-Theater-of-Qazvin-CAOI---30127.jpg,No Arch,0,train,no_arch/City-Theater-of-Qazvin-CAOI---30127.jpg
TRAIN_01280,Khane_shariar_fariborz_12.jpg,No Arch,0,train,no_arch/Khane_shariar_fariborz_12.jpg
TRAIN_01281,Ali_Qapu_isfahan_عمارت_عالی_قاپو_در_اصفهان_04.jpg,Has Arch,1,train,has_arch/Ali_Qapu_isfahan_عمارت_عالی_قاپو_در_اصفهان_04.jpg
TRAIN_01282,Gate_of_Caravanserai_Sangi-Mohammadabad.jpg,Has Arch,1,train,has_arch/Gate_of_Caravanserai_Sangi-Mohammadabad.jpg
TRAIN_01283,Ghale_pendas_by_moein_yousefi.jpg,No Arch,0,train,no_arch/Ghale_pendas_by_moein_yousefi.jpg
TRAIN_01284,مسجدامام(شاه)اصفهان-12.jpg,Has Arch,1,train,has_arch/مسجدامام(شاه)اصفهان-12.jpg
TRAIN_01285,Jame_Mosque_of_Urmia-4.jpg,No Arch,0,train,no_arch/Jame_Mosque_of_Urmia-4.jpg
TRAIN_01286,6دیر_گچین.jpg,Has Arch,1,train,has_arch/6دیر_گچین.jpg
TRAIN_01287,Majdolmamalek_caravanserai_20190512_06.jpg,Has Arch,1,train,has_arch/Majdolmamalek_caravanserai_20190512_06.jpg
TRAIN_01288,"Khan-e_Boujerdi,_Kashan,_Iran_(1284876903).jpg",Has Arch,1,train,"has_arch/Khan-e_Boujerdi,_Kashan,_Iran_(1284876903).jpg"
TRAIN_01289,IranKermanGanjaliKhanKaravanserei2.jpg,Has Arch,1,train,has_arch/IranKermanGanjaliKhanKaravanserei2.jpg
TRAIN_01290,گنبد_زنگوله.jpg,No Arch,0,train,no_arch/گنبد_زنگوله.jpg
TRAIN_01291,Jubi_Bridge_-_panoramio.jpg,Has Arch,1,train,has_arch/Jubi_Bridge_-_panoramio.jpg
TRAIN_01292,Kheirabad_school_20170327_03.jpg,No Arch,0,train,no_arch/Kheirabad_school_20170327_03.jpg
TRAIN_01293,Farasfaj_caravanserai_20190507_06.jpg,Has Arch,1,train,has_arch/Farasfaj_caravanserai_20190507_06.jpg
TRAIN_01294,Red_Mosque_Of_Chors.jpg,Has Arch,1,train,has_arch/Red_Mosque_Of_Chors.jpg
TRAIN_01295,Kakh_Shahrbani_Achaemenid_architecture.jpg,No Arch,0,train,no_arch/Kakh_Shahrbani_Achaemenid_architecture.jpg
TRAIN_01296,مسجد_آقا_بزرگ.jpg,Has Arch,1,train,has_arch/مسجد_آقا_بزرگ.jpg
TRAIN_01297,Wiki_Loves_Monuments_2018_IranYazd_-_Mehriz_-_Picture_02.jpg,No Arch,0,train,no_arch/Wiki_Loves_Monuments_2018_IranYazd_-_Mehriz_-_Picture_02.jpg
TRAIN_01298,Tehran_Grand_Bazaar2021_18.jpg,No Arch,0,train,no_arch/Tehran_Grand_Bazaar2021_18.jpg
TRAIN_01299,Dayr-e_Gachin2022-02-26_21.jpg,Has Arch,1,train,has_arch/Dayr-e_Gachin2022-02-26_21.jpg
TRAIN_01300,Mishijan_Historical_Citadel_3365401.jpg,No Arch,0,train,no_arch/Mishijan_Historical_Citadel_3365401.jpg
TRAIN_01301,20200917_151046_HDR.jpg,No Arch,0,train,no_arch/20200917_151046_HDR.jpg
TRAIN_01302,Jameh_Mosque_of_Urmia-6.jpg,Has Arch,1,train,has_arch/Jameh_Mosque_of_Urmia-6.jpg
TRAIN_01303,"Maragheh,_East_Azerbaijan_Province,_Iran_-_panoramio_(2).jpg",No Arch,0,train,"no_arch/Maragheh,_East_Azerbaijan_Province,_Iran_-_panoramio_(2).jpg"
TRAIN_01304,Majdolmamalek_caravanserai_20190512_09.jpg,Has Arch,1,train,has_arch/Majdolmamalek_caravanserai_20190512_09.jpg
TRAIN_01305,Chehel_dokhtaran.jpg,No Arch,0,train,no_arch/Chehel_dokhtaran.jpg
TRAIN_01306,1راه_روي_غربي_معين_التجار.jpg,Has Arch,1,train,has_arch/1راه_روي_غربي_معين_التجار.jpg
TRAIN_01307,12_Imam_Monument.jpg,No Arch,0,train,no_arch/12_Imam_Monument.jpg
TRAIN_01308,295A7252.jpg,No Arch,0,train,no_arch/295A7252.jpg
TRAIN_01309,حمام_شاه9.jpg,Has Arch,1,train,has_arch/حمام_شاه9.jpg
TRAIN_01310,Abbasid_Caravanseray_of_Nishapur_(Ribati-i-Abbasi_of_Nishapur)_-_Morning_016.jpg,No Arch,0,train,no_arch/Abbasid_Caravanseray_of_Nishapur_(Ribati-i-Abbasi_of_Nishapur)_-_Morning_016.jpg
TRAIN_01311,Hakim_Mosque_2019-07-28_28.jpg,No Arch,0,train,no_arch/Hakim_Mosque_2019-07-28_28.jpg
TRAIN_01312,خانه_عباسی_ها_-کاشان-The_Abbasi_House-kashan_26.jpg,Has Arch,1,train,has_arch/خانه_عباسی_ها_-کاشان-The_Abbasi_House-kashan_26.jpg
TRAIN_01313,Closer_view_of_the_upper_galleries_and_their_decorated_vaults.jpg,Has Arch,1,train,has_arch/Closer_view_of_the_upper_galleries_and_their_decorated_vaults.jpg
TRAIN_01314,Shiraz_1399021423325756920289864.jpg,Has Arch,1,train,has_arch/Shiraz_1399021423325756920289864.jpg
TRAIN_01315,شبستان_غربی_مسجد_علی.jpg,Has Arch,1,train,has_arch/شبستان_غربی_مسجد_علی.jpg
TRAIN_01316,Baba_Rukn_al-Din_Mausoleum2021_10.jpg,Has Arch,1,train,has_arch/Baba_Rukn_al-Din_Mausoleum2021_10.jpg
TRAIN_01317,Kenargerd_Caravanserai_2019-07-10_23.jpg,Has Arch,1,train,has_arch/Kenargerd_Caravanserai_2019-07-10_23.jpg
TRAIN_01318,Kashan_2017_(33378557104).jpg,Has Arch,1,train,has_arch/Kashan_2017_(33378557104).jpg
TRAIN_01319,Cheshmeh-Mansion-Lavasan-Amin-Ferdousi-CAOI---30436.jpg,No Arch,0,train,no_arch/Cheshmeh-Mansion-Lavasan-Amin-Ferdousi-CAOI---30436.jpg
TRAIN_01320,Niko-5300_140.jpg,Has Arch,1,train,has_arch/Niko-5300_140.jpg
TRAIN_01321,حیاط_پهلوی-_خانه_تاریخی_ملک-_بازار_بین_الحرمین_تهران.jpg,No Arch,0,train,no_arch/حیاط_پهلوی-_خانه_تاریخی_ملک-_بازار_بین_الحرمین_تهران.jpg
TRAIN_01322,نمای_دیگری_از_قلعه_(cropped).jpg,No Arch,0,train,no_arch/نمای_دیگری_از_قلعه_(cropped).jpg
TRAIN_01323,"Faculty_of_Agriculture,_University_of_Tehran_-_7,_2024.jpg",No Arch,0,train,"no_arch/Faculty_of_Agriculture,_University_of_Tehran_-_7,_2024.jpg"
TRAIN_01324,69360_151527--مسجد-جامع-مهاباد.png,Has Arch,1,train,has_arch/69360_151527--مسجد-جامع-مهاباد.png
TRAIN_01325,Imamzadeh_Morteza2024-06-18_2.jpg,Has Arch,1,train,has_arch/Imamzadeh_Morteza2024-06-18_2.jpg
TRAIN_01326,Aras_-_Kordasht_-_Old_bath_-_panoramio (1).jpg,Has Arch,1,train,has_arch/Aras_-_Kordasht_-_Old_bath_-_panoramio (1).jpg
TRAIN_01327,Shahrdari_Mashhad.jpg,No Arch,0,train,no_arch/Shahrdari_Mashhad.jpg
TRAIN_01328,بازار_تهران_XVI.jpg,Has Arch,1,train,has_arch/بازار_تهران_XVI.jpg
TRAIN_01329,زینت_الملک_89.jpg,No Arch,0,train,no_arch/زینت_الملک_89.jpg
TRAIN_01330,Iran_-_Shiraz_(48967132996).jpg,Has Arch,1,train,has_arch/Iran_-_Shiraz_(48967132996).jpg
TRAIN_01331,Bayzid_Mosque2.jpg,No Arch,0,train,no_arch/Bayzid_Mosque2.jpg
TRAIN_01332,iranian-building-design-idea-623926-5.jpg,No Arch,0,train,no_arch/iranian-building-design-idea-623926-5.jpg
TRAIN_01333,Gheysarieh-portal-right.jpg,No Arch,0,train,no_arch/Gheysarieh-portal-right.jpg
TRAIN_01334,Winter-house-in-Bukan-Iran-by-Shoresh-Abed-CAOI---25501.jpg,No Arch,0,train,no_arch/Winter-house-in-Bukan-Iran-by-Shoresh-Abed-CAOI---25501.jpg
TRAIN_01335,Meyandasht_Karvansaria_1_-_panoramio.jpg,Has Arch,1,train,has_arch/Meyandasht_Karvansaria_1_-_panoramio.jpg
TRAIN_01336,مناره_مسجد_علی_در_شهر_اصفهان_در_غروب_مورخ_۲۰۲۱-۰۶-۲۹_-_ساعت_۲۰-۳۱-۵۴.jpg,Has Arch,1,train,has_arch/مناره_مسجد_علی_در_شهر_اصفهان_در_غروب_مورخ_۲۰۲۱-۰۶-۲۹_-_ساعت_۲۰-۳۱-۵۴.jpg
TRAIN_01337,Before-Renovation---Cubic-Home-Amirdasht---30279.jpg,No Arch,0,train,no_arch/Before-Renovation---Cubic-Home-Amirdasht---30279.jpg
TRAIN_01338,Dehnamak_Caravanserai_2020-01-18_16.jpg,No Arch,0,train,no_arch/Dehnamak_Caravanserai_2020-01-18_16.jpg
TRAIN_01339,در_کوچه_(cropped).jpg,No Arch,0,train,no_arch/در_کوچه_(cropped).jpg
TRAIN_01340,زیر_گنبد_کلیسای_بیت_اللحم.jpg,No Arch,0,train,no_arch/زیر_گنبد_کلیسای_بیت_اللحم.jpg
TRAIN_01341,Ghasr_Bahram.jpg,No Arch,0,train,no_arch/Ghasr_Bahram.jpg
TRAIN_01342,"Iran_-_Ispahan_-_Intérieur_Mosquée_-_mosque_inside,_très_belle_porte._Isfahan_(9259638871).jpg",Has Arch,1,train,"has_arch/Iran_-_Ispahan_-_Intérieur_Mosquée_-_mosque_inside,_très_belle_porte._Isfahan_(9259638871).jpg"
TRAIN_01343,Bagh_Melli_Gate2.jpg,No Arch,0,train,no_arch/Bagh_Melli_Gate2.jpg
TRAIN_01344,Shesh_Nav_5.jpg,Has Arch,1,train,has_arch/Shesh_Nav_5.jpg
TRAIN_01345,MazareBeydokht.png,No Arch,0,train,no_arch/MazareBeydokht.png
TRAIN_01346,Shirgah_bridge_403.jpg,Has Arch,1,train,has_arch/Shirgah_bridge_403.jpg
TRAIN_01347,Do-Bar-House-in-Tehran-by-AMA-studio---30022.jpg,No Arch,0,train,no_arch/Do-Bar-House-in-Tehran-by-AMA-studio---30022.jpg
TRAIN_01348,Deyr_Gachin_Caravansary_by_Mardetanha_(115)_03.jpg,Has Arch,1,train,has_arch/Deyr_Gachin_Caravansary_by_Mardetanha_(115)_03.jpg
TRAIN_01349,DSC_8240_copy.jpg,Has Arch,1,train,has_arch/DSC_8240_copy.jpg
TRAIN_01350,Qadam_Ghah_Mosque_(1).jpg,Has Arch,1,train,has_arch/Qadam_Ghah_Mosque_(1).jpg
TRAIN_01351,Shah_Mosque_Isfahan_Aarash_(74).jpg,Has Arch,1,train,has_arch/Shah_Mosque_Isfahan_Aarash_(74).jpg
TRAIN_01352,ساختمان_شرکت_سهامی_انتشار_3.jpg,No Arch,0,train,no_arch/ساختمان_شرکت_سهامی_انتشار_3.jpg
TRAIN_01353,Ghargharabad_Ab_Anbar_3.jpg,Has Arch,1,train,has_arch/Ghargharabad_Ab_Anbar_3.jpg
TRAIN_01354,20180426_135427Kerman_Bazar_-_Ganjalikhan.jpg,No Arch,0,train,no_arch/20180426_135427Kerman_Bazar_-_Ganjalikhan.jpg
TRAIN_01355,FatimaMasumehShrine.jpg,No Arch,0,train,no_arch/FatimaMasumehShrine.jpg
TRAIN_01356,slide13.jpg,Has Arch,1,train,has_arch/slide13.jpg
TRAIN_01357,Taaj-abad-0297.jpg,Has Arch,1,train,has_arch/Taaj-abad-0297.jpg
TRAIN_01358,Nasirolmolk_(2).jpg,Has Arch,1,train,has_arch/Nasirolmolk_(2).jpg
TRAIN_01359,Ribat-i_Sharaf_-_1_June_2011_17.jpg,Has Arch,1,train,has_arch/Ribat-i_Sharaf_-_1_June_2011_17.jpg
TRAIN_01360,بازار_تهران_15.jpg,Has Arch,1,train,has_arch/بازار_تهران_15.jpg
TRAIN_01361,Aaa140.jpg,Has Arch,1,train,has_arch/Aaa140.jpg
TRAIN_01362,Shah_Abbasi_Caravanserai_of_Karaj_01.jpg,Has Arch,1,train,has_arch/Shah_Abbasi_Caravanserai_of_Karaj_01.jpg
TRAIN_01363,Majdolmamalek_caravanserai_20190512_11.jpg,Has Arch,1,train,has_arch/Majdolmamalek_caravanserai_20190512_11.jpg
TRAIN_01364,Gate_of_Citadel_of_semnan_24.jpg,Has Arch,1,train,has_arch/Gate_of_Citadel_of_semnan_24.jpg
TRAIN_01365,2025_Ceremony_of_the_Beginning_of_the_Academic_Year_of_Qom_Seminaries_1_Mehr.jpg,Has Arch,1,train,has_arch/2025_Ceremony_of_the_Beginning_of_the_Academic_Year_of_Qom_Seminaries_1_Mehr.jpg
TRAIN_01366,Irnl190-Jazd-Więzienie_Aleksandra.jpg,No Arch,0,train,no_arch/Irnl190-Jazd-Więzienie_Aleksandra.jpg
TRAIN_01367,Gonbad-e_Ali_02.jpg,No Arch,0,train,no_arch/Gonbad-e_Ali_02.jpg
TRAIN_01368,Chehel_soton_palace_of_isfahan_by_Adel_Bazmeh.jpg,Has Arch,1,train,has_arch/Chehel_soton_palace_of_isfahan_by_Adel_Bazmeh.jpg
TRAIN_01369,قلعه_رباط65.jpg,Has Arch,1,train,has_arch/قلعه_رباط65.jpg
TRAIN_01370,Imamzadeh_Morteza2024-06-18_17.jpg,Has Arch,1,train,has_arch/Imamzadeh_Morteza2024-06-18_17.jpg
TRAIN_01371,Ardabil_bazaar_2020-03-12_08.jpg,No Arch,0,train,no_arch/Ardabil_bazaar_2020-03-12_08.jpg
TRAIN_01372,Screenshot_20171004-223042.jpg,No Arch,0,train,no_arch/Screenshot_20171004-223042.jpg
TRAIN_01373,مسجد-آقانورر.jpg,Has Arch,1,train,has_arch/مسجد-آقانورر.jpg
TRAIN_01374,Pərvin_Etisaminin_evi_(12).jpg,No Arch,0,train,no_arch/Pərvin_Etisaminin_evi_(12).jpg
TRAIN_01375,Sa'd_al-Saltaneh_Caravanserai2024-03-28_11.jpg,Has Arch,1,train,has_arch/Sa'd_al-Saltaneh_Caravanserai2024-03-28_11.jpg
TRAIN_01376,"Jabalieh,_Kerman,_Irán,_2016-09-22,_DD_07-15_HDR_PAN.jpg",Has Arch,1,train,"has_arch/Jabalieh,_Kerman,_Irán,_2016-09-22,_DD_07-15_HDR_PAN.jpg"
TRAIN_01377,کلیسای_مهلذان.شهرخوی.jpg,No Arch,0,train,no_arch/کلیسای_مهلذان.شهرخوی.jpg
TRAIN_01378,Ganjali_khan_karvanseray.jpg,Has Arch,1,train,has_arch/Ganjali_khan_karvanseray.jpg
TRAIN_01379,Ghazvin_Bazar_1.jpg,Has Arch,1,train,has_arch/Ghazvin_Bazar_1.jpg
TRAIN_01380,Dezful_Jame_Mosque.jpg,Has Arch,1,train,has_arch/Dezful_Jame_Mosque.jpg
TRAIN_01381,Fatima_Masumeh_Shrine_Qom_City_Iran_Photographer_Mostafa_Meraji_06.jpg,No Arch,0,train,no_arch/Fatima_Masumeh_Shrine_Qom_City_Iran_Photographer_Mostafa_Meraji_06.jpg
TRAIN_01382,Meybod_17.jpg,No Arch,0,train,no_arch/Meybod_17.jpg
TRAIN_01383,آرامگاه_صائب_تبریزی-1403.jpg,Has Arch,1,train,has_arch/آرامگاه_صائب_تبریزی-1403.jpg
TRAIN_01384,مدرسه_علیا_فردوس_04.jpg,Has Arch,1,train,has_arch/مدرسه_علیا_فردوس_04.jpg
TRAIN_01385,Ferdowsi-Iran_(10).jpg,No Arch,0,train,no_arch/Ferdowsi-Iran_(10).jpg
TRAIN_01386,Museum_of_the_Sanatti_Master5.jpg,No Arch,0,train,no_arch/Museum_of_the_Sanatti_Master5.jpg
TRAIN_01387,Jama_Masjid_Isfahan_Aarash_(236).jpg,Has Arch,1,train,has_arch/Jama_Masjid_Isfahan_Aarash_(236).jpg
TRAIN_01388,ورودی_شبستان_مسجد_سپسالار.jpg,Has Arch,1,train,has_arch/ورودی_شبستان_مسجد_سپسالار.jpg
TRAIN_01389,Iran_Yazd_(3003028650).jpg,No Arch,0,train,no_arch/Iran_Yazd_(3003028650).jpg
TRAIN_01390,Imamzeid2.jpg,Has Arch,1,train,has_arch/Imamzeid2.jpg
TRAIN_01391,Abanbar.jpg,No Arch,0,train,no_arch/Abanbar.jpg
TRAIN_01392,Alexander's_Prison_13960103_04.jpg,Has Arch,1,train,has_arch/Alexander's_Prison_13960103_04.jpg
TRAIN_01393,Sanandaj-Renovation-Center-by-Shiveh-Architecture-Studio---29905.jpg,No Arch,0,train,no_arch/Sanandaj-Renovation-Center-by-Shiveh-Architecture-Studio---29905.jpg
TRAIN_01394,Detail_of_the_arch_decoration_in_front_of_the_mihrab.jpg,Has Arch,1,train,has_arch/Detail_of_the_arch_decoration_in_front_of_the_mihrab.jpg
TRAIN_01395,Post_Iran_Central_Office_6.jpg,No Arch,0,train,no_arch/Post_Iran_Central_Office_6.jpg
TRAIN_01396,Abbāsi_House_4.jpg,Has Arch,1,train,has_arch/Abbāsi_House_4.jpg
TRAIN_01397,Emam_Mosque_01.jpg,Has Arch,1,train,has_arch/Emam_Mosque_01.jpg
TRAIN_01398,Hakim_Mosque_2019-07-28_19.jpg,Has Arch,1,train,has_arch/Hakim_Mosque_2019-07-28_19.jpg
TRAIN_01399,Shahrood-_bedasht-13.jpg,No Arch,0,train,no_arch/Shahrood-_bedasht-13.jpg
TRAIN_01400,Jame_Mosque_in_Natanz_(8906631910).jpg,Has Arch,1,train,has_arch/Jame_Mosque_in_Natanz_(8906631910).jpg
TRAIN_01401,مسجد_افین.jpg,Has Arch,1,train,has_arch/مسجد_افین.jpg
TRAIN_01402,Siyahkal_-_Deylaman_Caravanserai_-_Titi_-_panoramio_(1).jpg,Has Arch,1,train,has_arch/Siyahkal_-_Deylaman_Caravanserai_-_Titi_-_panoramio_(1).jpg
TRAIN_01403,مسجد_سپهسالار12.jpg,Has Arch,1,train,has_arch/مسجد_سپهسالار12.jpg
TRAIN_01404,ترکیبی_از_هنر_معماری_و_احساس_سبکی_در_نمای_بیرونی_مسجد_سرخی_اصفهان.jpg,Has Arch,1,train,has_arch/ترکیبی_از_هنر_معماری_و_احساس_سبکی_در_نمای_بیرونی_مسجد_سرخی_اصفهان.jpg
TRAIN_01405,مجموعه_4_بادگیر_خانه_تاریخی_بنی_طبا (1).jpg,No Arch,0,train,no_arch/مجموعه_4_بادگیر_خانه_تاریخی_بنی_طبا (1).jpg
TRAIN_01406,Blue_mosque.jpg,Has Arch,1,train,has_arch/Blue_mosque.jpg
TRAIN_01407,20180426_135436Kerman_Bazar_-_Ganjalikhan.jpg,Has Arch,1,train,has_arch/20180426_135436Kerman_Bazar_-_Ganjalikhan.jpg
TRAIN_01408,Gheysariye2.jpg,Has Arch,1,train,has_arch/Gheysariye2.jpg
TRAIN_01409,حمام_شاه.jpg,Has Arch,1,train,has_arch/حمام_شاه.jpg
TRAIN_01410,عصارخانه_شاه02.jpg,Has Arch,1,train,has_arch/عصارخانه_شاه02.jpg
TRAIN_01411,Shahrzad-Villa-SeyedAbad-Village-Damavand-Kanisavaran-Office---30502.jpg,No Arch,0,train,no_arch/Shahrzad-Villa-SeyedAbad-Village-Damavand-Kanisavaran-Office---30502.jpg
TRAIN_01412,"CH-NB_-_Persien,_Jesdegad_(Jäz-de-chast,_Jesdichast)-_Siedlung_-_Annemarie_Schwarzenbach_-_SLA-Schwarzenbach-A-5-07-111.jpg",Has Arch,1,train,"has_arch/CH-NB_-_Persien,_Jesdegad_(Jäz-de-chast,_Jesdichast)-_Siedlung_-_Annemarie_Schwarzenbach_-_SLA-Schwarzenbach-A-5-07-111.jpg"
TRAIN_01413,مجموعه_گنجعلی_خان_کرمان-ایران_2014-04-06_17-07.jpg,Has Arch,1,train,has_arch/مجموعه_گنجعلی_خان_کرمان-ایران_2014-04-06_17-07.jpg
TRAIN_01414,Qiyasiyeh_(_khargerd_school_inside_)_(cropped).jpg,Has Arch,1,train,has_arch/Qiyasiyeh_(_khargerd_school_inside_)_(cropped).jpg
TRAIN_01415,Shahrood-_bedasht-14.jpg,Has Arch,1,train,has_arch/Shahrood-_bedasht-14.jpg
TRAIN_01416,Gonbadharoon97.jpg,Has Arch,1,train,has_arch/Gonbadharoon97.jpg
TRAIN_01417,آرامگاه_خواجه_ربیع_(11).jpg,No Arch,0,train,no_arch/آرامگاه_خواجه_ربیع_(11).jpg
TRAIN_01418,2آرامگاه_یعقوب_لیث_صفاری.jpg,No Arch,0,train,no_arch/2آرامگاه_یعقوب_لیث_صفاری.jpg
TRAIN_01419,NasirolMolk_Mosque_corridor.jpg,Has Arch,1,train,has_arch/NasirolMolk_Mosque_corridor.jpg
TRAIN_01420,مسجد_جامع_نیریز11.jpg,Has Arch,1,train,has_arch/مسجد_جامع_نیریز11.jpg
TRAIN_01421,Al-Nabi_Mosque_in_Qazvin.jpg,Has Arch,1,train,has_arch/Al-Nabi_Mosque_in_Qazvin.jpg
TRAIN_01422,Ardabil_Bazaar_2020-04-09_13.jpg,No Arch,0,train,no_arch/Ardabil_Bazaar_2020-04-09_13.jpg
TRAIN_01423,Jarch_Bashi_Bath_02.jpg,Has Arch,1,train,has_arch/Jarch_Bashi_Bath_02.jpg
TRAIN_01424,Soltaniyeh_(2).jpg,Has Arch,1,train,has_arch/Soltaniyeh_(2).jpg
TRAIN_01425,DSC0088_(1600x1200).jpg,Has Arch,1,train,has_arch/DSC0088_(1600x1200).jpg
TRAIN_01426,"2021.R.15-3v_-_Iran,_Gate.jpg",Has Arch,1,train,"has_arch/2021.R.15-3v_-_Iran,_Gate.jpg"
TRAIN_01427,Damghan-2009.jpg,No Arch,0,train,no_arch/Damghan-2009.jpg
TRAIN_01428,Aria-Sanat-Industrial-Administrative-Project-Nobico-Studio---29995.jpg,No Arch,0,train,no_arch/Aria-Sanat-Industrial-Administrative-Project-Nobico-Studio---29995.jpg
TRAIN_01429,Beheshti_Hammam2022-02-15_16.jpg,No Arch,0,train,no_arch/Beheshti_Hammam2022-02-15_16.jpg
TRAIN_01430,Kharanaq_02.jpg,No Arch,0,train,no_arch/Kharanaq_02.jpg
TRAIN_01431,کارخانه_ریسمان_ریسی_نساجی_پارس_05.jpg,No Arch,0,train,no_arch/کارخانه_ریسمان_ریسی_نساجی_پارس_05.jpg
TRAIN_01432,کلیسای_میناس_مقدس.jpg,No Arch,0,train,no_arch/کلیسای_میناس_مقدس.jpg
TRAIN_01433,Mehdi_Qoli_Beyk_Hammam2022-08-13_15.jpg,Has Arch,1,train,has_arch/Mehdi_Qoli_Beyk_Hammam2022-08-13_15.jpg
TRAIN_01434,Jwdab1خانه_زینت_الملک_شیراز.jpg,No Arch,0,train,no_arch/Jwdab1خانه_زینت_الملک_شیراز.jpg
TRAIN_01435,۲۰۱۸۰۹۲۲_۱۱۵۴۴۷(1)شاهزاده_زیدالکبیر.jpg,Has Arch,1,train,has_arch/۲۰۱۸۰۹۲۲_۱۱۵۴۴۷(1)شاهزاده_زیدالکبیر.jpg
TRAIN_01436,Bahram_Palace_29.jpg,Has Arch,1,train,has_arch/Bahram_Palace_29.jpg
TRAIN_01437,2مسجد_ملک.jpg,No Arch,0,train,no_arch/2مسجد_ملک.jpg
TRAIN_01438,Bayazid_Bastami_14.jpg,Has Arch,1,train,has_arch/Bayazid_Bastami_14.jpg
TRAIN_01439,شاه_نشين_طبقه_دوم_سراي_معين_التجار.jpg,No Arch,0,train,no_arch/شاه_نشين_طبقه_دوم_سراي_معين_التجار.jpg
TRAIN_01440,Zarnokh_intrance.jpg,Has Arch,1,train,has_arch/Zarnokh_intrance.jpg
TRAIN_01441,Greek_Orthodox_Church_of_Saint_Mary_in_Tehran.jpg,No Arch,0,train,no_arch/Greek_Orthodox_Church_of_Saint_Mary_in_Tehran.jpg
TRAIN_01442,هفت_برکه.jpg,No Arch,0,train,no_arch/هفت_برکه.jpg
TRAIN_01443,خانه_ی_استاد_لرزاده.jpg,Has Arch,1,train,has_arch/خانه_ی_استاد_لرزاده.jpg
TRAIN_01444,Deir-e_Gachin_Caravansarai_is_a_historic_caravansarai_in_Iran_02.jpg,Has Arch,1,train,has_arch/Deir-e_Gachin_Caravansarai_is_a_historic_caravansarai_in_Iran_02.jpg
TRAIN_01445,Ganjali_khan_bath_3_Duplicate_تصویر_اصلی.jpg,Has Arch,1,train,has_arch/Ganjali_khan_bath_3_Duplicate_تصویر_اصلی.jpg
TRAIN_01446,20180426_141606Abanbar_Ganjalikhan.jpg,No Arch,0,train,no_arch/20180426_141606Abanbar_Ganjalikhan.jpg
TRAIN_01447,میرزبیر.jpg,No Arch,0,train,no_arch/میرزبیر.jpg
TRAIN_01448,Abbas_aabaad_Nights..._04_(cropped).jpg,Has Arch,1,train,has_arch/Abbas_aabaad_Nights..._04_(cropped).jpg
TRAIN_01449,Ayvan_of_Jameh_Mosque_in_Natanz.jpg,Has Arch,1,train,has_arch/Ayvan_of_Jameh_Mosque_in_Natanz.jpg
TRAIN_01450,Doxan_karvansarası_Zəncan_202209_(4).jpg,Has Arch,1,train,has_arch/Doxan_karvansarası_Zəncan_202209_(4).jpg
TRAIN_01451,Ashot_Hovsepian_House_1396010612501929410379894.jpg,No Arch,0,train,no_arch/Ashot_Hovsepian_House_1396010612501929410379894.jpg
TRAIN_01452,Naraq_bazaar_345.jpg,Has Arch,1,train,has_arch/Naraq_bazaar_345.jpg
TRAIN_01453,Khajoopol.jpg,Has Arch,1,train,has_arch/Khajoopol.jpg
TRAIN_01454,گنبد_کاروان_سرای_شاه_عباسی_میبد2.jpg,Has Arch,1,train,has_arch/گنبد_کاروان_سرای_شاه_عباسی_میبد2.jpg
TRAIN_01455,Kheirabad_school_20170327_11.jpg,No Arch,0,train,no_arch/Kheirabad_school_20170327_11.jpg
TRAIN_01456,Catholic_Church_4.jpg,Has Arch,1,train,has_arch/Catholic_Church_4.jpg
TRAIN_01457,Haronie_1.jpg,No Arch,0,train,no_arch/Haronie_1.jpg
TRAIN_01458,اصفهان-عالیقاپو.jpg,No Arch,0,train,no_arch/اصفهان-عالیقاپو.jpg
TRAIN_01459,8امامزاده_عبدالله_بافق.jpg,Has Arch,1,train,has_arch/8امامزاده_عبدالله_بافق.jpg
TRAIN_01460,Abbāsi_House_2.jpg,Has Arch,1,train,has_arch/Abbāsi_House_2.jpg
TRAIN_01461,"Inside_Agha_Bozorg_Mosque,_Kashan,_Iran.jpg",Has Arch,1,train,"has_arch/Inside_Agha_Bozorg_Mosque,_Kashan,_Iran.jpg"
TRAIN_01462,Qazvin_bazaar20180714_152854.jpg,Has Arch,1,train,has_arch/Qazvin_bazaar20180714_152854.jpg
TRAIN_01463,BijBaz1.jpg,Has Arch,1,train,has_arch/BijBaz1.jpg
TRAIN_01464,Iran_-_Isfahan_-_Khajoo_Bridge.jpg,Has Arch,1,train,has_arch/Iran_-_Isfahan_-_Khajoo_Bridge.jpg
TRAIN_01465,Imamzadeh_Zeydolkabir.jpg,Has Arch,1,train,has_arch/Imamzadeh_Zeydolkabir.jpg
TRAIN_01466,"Flag_Changing_Ceremony_from_Fatima_Masumeh_Shrine,_Qom_on_1_Muharram_1433_AH_04.jpg",No Arch,0,train,"no_arch/Flag_Changing_Ceremony_from_Fatima_Masumeh_Shrine,_Qom_on_1_Muharram_1433_AH_04.jpg"
TRAIN_01467,View_of_Zadian_Minaret_beyond_grove_of_trees.jpg,No Arch,0,train,no_arch/View_of_Zadian_Minaret_beyond_grove_of_trees.jpg
TRAIN_01468,images (3).jpg,Has Arch,1,train,has_arch/images (3).jpg
TRAIN_01469,Abbasi_caravanserai_of_Nishapur_2 (1).jpg,No Arch,0,train,no_arch/Abbasi_caravanserai_of_Nishapur_2 (1).jpg
TRAIN_01470,Majdolmamalek_caravanserai_20190512_13.jpg,Has Arch,1,train,has_arch/Majdolmamalek_caravanserai_20190512_13.jpg
TRAIN_01471,Bafte_ghadime_yazd_(1).jpg,No Arch,0,train,no_arch/Bafte_ghadime_yazd_(1).jpg
TRAIN_01472,Ali_Gholi_Agha_hammam49.jpg,No Arch,0,train,no_arch/Ali_Gholi_Agha_hammam49.jpg
TRAIN_01473,Ganjalikhan4.jpg,Has Arch,1,train,has_arch/Ganjalikhan4.jpg
TRAIN_01474,1مجموعه_تاریخی_قدمگاه،_بقعه_و_رباط_و_حمام.jpg,Has Arch,1,train,has_arch/1مجموعه_تاریخی_قدمگاه،_بقعه_و_رباط_و_حمام.jpg
TRAIN_01475,Sabet_Pasal_Palace-04.jpg,No Arch,0,train,no_arch/Sabet_Pasal_Palace-04.jpg
TRAIN_01476,"Great_Mosque_of_Yazd_(Jame_mosque_of_Yazd),Yazd,_Iran_(مسجد_جامع_یزد)_-_panoramio_(8) (1).jpg",Has Arch,1,train,"has_arch/Great_Mosque_of_Yazd_(Jame_mosque_of_Yazd),Yazd,_Iran_(مسجد_جامع_یزد)_-_panoramio_(8) (1).jpg"
TRAIN_01477,Naqarh_Tower_House_برج_ناقاره_خانه_-_panoramio_(2).jpg,No Arch,0,train,no_arch/Naqarh_Tower_House_برج_ناقاره_خانه_-_panoramio_(2).jpg
TRAIN_01478,Mahabad-Central-Mosque-Tips.jpg,Has Arch,1,train,has_arch/Mahabad-Central-Mosque-Tips.jpg
TRAIN_01479,144444.jpg,Has Arch,1,train,has_arch/144444.jpg
TRAIN_01480,مسجد_جامع_گرگان.jpg,No Arch,0,train,no_arch/مسجد_جامع_گرگان.jpg
TRAIN_01481,SDC15423_karvansarai_zanjan_(8).jpg,No Arch,0,train,no_arch/SDC15423_karvansarai_zanjan_(8).jpg
TRAIN_01482,ناقدیس-ورودی-مسجد-شیخ-لطف-الله.jpg,No Arch,0,train,no_arch/ناقدیس-ورودی-مسجد-شیخ-لطف-الله.jpg
TRAIN_01483,Inbound137845308.jpg,No Arch,0,train,no_arch/Inbound137845308.jpg
TRAIN_01484,امامزاده_علی_بن_جعفر_قم_02.jpg,Has Arch,1,train,has_arch/امامزاده_علی_بن_جعفر_قم_02.jpg
TRAIN_01485,محل_کتیبه_پل_شهری_چای.jpg,Has Arch,1,train,has_arch/محل_کتیبه_پل_شهری_چای.jpg
TRAIN_01486,Ecotourism_Resort_of_Tenesgol2021_2.jpg,No Arch,0,train,no_arch/Ecotourism_Resort_of_Tenesgol2021_2.jpg
TRAIN_01487,"Grand_Bazaar,_Tehran_(41723611505).jpg",No Arch,0,train,"no_arch/Grand_Bazaar,_Tehran_(41723611505).jpg"
TRAIN_01488,Seh_Kohye_Castle2020_8.jpg,Has Arch,1,train,has_arch/Seh_Kohye_Castle2020_8.jpg
TRAIN_01489,Mozaffariyeh_Arcade.jpg,No Arch,0,train,no_arch/Mozaffariyeh_Arcade.jpg
TRAIN_01490,Shah_Qalandar_Mausoleum.jpg,Has Arch,1,train,has_arch/Shah_Qalandar_Mausoleum.jpg
TRAIN_01491,اصفهان_مسجد_حکیم.jpg,Has Arch,1,train,has_arch/اصفهان_مسجد_حکیم.jpg
TRAIN_01492,Haydar_Amuli_Mausoleum.jpg,No Arch,0,train,no_arch/Haydar_Amuli_Mausoleum.jpg
TRAIN_01493,کاروانسرای_مادرشاه_ورودی.jpg,Has Arch,1,train,has_arch/کاروانسرای_مادرشاه_ورودی.jpg
TRAIN_01494,Faramarz_Khan_Caravanserai_of_Sabzevar_01.jpg,Has Arch,1,train,has_arch/Faramarz_Khan_Caravanserai_of_Sabzevar_01.jpg
TRAIN_01495,مسجد_ملک_کرمان_۲.jpg,Has Arch,1,train,has_arch/مسجد_ملک_کرمان_۲.jpg
TRAIN_01496,حیاط_داخل_مسجد_جامع_زرین_شهر_لنجان.jpg,Has Arch,1,train,has_arch/حیاط_داخل_مسجد_جامع_زرین_شهر_لنجان.jpg
TRAIN_01497,عمارت_نظامیه_1.jpg,No Arch,0,train,no_arch/عمارت_نظامیه_1.jpg
TRAIN_01498,Kharanaq-Castle-Mosque.jpg,No Arch,0,train,no_arch/Kharanaq-Castle-Mosque.jpg
TRAIN_01499,"Mozaffariyeh,_inside_the_Bazzar_of_Tabriz,_IRAN.jpg",Has Arch,1,train,"has_arch/Mozaffariyeh,_inside_the_Bazzar_of_Tabriz,_IRAN.jpg"
TRAIN_01500,هتل_ایران_رشت.jpg,No Arch,0,train,no_arch/هتل_ایران_رشت.jpg
TRAIN_01501,"Ciudadela_de_Meybod,_Irán,_2016-09-20,_DD_09.jpg",No Arch,0,train,"no_arch/Ciudadela_de_Meybod,_Irán,_2016-09-20,_DD_09.jpg"
TRAIN_01502,"Kermán,_biblioteca_(2000)_02.jpg",Has Arch,1,train,"has_arch/Kermán,_biblioteca_(2000)_02.jpg"
TRAIN_01503,4مسجد_شیخ_بسطامی.jpg,Has Arch,1,train,has_arch/4مسجد_شیخ_بسطامی.jpg
TRAIN_01504,"Darb-i_Kushk,_1901.jpg",Has Arch,1,train,"has_arch/Darb-i_Kushk,_1901.jpg"
TRAIN_01505,The_Jameh_mosque.jpg,Has Arch,1,train,has_arch/The_Jameh_mosque.jpg
TRAIN_01506,VarzanehBridge2.jpg,Has Arch,1,train,has_arch/VarzanehBridge2.jpg
TRAIN_01507,Nushabad_underground_City2019_2.jpg,No Arch,0,train,no_arch/Nushabad_underground_City2019_2.jpg
TRAIN_01508,Arg_of_Karim_Khan_05.jpg,Has Arch,1,train,has_arch/Arg_of_Karim_Khan_05.jpg
TRAIN_01509,Shaman_Castle_20190328_04.jpg,No Arch,0,train,no_arch/Shaman_Castle_20190328_04.jpg
TRAIN_01510,Nader4taqi.jpg,No Arch,0,train,no_arch/Nader4taqi.jpg
TRAIN_01511,Jameh_Mosque_of_Varamin_20190514_10.jpg,Has Arch,1,train,has_arch/Jameh_Mosque_of_Varamin_20190514_10.jpg
TRAIN_01512,Isfahan_-_Hafez_bridge_-_Jouyi_-_panoramio_(1).jpg,Has Arch,1,train,has_arch/Isfahan_-_Hafez_bridge_-_Jouyi_-_panoramio_(1).jpg
TRAIN_01513,Municipality_Building_at_night_-_panoramio.jpg,No Arch,0,train,no_arch/Municipality_Building_at_night_-_panoramio.jpg
TRAIN_01514,Jameh_Mosque_of_Isfahan_16_(cropped-dome).jpg,No Arch,0,train,no_arch/Jameh_Mosque_of_Isfahan_16_(cropped-dome).jpg
TRAIN_01515,Eftekhar_al-Tojar_Mausoleum2021_14.jpg,Has Arch,1,train,has_arch/Eftekhar_al-Tojar_Mausoleum2021_14.jpg
TRAIN_01516,Varzaneh_(53835672407).jpg,Has Arch,1,train,has_arch/Varzaneh_(53835672407).jpg
TRAIN_01517,Mosallah002.jpg,Has Arch,1,train,has_arch/Mosallah002.jpg
TRAIN_01518,IranKermanBazar3.jpg,Has Arch,1,train,has_arch/IranKermanBazar3.jpg
TRAIN_01519,"20170418_Inside,_in_the_bazaar_Tehran.jpg",Has Arch,1,train,"has_arch/20170418_Inside,_in_the_bazaar_Tehran.jpg"
TRAIN_01520,Abbasi_House_خانه_عباسیان_کاشان_07.jpg,Has Arch,1,train,has_arch/Abbasi_House_خانه_عباسیان_کاشان_07.jpg
TRAIN_01521,برج_کبوتران_مرداویج.jpg,No Arch,0,train,no_arch/برج_کبوتران_مرداویج.jpg
TRAIN_01522,Masjed_jame_yazd_(66).jpg,No Arch,0,train,no_arch/Masjed_jame_yazd_(66).jpg
TRAIN_01523,بازار_سردار1.jpg,Has Arch,1,train,has_arch/بازار_سردار1.jpg
TRAIN_01524,ترکیب_احجام_در_معماری_خانه_شقاقی.jpg,No Arch,0,train,no_arch/ترکیب_احجام_در_معماری_خانه_شقاقی.jpg
TRAIN_01525,قلعه_رباط.jpg,No Arch,0,train,no_arch/قلعه_رباط.jpg
TRAIN_01526,Mahya_ranjbaran.jpg,Has Arch,1,train,has_arch/Mahya_ranjbaran.jpg
TRAIN_01527,Ab_Anbar.jpg,No Arch,0,train,no_arch/Ab_Anbar.jpg
TRAIN_01528,Kharanaq_2002.jpg,No Arch,0,train,no_arch/Kharanaq_2002.jpg
TRAIN_01529,"Iran_,_Shiraz_,_Atigh_Jame_Mosque_,_Ivan.jpg",Has Arch,1,train,"has_arch/Iran_,_Shiraz_,_Atigh_Jame_Mosque_,_Ivan.jpg"
TRAIN_01530,Fazeli_sere_01.jpg,No Arch,0,train,no_arch/Fazeli_sere_01.jpg
TRAIN_01531,Inner_Dome_of_Jameh_Mosque_in_Natanz (1).jpg,No Arch,0,train,no_arch/Inner_Dome_of_Jameh_Mosque_in_Natanz (1).jpg
TRAIN_01532,کاروان_سرای_اصفاک.jpg,Has Arch,1,train,has_arch/کاروان_سرای_اصفاک.jpg
TRAIN_01533,داخل_مسجد_جامع_لنجان_اصفهان.jpg,Has Arch,1,train,has_arch/داخل_مسجد_جامع_لنجان_اصفهان.jpg
TRAIN_01534,View_of_under_the_dome_chamber.jpg,No Arch,0,train,no_arch/View_of_under_the_dome_chamber.jpg
TRAIN_01535,کلیسای_گریگوری_استپان_حضرت_مریم_همدان.jpg,No Arch,0,train,no_arch/کلیسای_گریگوری_استپان_حضرت_مریم_همدان.jpg
TRAIN_01536,1244.Bazaar.Tabriz_(1470550699).jpg,Has Arch,1,train,has_arch/1244.Bazaar.Tabriz_(1470550699).jpg
TRAIN_01537,Arg_of_Karim_Khan_(29).jpg,Has Arch,1,train,has_arch/Arg_of_Karim_Khan_(29).jpg
TRAIN_01538,Borgh-high-size.jpg,No Arch,0,train,no_arch/Borgh-high-size.jpg
TRAIN_01539,Tenesgol_Ecotourism_Resort2021-07-19_5 (1).jpg,No Arch,0,train,no_arch/Tenesgol_Ecotourism_Resort2021-07-19_5 (1).jpg
TRAIN_01540,"Emamzadeh_Qasem_,_Input_view_,_Japelagh,_Azna_.jpg",Has Arch,1,train,"has_arch/Emamzadeh_Qasem_,_Input_view_,_Japelagh,_Azna_.jpg"
TRAIN_01541,Darb-e_Kooshk_Gate.jpg,Has Arch,1,train,has_arch/Darb-e_Kooshk_Gate.jpg
TRAIN_01542,طاق_به_طاق_تا_بهشت.jpg,No Arch,0,train,no_arch/طاق_به_طاق_تا_بهشت.jpg
TRAIN_01543,Jameh_Mosque_of_Zavqan2018_12.jpg,No Arch,0,train,no_arch/Jameh_Mosque_of_Zavqan2018_12.jpg
TRAIN_01544,مسجددباباعبدالله.jpg,Has Arch,1,train,has_arch/مسجددباباعبدالله.jpg
TRAIN_01545,Tehran_Holy_Translators_Church_1.jpg,Has Arch,1,train,has_arch/Tehran_Holy_Translators_Church_1.jpg
TRAIN_01546,Artists_house(3).jpg,No Arch,0,train,no_arch/Artists_house(3).jpg
TRAIN_01547,Holy_carapt_church_3.jpg,No Arch,0,train,no_arch/Holy_carapt_church_3.jpg
TRAIN_01548,Atigh_Jame'_Mosque_1399021123142831520266904.jpg,Has Arch,1,train,has_arch/Atigh_Jame'_Mosque_1399021123142831520266904.jpg
TRAIN_01549,Narenjestan_e_Ghavam_(18870163966).jpg,No Arch,0,train,no_arch/Narenjestan_e_Ghavam_(18870163966).jpg
TRAIN_01550,Chehel_Sotoon_Palace_(17t._century)_Mirror_works_Esfahan_Iran_(19061978835).jpg,Has Arch,1,train,has_arch/Chehel_Sotoon_Palace_(17t._century)_Mirror_works_Esfahan_Iran_(19061978835).jpg
TRAIN_01551,اتاق_زیر_زمینی_قلعه_تل.jpg,No Arch,0,train,no_arch/اتاق_زیر_زمینی_قلعه_تل.jpg
TRAIN_01552,Saraye_omid_3.jpg,No Arch,0,train,no_arch/Saraye_omid_3.jpg
TRAIN_01553,Kazerun_Bazaar_1.jpg,Has Arch,1,train,has_arch/Kazerun_Bazaar_1.jpg
TRAIN_01554,Meybod_Caravanserai2023-03-23_4.jpg,Has Arch,1,train,has_arch/Meybod_Caravanserai2023-03-23_4.jpg
TRAIN_01555,Lotf_Ali_Khan_Zand_tomb_8062.jpg,Has Arch,1,train,has_arch/Lotf_Ali_Khan_Zand_tomb_8062.jpg
TRAIN_01556,Agha_khan_Liravi_Castle_20170330_02.jpg,No Arch,0,train,no_arch/Agha_khan_Liravi_Castle_20170330_02.jpg
TRAIN_01557,Dehnamak_Caravanserai_20190618_04.jpg,Has Arch,1,train,has_arch/Dehnamak_Caravanserai_20190618_04.jpg
TRAIN_01558,آب_انبار_حاج_آقا_رضا.jpg,No Arch,0,train,no_arch/آب_انبار_حاج_آقا_رضا.jpg
TRAIN_01559,AbuZeidAbad_Caravanserai_1.jpg,Has Arch,1,train,has_arch/AbuZeidAbad_Caravanserai_1.jpg
TRAIN_01560,مدرسه_گنجعلیخان_کاروان_سرای_گنجعلی_(23).jpg,Has Arch,1,train,has_arch/مدرسه_گنجعلیخان_کاروان_سرای_گنجعلی_(23).jpg
TRAIN_01561,Ali_0504.jpg,Has Arch,1,train,has_arch/Ali_0504.jpg
TRAIN_01562,Dolat-Abad_03.jpg,No Arch,0,train,no_arch/Dolat-Abad_03.jpg
TRAIN_01563,Bayazid_Bastami_8.jpg,Has Arch,1,train,has_arch/Bayazid_Bastami_8.jpg
TRAIN_01564,خانه_عباسی_ها_-کاشان-The_Abbasi_House-kashan_03.jpg,No Arch,0,train,no_arch/خانه_عباسی_ها_-کاشان-The_Abbasi_House-kashan_03.jpg
TRAIN_01565,قلعه_دروش_بگ.jpg,No Arch,0,train,no_arch/قلعه_دروش_بگ.jpg
TRAIN_01566,Jome-mecide5.jpg,No Arch,0,train,no_arch/Jome-mecide5.jpg
TRAIN_01567,Ali_Qapoo_-14.jpg,No Arch,0,train,no_arch/Ali_Qapoo_-14.jpg
TRAIN_01568,Irnt010-Isfahan-Meczet_Piątkowy.jpg,Has Arch,1,train,has_arch/Irnt010-Isfahan-Meczet_Piątkowy.jpg
TRAIN_01569,"Kashane_tower,_Bastam_برج_کاشانه،_بسطام_-_panoramio.jpg",No Arch,0,train,"no_arch/Kashane_tower,_Bastam_برج_کاشانه،_بسطام_-_panoramio.jpg"
TRAIN_01570,Ardabil_Bazaar_2020-04-09_08.jpg,Has Arch,1,train,has_arch/Ardabil_Bazaar_2020-04-09_08.jpg
TRAIN_01571,Iranian-residental-building-83546-4.jpg,No Arch,0,train,no_arch/Iranian-residental-building-83546-4.jpg
TRAIN_01572,3-_kelisa_vank.jpg,Has Arch,1,train,has_arch/3-_kelisa_vank.jpg
TRAIN_01573,Ali-qapu-2.jpg,Has Arch,1,train,has_arch/Ali-qapu-2.jpg
TRAIN_01574,Cheshmeh-Mansion-Lavasan-Amin-Ferdousi-CAOI---30422.jpg,No Arch,0,train,no_arch/Cheshmeh-Mansion-Lavasan-Amin-Ferdousi-CAOI---30422.jpg
TRAIN_01575,Kashan_-_Timche-ye_Amin_od-Dowleh_-_20140512_-_JB.jpg,Has Arch,1,train,has_arch/Kashan_-_Timche-ye_Amin_od-Dowleh_-_20140512_-_JB.jpg
TRAIN_01576,1396010612501716910379894_خیابان_۳۰_تیر.jpg,Has Arch,1,train,has_arch/1396010612501716910379894_خیابان_۳۰_تیر.jpg
TRAIN_01577,سرای_گلشن-5.jpg,Has Arch,1,train,has_arch/سرای_گلشن-5.jpg
TRAIN_01578,Urmia_Bazaar-03.jpg,Has Arch,1,train,has_arch/Urmia_Bazaar-03.jpg
TRAIN_01579,Isfahan_-_31233889081 (1).jpg,No Arch,0,train,no_arch/Isfahan_-_31233889081 (1).jpg
TRAIN_01580,"Casa_histórica_de_Abbasi,_Kashan,_Irán,_2016-09-19,_DD_73.jpg",Has Arch,1,train,"has_arch/Casa_histórica_de_Abbasi,_Kashan,_Irán,_2016-09-19,_DD_73.jpg"
TRAIN_01581,Madrasa_of_Shah_Mosque_Isfahan_2014_(1).jpg,Has Arch,1,train,has_arch/Madrasa_of_Shah_Mosque_Isfahan_2014_(1).jpg
TRAIN_01582,The_Cathedral_in_Esfahan.jpg,Has Arch,1,train,has_arch/The_Cathedral_in_Esfahan.jpg
TRAIN_01583,2012_Tabriz_7421722916.jpg,Has Arch,1,train,has_arch/2012_Tabriz_7421722916.jpg
TRAIN_01584,3513_قلعه_شیخ_نصوری_سیراف_بوشهر.jpg,No Arch,0,train,no_arch/3513_قلعه_شیخ_نصوری_سیراف_بوشهر.jpg
TRAIN_01585,Mausoleum_of_Sheikh_Ala_ud-Daula_Simnani_2020-04-06_43.jpg,Has Arch,1,train,has_arch/Mausoleum_of_Sheikh_Ala_ud-Daula_Simnani_2020-04-06_43.jpg
TRAIN_01586,Jame'_Mosque_of_Damghan_2019-04-04_09.jpg,Has Arch,1,train,has_arch/Jame'_Mosque_of_Damghan_2019-04-04_09.jpg
TRAIN_01587,گنبد_و_بنای_مسجد_جامع_ساوه_از_بیرون.jpg,No Arch,0,train,no_arch/گنبد_و_بنای_مسجد_جامع_ساوه_از_بیرون.jpg
TRAIN_01588,Kondor-2_Ab_Anbar2021_2.jpg,No Arch,0,train,no_arch/Kondor-2_Ab_Anbar2021_2.jpg
TRAIN_01589,Qazvin_bazaar20180714_152651.jpg,Has Arch,1,train,has_arch/Qazvin_bazaar20180714_152651.jpg
TRAIN_01590,Bazar_vakil_(16).jpg,No Arch,0,train,no_arch/Bazar_vakil_(16).jpg
TRAIN_01591,Courtyard_and_iwan.jpg,Has Arch,1,train,has_arch/Courtyard_and_iwan.jpg
TRAIN_01592,Jalali_Castle_And_adjacent_Icehouses2019_17.jpg,No Arch,0,train,no_arch/Jalali_Castle_And_adjacent_Icehouses2019_17.jpg
TRAIN_01593,Negarestan_museum_kamalolmolk.jpg,No Arch,0,train,no_arch/Negarestan_museum_kamalolmolk.jpg
TRAIN_01594,نمای_کلی_مجموعه_تاریخی_بسطام_-_panoramio.jpg,Has Arch,1,train,has_arch/نمای_کلی_مجموعه_تاریخی_بسطام_-_panoramio.jpg
TRAIN_01595,Iran_2007_192_Chehel_palace_(1732691420).jpg,No Arch,0,train,no_arch/Iran_2007_192_Chehel_palace_(1732691420).jpg
TRAIN_01596,Qeysarieh.jpg,Has Arch,1,train,has_arch/Qeysarieh.jpg
TRAIN_01597,مسجد_آقابزرگ_کاشان_ایران-Agha_Bozorg_mosque_KASHAN_01.jpg,Has Arch,1,train,has_arch/مسجد_آقابزرگ_کاشان_ایران-Agha_Bozorg_mosque_KASHAN_01.jpg
TRAIN_01598,Hamame_kordasht_(2).jpg,Has Arch,1,train,has_arch/Hamame_kordasht_(2).jpg
TRAIN_01599,Tehran_Bazaar.jpg,Has Arch,1,train,has_arch/Tehran_Bazaar.jpg
TRAIN_01600,Hashtpayeh_Reservoir_of_Sabzevar_04.jpg,Has Arch,1,train,has_arch/Hashtpayeh_Reservoir_of_Sabzevar_04.jpg
TRAIN_01601,Chapel_of_Chupan_2016-12-10_13.jpg,No Arch,0,train,no_arch/Chapel_of_Chupan_2016-12-10_13.jpg
TRAIN_01602,Post_Iran_Central_Office_2.jpg,No Arch,0,train,no_arch/Post_Iran_Central_Office_2.jpg
TRAIN_01603,Shahfiruz_0_(2).jpg,Has Arch,1,train,has_arch/Shahfiruz_0_(2).jpg
TRAIN_01604,"Isfahán,_Mezquita_del_Shah_(2000)_15.jpg",Has Arch,1,train,"has_arch/Isfahán,_Mezquita_del_Shah_(2000)_15.jpg"
TRAIN_01605,Adel_Bazmeh.jpg,No Arch,0,train,no_arch/Adel_Bazmeh.jpg
TRAIN_01606,Green_Palace_(8754608182).jpg,Has Arch,1,train,has_arch/Green_Palace_(8754608182).jpg
TRAIN_01607,نمای_سه_رخ_رباط_شرف.jpg,Has Arch,1,train,has_arch/نمای_سه_رخ_رباط_شرف.jpg
TRAIN_01608,Bidkhori_Historic_House_01.jpg,No Arch,0,train,no_arch/Bidkhori_Historic_House_01.jpg
TRAIN_01609,Serkis_Khoy.jpg,No Arch,0,train,no_arch/Serkis_Khoy.jpg
TRAIN_01610,Madar_Shah_Caravanserai-_Murchehkhort_Iran.jpg,Has Arch,1,train,has_arch/Madar_Shah_Caravanserai-_Murchehkhort_Iran.jpg
TRAIN_01611,Rehnan_mosque3.jpg,No Arch,0,train,no_arch/Rehnan_mosque3.jpg
TRAIN_01612,Gonbad_Ghafarie.jpg,No Arch,0,train,no_arch/Gonbad_Ghafarie.jpg
TRAIN_01613,14کاروانسرای_چاله_سیاه.jpg,Has Arch,1,train,has_arch/14کاروانسرای_چاله_سیاه.jpg
TRAIN_01614,Maarnaan_Bridge_3.jpg,Has Arch,1,train,has_arch/Maarnaan_Bridge_3.jpg
TRAIN_01615,GONBADMODAVAR4.jpg,Has Arch,1,train,has_arch/GONBADMODAVAR4.jpg
TRAIN_01616,Colorlights.jpg,Has Arch,1,train,has_arch/Colorlights.jpg
TRAIN_01617,Sheikh_Lotfollah_Mosque_-5.jpg,No Arch,0,train,no_arch/Sheikh_Lotfollah_Mosque_-5.jpg
TRAIN_01618,2قبر_هلاکوخان.jpg,No Arch,0,train,no_arch/2قبر_هلاکوخان.jpg
TRAIN_01619,TehranCathedral.jpg,No Arch,0,train,no_arch/TehranCathedral.jpg
TRAIN_01620,Mosques_in_Isfahan_03.jpg,Has Arch,1,train,has_arch/Mosques_in_Isfahan_03.jpg
TRAIN_01621,Khaje_Nazar_Caravanserai5.jpg,Has Arch,1,train,has_arch/Khaje_Nazar_Caravanserai5.jpg
TRAIN_01622,The_Shah_Mosque_مسجد_شاه_اصفهان_11.jpg,No Arch,0,train,no_arch/The_Shah_Mosque_مسجد_شاه_اصفهان_11.jpg
TRAIN_01623,Cubic-Home-Amirdasht-Mazandaran-BOL-Architects---30245.jpg,No Arch,0,train,no_arch/Cubic-Home-Amirdasht-Mazandaran-BOL-Architects---30245.jpg
TRAIN_01624,Shah_Abbasi_Caravanserai_of_Bisotun2015-05-21_2.jpg,Has Arch,1,train,has_arch/Shah_Abbasi_Caravanserai_of_Bisotun2015-05-21_2.jpg
TRAIN_01625,Zanjan_Bazaar_2020-03-14_12.jpg,Has Arch,1,train,has_arch/Zanjan_Bazaar_2020-03-14_12.jpg
TRAIN_01626,مدرسه_چهارباغ_اصفهان_03.jpg,Has Arch,1,train,has_arch/مدرسه_چهارباغ_اصفهان_03.jpg
TRAIN_01627,NAAM-project-in-Tehran-FDH-studio-Yard-and-Staircase---29640.jpg,No Arch,0,train,no_arch/NAAM-project-in-Tehran-FDH-studio-Yard-and-Staircase---29640.jpg
TRAIN_01628,Abbasgholi_Khan_Shamloo.jpg,No Arch,0,train,no_arch/Abbasgholi_Khan_Shamloo.jpg
TRAIN_01629,"Casa_histórica_de_Abbasi,_Kashan,_Irán,_2016-09-19,_DD_76.jpg",Has Arch,1,train,"has_arch/Casa_histórica_de_Abbasi,_Kashan,_Irán,_2016-09-19,_DD_76.jpg"
TRAIN_01630,قسمت_اداری_کارخانه_ریسندگی_سمنان.jpg,No Arch,0,train,no_arch/قسمت_اداری_کارخانه_ریسندگی_سمنان.jpg
TRAIN_01631,"Jameh_Mosque,_Kerman_02.jpg",Has Arch,1,train,"has_arch/Jameh_Mosque,_Kerman_02.jpg"
TRAIN_01632,Ecbatana2024-07-30_42.jpg,No Arch,0,train,no_arch/Ecbatana2024-07-30_42.jpg
TRAIN_01633,Imamzadeh_Seyed_Mohammad_Kashi_in_Kazerun.jpg,No Arch,0,train,no_arch/Imamzadeh_Seyed_Mohammad_Kashi_in_Kazerun.jpg
TRAIN_01634,Pol-e_Khajoo_(Isfahan)_005.jpg,Has Arch,1,train,has_arch/Pol-e_Khajoo_(Isfahan)_005.jpg
TRAIN_01635,آب_انبار_رستم_گیو_میثم_مظفری_(cropped).jpg,No Arch,0,train,no_arch/آب_انبار_رستم_گیو_میثم_مظفری_(cropped).jpg
TRAIN_01636,"Haaron_o_rashid_Gaol,_Mesgar_Abad_زندان_باستانی_هارون_الرشید_مسگرآباد_-_panoramio.jpg",No Arch,0,train,"no_arch/Haaron_o_rashid_Gaol,_Mesgar_Abad_زندان_باستانی_هارون_الرشید_مسگرآباد_-_panoramio.jpg"
TRAIN_01637,Catholic_Church3.jpg,Has Arch,1,train,has_arch/Catholic_Church3.jpg
TRAIN_01638,20000000.jpg,No Arch,0,train,no_arch/20000000.jpg
TRAIN_01639,Golshan_Madrasah-2013_Nishapur.jpg,Has Arch,1,train,has_arch/Golshan_Madrasah-2013_Nishapur.jpg
TRAIN_01640,حزینه_حمام_توده.jpg,Has Arch,1,train,has_arch/حزینه_حمام_توده.jpg
TRAIN_01641,Kheirabad_school_20170327_21.jpg,No Arch,0,train,no_arch/Kheirabad_school_20170327_21.jpg
TRAIN_01642,ایران-خراسان_رضوی_-_نیشابور_قلعه_ی_تاریخی_لک_لک_آشیان_-_بافت_و_ساختار_ضلع_غربی_درونی_قلعه-2.jpg,No Arch,0,train,no_arch/ایران-خراسان_رضوی_-_نیشابور_قلعه_ی_تاریخی_لک_لک_آشیان_-_بافت_و_ساختار_ضلع_غربی_درونی_قلعه-2.jpg
TRAIN_01643,IMG2789.jp.jpg,Has Arch,1,train,has_arch/IMG2789.jp.jpg
TRAIN_01644,MadareShahMosque.jpg,Has Arch,1,train,has_arch/MadareShahMosque.jpg
TRAIN_01645,Ali_Ebn_Jafar_نمایی_از_معماری_داخلی_علی_ابن_جعفر_در_قم.jpg,No Arch,0,train,no_arch/Ali_Ebn_Jafar_نمایی_از_معماری_داخلی_علی_ابن_جعفر_در_قم.jpg
TRAIN_01646,Green_Dome_-_Mashhad_-_04.jpg,Has Arch,1,train,has_arch/Green_Dome_-_Mashhad_-_04.jpg
TRAIN_01647,Hashtpayeh_Reservoir_of_Sabzevar_04_(cropped).jpg,Has Arch,1,train,has_arch/Hashtpayeh_Reservoir_of_Sabzevar_04_(cropped).jpg
TRAIN_01648,Bandar_abbas-masjed_galehdari.jpg,No Arch,0,train,no_arch/Bandar_abbas-masjed_galehdari.jpg
TRAIN_01649,سردر_غربی_ورزشگاه_آزادی.jpg,No Arch,0,train,no_arch/سردر_غربی_ورزشگاه_آزادی.jpg
TRAIN_01650,Kenargerd_Caravanserai_2019-07-10_01.jpg,Has Arch,1,train,has_arch/Kenargerd_Caravanserai_2019-07-10_01.jpg
TRAIN_01651,01_saied_naderinia.jpg,Has Arch,1,train,has_arch/01_saied_naderinia.jpg
TRAIN_01652,Khaju_Bridge_Isfahan_Aarash_(27).jpg,Has Arch,1,train,has_arch/Khaju_Bridge_Isfahan_Aarash_(27).jpg
TRAIN_01653,مسجد_شکرالله_دامغان.jpg,No Arch,0,train,no_arch/مسجد_شکرالله_دامغان.jpg
TRAIN_01654,خانقاه_شیخ_علاءالدوله_سمنانی2.jpg,Has Arch,1,train,has_arch/خانقاه_شیخ_علاءالدوله_سمنانی2.jpg
TRAIN_01655,Ganjali_khan_Caravanserai_تصویر_اصلی_Duplicate.jpg,Has Arch,1,train,has_arch/Ganjali_khan_Caravanserai_تصویر_اصلی_Duplicate.jpg
TRAIN_01656,Calm_of_Colors.jpg,Has Arch,1,train,has_arch/Calm_of_Colors.jpg
TRAIN_01657,ورودی_باغ_پایین.jpg,Has Arch,1,train,has_arch/ورودی_باغ_پایین.jpg
TRAIN_01658,1399011712542941520062954_بازار_تهران_بعد_از_تعطیلات_نوروز.jpg,Has Arch,1,train,has_arch/1399011712542941520062954_بازار_تهران_بعد_از_تعطیلات_نوروز.jpg
TRAIN_01659,اتاق_زیر_زمین_قلعه_تل_با_سقف_زیبا.jpg,Has Arch,1,train,has_arch/اتاق_زیر_زمین_قلعه_تل_با_سقف_زیبا.jpg
TRAIN_01660,1397112918570171216690274_منیریه.jpg,No Arch,0,train,no_arch/1397112918570171216690274_منیریه.jpg
TRAIN_01661,Abbasi_caravanserai_of_Nishapur_6.jpg,Has Arch,1,train,has_arch/Abbasi_caravanserai_of_Nishapur_6.jpg
TRAIN_01662,Ghasemabad_Caravanserai_Windcatcher.jpg,No Arch,0,train,no_arch/Ghasemabad_Caravanserai_Windcatcher.jpg
TRAIN_01663,Dezful_Jame_Mosque_3.jpg,Has Arch,1,train,has_arch/Dezful_Jame_Mosque_3.jpg
TRAIN_01664,امام_زاده_طاهر.jpg,Has Arch,1,train,has_arch/امام_زاده_طاهر.jpg
TRAIN_01665,Kheirabad_school_20170327_28.jpg,Has Arch,1,train,has_arch/Kheirabad_school_20170327_28.jpg
TRAIN_01666,Abbasid_Caravanseray_of_Nishapur_(Ribati-i-Abbasi_of_Nishapur)_-_Morning_212.jpg,No Arch,0,train,no_arch/Abbasid_Caravanseray_of_Nishapur_(Ribati-i-Abbasi_of_Nishapur)_-_Morning_212.jpg
TRAIN_01667,Bahram216.jpg,No Arch,0,train,no_arch/Bahram216.jpg
TRAIN_01668,"Imam_Zadeh_Saleh,_Téhéran_(3).jpg",Has Arch,1,train,"has_arch/Imam_Zadeh_Saleh,_Téhéran_(3).jpg"
TRAIN_01669,White_Palace_(8753483985).jpg,No Arch,0,train,no_arch/White_Palace_(8753483985).jpg
TRAIN_01670,Ovlia_Caravanserai_of_Sabzevar_01_(cropped).jpg,No Arch,0,train,no_arch/Ovlia_Caravanserai_of_Sabzevar_01_(cropped).jpg
TRAIN_01671,Detail_of_mihrab_decoration.jpg,No Arch,0,train,no_arch/Detail_of_mihrab_decoration.jpg
TRAIN_01672,شیخ_یوسف_سروستانی.jpg,No Arch,0,train,no_arch/شیخ_یوسف_سروستانی.jpg
TRAIN_01673,مسجد_جامع_دزفول_02.jpg,Has Arch,1,train,has_arch/مسجد_جامع_دزفول_02.jpg
TRAIN_01674,Sheikh_Lotfollah_Mosque_8.jpg,No Arch,0,train,no_arch/Sheikh_Lotfollah_Mosque_8.jpg
TRAIN_01675,"Atiq_mosque,shiraz,_by_Ghazal_kohandel.jpg",Has Arch,1,train,"has_arch/Atiq_mosque,shiraz,_by_Ghazal_kohandel.jpg"
TRAIN_01676,Jameh_Mosque_of_Urmia-5.jpg,Has Arch,1,train,has_arch/Jameh_Mosque_of_Urmia-5.jpg
TRAIN_01677,تکیه_سید_العراقین.jpg,No Arch,0,train,no_arch/تکیه_سید_العراقین.jpg
TRAIN_01678,Hajib_Caravansarai2020_7.jpg,Has Arch,1,train,has_arch/Hajib_Caravansarai2020_7.jpg
TRAIN_01679,Nasirolmolk-23.aug.2017_-_3.jpg,Has Arch,1,train,has_arch/Nasirolmolk-23.aug.2017_-_3.jpg
TRAIN_01680,Gonbad-e_Jabaliyeh_or_Stone_Tower_of_Kerman_(49686236628).jpg,No Arch,0,train,no_arch/Gonbad-e_Jabaliyeh_or_Stone_Tower_of_Kerman_(49686236628).jpg
TRAIN_01681,Aligholi_agha_3.jpg,Has Arch,1,train,has_arch/Aligholi_agha_3.jpg
TRAIN_01682,Courtyard_iwans_Shah_Mosque_Isfahan_2014_(5).jpg,Has Arch,1,train,has_arch/Courtyard_iwans_Shah_Mosque_Isfahan_2014_(5).jpg
TRAIN_01683,Screenshot (729).png,Has Arch,1,train,has_arch/Screenshot (729).png
TRAIN_01684,Cantor_church-bell_tower.jpg,No Arch,0,train,no_arch/Cantor_church-bell_tower.jpg
TRAIN_01685,Post_Iran_Central_Office_5.jpg,No Arch,0,train,no_arch/Post_Iran_Central_Office_5.jpg
TRAIN_01686,Chapel_of_Chupan_Jolfa_iran02.jpg,No Arch,0,train,no_arch/Chapel_of_Chupan_Jolfa_iran02.jpg
TRAIN_01687,"Tehran_Bazaar,_Tehran,_Tehran_Province,_Iran_-_panoramio_(3).jpg",No Arch,0,train,"no_arch/Tehran_Bazaar,_Tehran,_Tehran_Province,_Iran_-_panoramio_(3).jpg"
TRAIN_01688,Qırmızı_günbəz_türbəsi_202209_(15).jpg,Has Arch,1,train,has_arch/Qırmızı_günbəz_türbəsi_202209_(15).jpg
TRAIN_01689,20180319_163159Kerman_Bazar.jpg,Has Arch,1,train,has_arch/20180319_163159Kerman_Bazar.jpg
TRAIN_01690,Kenargerd_Caravanserai_by_Mardetanha_(1)_17.jpg,Has Arch,1,train,has_arch/Kenargerd_Caravanserai_by_Mardetanha_(1)_17.jpg
TRAIN_01691,پرسپکتیو_در_معماری_ایرانی.jpg,No Arch,0,train,no_arch/پرسپکتیو_در_معماری_ایرانی.jpg
TRAIN_01692,Hotel_Ramsar_(14385916733).jpg,No Arch,0,train,no_arch/Hotel_Ramsar_(14385916733).jpg
TRAIN_01693,Winter-house-in-Bukan-Iran-by-Shoresh-Abed-CAOI---25493.jpg,No Arch,0,train,no_arch/Winter-house-in-Bukan-Iran-by-Shoresh-Abed-CAOI---25493.jpg
TRAIN_01694,Covered_passageway_of_bazaar.jpg,Has Arch,1,train,has_arch/Covered_passageway_of_bazaar.jpg
TRAIN_01695,Sa'd_al-Saltaneh_Caravanserai2019_19.jpg,Has Arch,1,train,has_arch/Sa'd_al-Saltaneh_Caravanserai2019_19.jpg
TRAIN_01696,Arg_Alishah3.jpg,Has Arch,1,train,has_arch/Arg_Alishah3.jpg
TRAIN_01697,"Alexander's_Prison,_Yazd_10.jpg",No Arch,0,train,"no_arch/Alexander's_Prison,_Yazd_10.jpg"
TRAIN_01698,DSC_0313_(NXPowerLite)_(1600x1200).jpg,Has Arch,1,train,has_arch/DSC_0313_(NXPowerLite)_(1600x1200).jpg
TRAIN_01699,Sinamabahmaan.jpg,No Arch,0,train,no_arch/Sinamabahmaan.jpg
TRAIN_01700,TheGrandTeemcheh.jpg,Has Arch,1,train,has_arch/TheGrandTeemcheh.jpg
TRAIN_01701,Oudlajan_Area_of_Tehran_MSH_(4).jpg,No Arch,0,train,no_arch/Oudlajan_Area_of_Tehran_MSH_(4).jpg
TRAIN_01702,روزنه_ای_رو_به_هستی.jpg,No Arch,0,train,no_arch/روزنه_ای_رو_به_هستی.jpg
TRAIN_01703,Fazeli_house_37.jpg,No Arch,0,train,no_arch/Fazeli_house_37.jpg
TRAIN_01704,slide17.jpg,Has Arch,1,train,has_arch/slide17.jpg
TRAIN_01705,Miandasht_Caravanserai2023-07-31_25.jpg,No Arch,0,train,no_arch/Miandasht_Caravanserai2023-07-31_25.jpg
TRAIN_01706,تخت_فولاد96.jpg,No Arch,0,train,no_arch/تخت_فولاد96.jpg
TRAIN_01707,Chalabiogloo.jpg,Has Arch,1,train,has_arch/Chalabiogloo.jpg
TRAIN_01708,Anglo-Persian_Oil_Company_former_building_in_Tehran_1.jpg,No Arch,0,train,no_arch/Anglo-Persian_Oil_Company_former_building_in_Tehran_1.jpg
TRAIN_01709,Isfahan_-_Under_Khajoo_bridge_-_panoramio.jpg,Has Arch,1,train,has_arch/Isfahan_-_Under_Khajoo_bridge_-_panoramio.jpg
TRAIN_01710,"Faculty_of_Agriculture,_University_of_Tehran_-_60,_2024.jpg",No Arch,0,train,"no_arch/Faculty_of_Agriculture,_University_of_Tehran_-_60,_2024.jpg"
TRAIN_01711,ارگ_ناژوان_و_کوه_آتشگاه.jpg,No Arch,0,train,no_arch/ارگ_ناژوان_و_کوه_آتشگاه.jpg
TRAIN_01712,Before-Renovation-Sanandaj-Renovation-Center--9907.jpg,No Arch,0,train,no_arch/Before-Renovation-Sanandaj-Renovation-Center--9907.jpg
TRAIN_01713,بازار_کرمان1.jpg,Has Arch,1,train,has_arch/بازار_کرمان1.jpg
TRAIN_01714,House_of_artists(1).jpg,No Arch,0,train,no_arch/House_of_artists(1).jpg
TRAIN_01715,خانه_آل_یاسین_کاشان_-al_yasin_house_in_kashan_03.jpg,No Arch,0,train,no_arch/خانه_آل_یاسین_کاشان_-al_yasin_house_in_kashan_03.jpg
TRAIN_01716,آبانبار_1.jpg,No Arch,0,train,no_arch/آبانبار_1.jpg
TRAIN_01717,32239-Isfahan-Chehel-Sotoon-Museum_(3445678427).jpg,No Arch,0,train,no_arch/32239-Isfahan-Chehel-Sotoon-Museum_(3445678427).jpg
TRAIN_01718,Pir_najmeddin.jpg,No Arch,0,train,no_arch/Pir_najmeddin.jpg
TRAIN_01719,Kenargerd_Caravanserai_2019-07-10_22.jpg,Has Arch,1,train,has_arch/Kenargerd_Caravanserai_2019-07-10_22.jpg
TRAIN_01720,IMG_ارامگاه_پیر_پالان_دوز4.jpg,Has Arch,1,train,has_arch/IMG_ارامگاه_پیر_پالان_دوز4.jpg
TRAIN_01721,Talar_ceiling_of_Ali_Qapu_21.jpg,No Arch,0,train,no_arch/Talar_ceiling_of_Ali_Qapu_21.jpg
TRAIN_01722,Dômes_(28423657826).jpg,No Arch,0,train,no_arch/Dômes_(28423657826).jpg
TRAIN_01723,خانه_عباسی_ها_-کاشان-The_Abbasi_House-kashan_37.jpg,No Arch,0,train,no_arch/خانه_عباسی_ها_-کاشان-The_Abbasi_House-kashan_37.jpg
TRAIN_01724,Naqsh-e_Jahan_Square_Isfahan_Aarash_(47).jpg,Has Arch,1,train,has_arch/Naqsh-e_Jahan_Square_Isfahan_Aarash_(47).jpg
TRAIN_01725,قسمت_اصلی_حمام_توده.jpg,Has Arch,1,train,has_arch/قسمت_اصلی_حمام_توده.jpg
TRAIN_01726,حیات_اصلی.jpg,Has Arch,1,train,has_arch/حیات_اصلی.jpg
TRAIN_01727,Yazd_entrance.jpg,Has Arch,1,train,has_arch/Yazd_entrance.jpg
TRAIN_01728,Inside_the_Zein-o-din_Caravanserai_(6223158975).jpg,Has Arch,1,train,has_arch/Inside_the_Zein-o-din_Caravanserai_(6223158975).jpg
TRAIN_01729,Khanat1.jpg,Has Arch,1,train,has_arch/Khanat1.jpg
TRAIN_01730,Agha_bozorg_mosque_enterance.jpg,Has Arch,1,train,has_arch/Agha_bozorg_mosque_enterance.jpg
TRAIN_01731,View_of_the_fortified_village_from_the_nearby_caravanserai.jpg,Has Arch,1,train,has_arch/View_of_the_fortified_village_from_the_nearby_caravanserai.jpg
TRAIN_01732,کاروان_سرای_خرگور_5.jpg,Has Arch,1,train,has_arch/کاروان_سرای_خرگور_5.jpg
TRAIN_01733,Bafte_ghadime_yazd_(76) - Copy.jpg,Has Arch,1,train,has_arch/Bafte_ghadime_yazd_(76) - Copy.jpg
TRAIN_01734,Kenargerd_Caravanserai_by_Mardetanha_(1)_02.jpg,Has Arch,1,train,has_arch/Kenargerd_Caravanserai_by_Mardetanha_(1)_02.jpg
TRAIN_01735,00989132190449مجیر.jpg,No Arch,0,train,no_arch/00989132190449مجیر.jpg
TRAIN_01736,Joubi_Bridge_Isfahan_Aarash_(2).jpg,Has Arch,1,train,has_arch/Joubi_Bridge_Isfahan_Aarash_(2).jpg
TRAIN_01737,"Center_art_detail,_Mezquita_Shah,_Teherán,_Irán,_2016-09-17,_DD_49-51_HDR_(cropped).jpg",No Arch,0,train,"no_arch/Center_art_detail,_Mezquita_Shah,_Teherán,_Irán,_2016-09-17,_DD_49-51_HDR_(cropped).jpg"
TRAIN_01738,حمام_کردشت.jpg,Has Arch,1,train,has_arch/حمام_کردشت.jpg
TRAIN_01739,AminAbad94_(3).jpg,Has Arch,1,train,has_arch/AminAbad94_(3).jpg
TRAIN_01740,"Khaju_Bridge,_Isfahan_04.jpg",Has Arch,1,train,"has_arch/Khaju_Bridge,_Isfahan_04.jpg"
TRAIN_01741,GnbdQfri2.jpg,No Arch,0,train,no_arch/GnbdQfri2.jpg
TRAIN_01742,Passage_1.jpg,Has Arch,1,train,has_arch/Passage_1.jpg
TRAIN_01743,ایوان_ورودی_کاروانسرای_حاج_کمال.jpg,Has Arch,1,train,has_arch/ایوان_ورودی_کاروانسرای_حاج_کمال.jpg
TRAIN_01744,Caravansary_Courtyard_Meybod.jpg,Has Arch,1,train,has_arch/Caravansary_Courtyard_Meybod.jpg
TRAIN_01745,KOSHKE_NO.jpg,Has Arch,1,train,has_arch/KOSHKE_NO.jpg
TRAIN_01746,Farhang.jpg,No Arch,0,train,no_arch/Farhang.jpg
TRAIN_01747,Odlaijan.jpg,Has Arch,1,train,has_arch/Odlaijan.jpg
TRAIN_01748,شاهزاده_ابراهیم_قم-emamzade_ebrahim_qom_iran.jpg,No Arch,0,train,no_arch/شاهزاده_ابراهیم_قم-emamzade_ebrahim_qom_iran.jpg
TRAIN_01749,مسجد_جامع_اصفهان_(داخل).jpg,Has Arch,1,train,has_arch/مسجد_جامع_اصفهان_(داخل).jpg
TRAIN_01750,Kheirabad_school_20170327_15.jpg,Has Arch,1,train,has_arch/Kheirabad_school_20170327_15.jpg
TRAIN_01751,Khaneh_Tabatabaei-ha_or__The_Tabatabaeis'_House__(6224055502).jpg,Has Arch,1,train,has_arch/Khaneh_Tabatabaei-ha_or__The_Tabatabaeis'_House__(6224055502).jpg
TRAIN_01752,Varamin_Grand_Mosque_-_Decorations_on_a_Wall.jpg,No Arch,0,train,no_arch/Varamin_Grand_Mosque_-_Decorations_on_a_Wall.jpg
TRAIN_01753,مدرسه_علیا_فردوس_10.jpg,Has Arch,1,train,has_arch/مدرسه_علیا_فردوس_10.jpg
TRAIN_01754,Seh_Kohye_Castle2020_11.jpg,Has Arch,1,train,has_arch/Seh_Kohye_Castle2020_11.jpg
TRAIN_01755,Abbasid_Caravanseray_of_Nishapur_(Ribati-i-Abbasi_of_Nishapur)_-_Morning_002 (1).jpg,Has Arch,1,train,has_arch/Abbasid_Caravanseray_of_Nishapur_(Ribati-i-Abbasi_of_Nishapur)_-_Morning_002 (1).jpg
TRAIN_01756,3523437_ARF8258_06.jpg,No Arch,0,train,no_arch/3523437_ARF8258_06.jpg
TRAIN_01757,۲۰۱۹۱۰۰۳_۱۹۳۹۴۴تصاویر_فضاهای_بیرونی_مسجد_امام_خمینی_تهران_توسط_محمدرضا_بنانی_شماره.jpg,Has Arch,1,train,has_arch/۲۰۱۹۱۰۰۳_۱۹۳۹۴۴تصاویر_فضاهای_بیرونی_مسجد_امام_خمینی_تهران_توسط_محمدرضا_بنانی_شماره.jpg
TRAIN_01758,1-Atigh-Square-Alireza-Okhovat-2800.jpg,Has Arch,1,train,has_arch/1-Atigh-Square-Alireza-Okhovat-2800.jpg
TRAIN_01759,Maragheh_Train_station.jpg,No Arch,0,train,no_arch/Maragheh_Train_station.jpg
TRAIN_01760,2007_bazaar_Tabriz_1470552385.jpg,Has Arch,1,train,has_arch/2007_bazaar_Tabriz_1470552385.jpg
TRAIN_01761,NAAM-project-in-Tehran-FDH-studio--Roof-design--9674.jpg,No Arch,0,train,no_arch/NAAM-project-in-Tehran-FDH-studio--Roof-design--9674.jpg
TRAIN_01762,Jama_Masjid_Isfahan_Aarash_(221).jpg,Has Arch,1,train,has_arch/Jama_Masjid_Isfahan_Aarash_(221).jpg
TRAIN_01763,مردم_نشسته_بر_روی_حوض_جلوی_سردر_قیصریه.jpg,Has Arch,1,train,has_arch/مردم_نشسته_بر_روی_حوض_جلوی_سردر_قیصریه.jpg
TRAIN_01764,Khavidak_old_castle_-_panoramio_(2).jpg,No Arch,0,train,no_arch/Khavidak_old_castle_-_panoramio_(2).jpg
TRAIN_01765,آب_انبار_نو_ساری.jpg,No Arch,0,train,no_arch/آب_انبار_نو_ساری.jpg
TRAIN_01766,Zahedan_Roofed_Bazaar2023-04-01.jpg,Has Arch,1,train,has_arch/Zahedan_Roofed_Bazaar2023-04-01.jpg
TRAIN_01767,1268710.jpg,Has Arch,1,train,has_arch/1268710.jpg
TRAIN_01768,Saadi_Tomb_02.jpg,Has Arch,1,train,has_arch/Saadi_Tomb_02.jpg
TRAIN_01769,مدرسه_فرانسویها.jpg,Has Arch,1,train,has_arch/مدرسه_فرانسویها.jpg
TRAIN_01770,Rehnan_mosque6.jpg,No Arch,0,train,no_arch/Rehnan_mosque6.jpg
TRAIN_01771,NAAM-project-in-Tehran-FDH-studio-Yard-and-Staircase--9638.jpg,No Arch,0,train,no_arch/NAAM-project-in-Tehran-FDH-studio-Yard-and-Staircase--9638.jpg
TRAIN_01772,"Imamzadeh_Yaha,_Varamin.jpg",Has Arch,1,train,"has_arch/Imamzadeh_Yaha,_Varamin.jpg"
TRAIN_01773,نمای_پشت_کاخ_مرمر_رامسر.jpg,No Arch,0,train,no_arch/نمای_پشت_کاخ_مرمر_رامسر.jpg
TRAIN_01774,Bidokht.jpg,Has Arch,1,train,has_arch/Bidokht.jpg
TRAIN_01775,201312_iran_yazd_04_(12467966064).jpg,No Arch,0,train,no_arch/201312_iran_yazd_04_(12467966064).jpg
TRAIN_01776,Mehdi_Qoli_Beyk_Hammam2022-08-13_20.jpg,Has Arch,1,train,has_arch/Mehdi_Qoli_Beyk_Hammam2022-08-13_20.jpg
TRAIN_01777,1397111510110591916539014_محله_اکباتان.jpg,No Arch,0,train,no_arch/1397111510110591916539014_محله_اکباتان.jpg
TRAIN_01778,Jameh_Mosque_of_Varamin_20190514_04.jpg,Has Arch,1,train,has_arch/Jameh_Mosque_of_Varamin_20190514_04.jpg
TRAIN_01779,"NAGHME_ARIAN_-_Abbāsi_House_,_KASHAN_,_IRAN.jpg",Has Arch,1,train,"has_arch/NAGHME_ARIAN_-_Abbāsi_House_,_KASHAN_,_IRAN.jpg"
TRAIN_01780,Hamadan_Bazaar_2020-04-06_06.jpg,Has Arch,1,train,has_arch/Hamadan_Bazaar_2020-04-06_06.jpg
TRAIN_01781,مسجد_جامع_دستجرد_حیدری.jpg,No Arch,0,train,no_arch/مسجد_جامع_دستجرد_حیدری.jpg
TRAIN_01782,"Imamzadeh_Hamzeh,_Shirvan_(Ziarat).jpg",Has Arch,1,train,"has_arch/Imamzadeh_Hamzeh,_Shirvan_(Ziarat).jpg"
TRAIN_01783,Roofed_Bazaar_of_Nishapur_(Bazaar_e_Sarpushideh-souq)_28.jpg,Has Arch,1,train,has_arch/Roofed_Bazaar_of_Nishapur_(Bazaar_e_Sarpushideh-souq)_28.jpg
TRAIN_01784,Tomb_of_Hakim_Abul_Fakher_Qaini.jpg,Has Arch,1,train,has_arch/Tomb_of_Hakim_Abul_Fakher_Qaini.jpg
TRAIN_01785,7440-1ساختمان_بانک_شاهی_01.jpg,Has Arch,1,train,has_arch/7440-1ساختمان_بانک_شاهی_01.jpg
TRAIN_01786,برج_و_دروازه_های_ندوشن_2.jpg,No Arch,0,train,no_arch/برج_و_دروازه_های_ندوشن_2.jpg
TRAIN_01787,Əvhədi_Marağalının_türbəsi_(3).jpg,Has Arch,1,train,has_arch/Əvhədi_Marağalının_türbəsi_(3).jpg
TRAIN_01788,مسجد_جامع_اصفهان_منبر.jpg,Has Arch,1,train,has_arch/مسجد_جامع_اصفهان_منبر.jpg
TRAIN_01789,Iran_-_Fars_-_Izadkhast_-_Old_Caravanserai_-_panoramio.jpg,Has Arch,1,train,has_arch/Iran_-_Fars_-_Izadkhast_-_Old_Caravanserai_-_panoramio.jpg
TRAIN_01790,بازار_سردار10.jpg,No Arch,0,train,no_arch/بازار_سردار10.jpg
TRAIN_01791,Keriki_bungalow.jpg,Has Arch,1,train,has_arch/Keriki_bungalow.jpg
TRAIN_01792,Shogaghat_Church_003_-_Tabriz.jpg,Has Arch,1,train,has_arch/Shogaghat_Church_003_-_Tabriz.jpg
TRAIN_01793,Hnfh000_20191227_111156.jpg,No Arch,0,train,no_arch/Hnfh000_20191227_111156.jpg
TRAIN_01794,کلیسای_گریگوری_استپان_حضرت_مریم.jpg,Has Arch,1,train,has_arch/کلیسای_گریگوری_استپان_حضرت_مریم.jpg
TRAIN_01795,Bahram_Palace_31.jpg,Has Arch,1,train,has_arch/Bahram_Palace_31.jpg
TRAIN_01796,Pole_kheshti_niyakoo_1.jpg,Has Arch,1,train,has_arch/Pole_kheshti_niyakoo_1.jpg
TRAIN_01797,Mosque_Shah_1.jpg,Has Arch,1,train,has_arch/Mosque_Shah_1.jpg
TRAIN_01798,Cheshmeh-Mansion-Lavasan-Amin-Ferdousi-CAOI---30428.jpg,No Arch,0,train,no_arch/Cheshmeh-Mansion-Lavasan-Amin-Ferdousi-CAOI---30428.jpg
TRAIN_01799,Bazar_in_Yazd.jpg,Has Arch,1,train,has_arch/Bazar_in_Yazd.jpg
TRAIN_01800,Kantur_church.jpg,No Arch,0,train,no_arch/Kantur_church.jpg
TRAIN_01801,20180316_181652Kerman_Bazar.jpg,Has Arch,1,train,has_arch/20180316_181652Kerman_Bazar.jpg
TRAIN_01802,Maranjab2.jpg,Has Arch,1,train,has_arch/Maranjab2.jpg
TRAIN_01803,Mishijan_Historical_Citadel_3365417.jpg,No Arch,0,train,no_arch/Mishijan_Historical_Citadel_3365417.jpg
TRAIN_01804,مسجد_آمنه_گل_ندوشن_2.jpg,Has Arch,1,train,has_arch/مسجد_آمنه_گل_ندوشن_2.jpg
TRAIN_01805,14_Passing.jpg,Has Arch,1,train,has_arch/14_Passing.jpg
TRAIN_01806,Razi_al-Din_Artimani_Mausoleum_2.jpg,Has Arch,1,train,has_arch/Razi_al-Din_Artimani_Mausoleum_2.jpg
TRAIN_01807,نمای_دیگری_از_قلعه.jpg,No Arch,0,train,no_arch/نمای_دیگری_از_قلعه.jpg
TRAIN_01808,Saraye_Moshir._Shiraz-Iran.jpg,Has Arch,1,train,has_arch/Saraye_Moshir._Shiraz-Iran.jpg
TRAIN_01809,Bafte_ghadime_yazd_(116).jpg,No Arch,0,train,no_arch/Bafte_ghadime_yazd_(116).jpg
TRAIN_01810,Detail_of_a_brick_arch_and_its_decoration.jpg,Has Arch,1,train,has_arch/Detail_of_a_brick_arch_and_its_decoration.jpg
TRAIN_01811,سرای_عزیزا..اف-12.jpg,No Arch,0,train,no_arch/سرای_عزیزا..اف-12.jpg
TRAIN_01812,Ali_Gholi_Agha_hammam42.jpg,Has Arch,1,train,has_arch/Ali_Gholi_Agha_hammam42.jpg
TRAIN_01813,Sa'd_al-Saltaneh_Caravanserai_2020-01-31_05.jpg,No Arch,0,train,no_arch/Sa'd_al-Saltaneh_Caravanserai_2020-01-31_05.jpg
TRAIN_01814,"National_Garden,_Tehran_12.jpg",No Arch,0,train,"no_arch/National_Garden,_Tehran_12.jpg"
TRAIN_01815,"Si-o-Seh_Bridge_(Esfahan,_Iran)_(28515531591).jpg",Has Arch,1,train,"has_arch/Si-o-Seh_Bridge_(Esfahan,_Iran)_(28515531591).jpg"
TRAIN_01816,Borujerd-ImamzadehJafar-1396-5-by-S-Asadi.jpg,No Arch,0,train,no_arch/Borujerd-ImamzadehJafar-1396-5-by-S-Asadi.jpg
TRAIN_01817,خانه_مهربان_(2).jpg,No Arch,0,train,no_arch/خانه_مهربان_(2).jpg
TRAIN_01818,Nozhan-Residential-Apartment-Shiraz-Maan-Studio--185.jpg,No Arch,0,train,no_arch/Nozhan-Residential-Apartment-Shiraz-Maan-Studio--185.jpg
TRAIN_01819,Kordan-Brick-House-Kav-Architects-CAOI---23652.jpg,No Arch,0,train,no_arch/Kordan-Brick-House-Kav-Architects-CAOI---23652.jpg
TRAIN_01820,بازار_کرمان_(1).jpg,Has Arch,1,train,has_arch/بازار_کرمان_(1).jpg
TRAIN_01821,Qajar_Hammam2022-03-09_21.jpg,Has Arch,1,train,has_arch/Qajar_Hammam2022-03-09_21.jpg
TRAIN_01822,نمای_بیرونی_دیگر.jpg,Has Arch,1,train,has_arch/نمای_بیرونی_دیگر.jpg
TRAIN_01823,Atigh_Jame'_Mosque_1399021123143165320266904.jpg,Has Arch,1,train,has_arch/Atigh_Jame'_Mosque_1399021123143165320266904.jpg
TRAIN_01824,Ardabil_Bazaar.jpg,Has Arch,1,train,has_arch/Ardabil_Bazaar.jpg
TRAIN_01825,Khavidak_-_Old_town_-_3000_years_ago_-_panoramio_(cropped).jpg,Has Arch,1,train,has_arch/Khavidak_-_Old_town_-_3000_years_ago_-_panoramio_(cropped).jpg
TRAIN_01826,Jahan_Nama_Garden_-_panoramio_(1).jpg,No Arch,0,train,no_arch/Jahan_Nama_Garden_-_panoramio_(1).jpg
TRAIN_01827,فضای_داخل_مسجد.jpg,Has Arch,1,train,has_arch/فضای_داخل_مسجد.jpg
TRAIN_01828,"Casa_histórica_de_Abbasi,_Kashan,_Irán,_2016-09-19,_DD_72.jpg",Has Arch,1,train,"has_arch/Casa_histórica_de_Abbasi,_Kashan,_Irán,_2016-09-19,_DD_72.jpg"
TRAIN_01829,کاروانسرای_شاه_عباسی_(6).jpg,Has Arch,1,train,has_arch/کاروانسرای_شاه_عباسی_(6).jpg
TRAIN_01830,Borujerdis_House_(6224065584).jpg,No Arch,0,train,no_arch/Borujerdis_House_(6224065584).jpg
TRAIN_01831,Emamzade_Haron-Esfahan_(2).jpg,No Arch,0,train,no_arch/Emamzade_Haron-Esfahan_(2).jpg
TRAIN_01832,مادر_شاه.jpg,Has Arch,1,train,has_arch/مادر_شاه.jpg
TRAIN_01833,Tehran's_St._George_Church_0867.jpg,Has Arch,1,train,has_arch/Tehran's_St._George_Church_0867.jpg
TRAIN_01834,Dome_(2062546058).jpg,No Arch,0,train,no_arch/Dome_(2062546058).jpg
TRAIN_01835,امامزاده_هارون_(13).jpg,Has Arch,1,train,has_arch/امامزاده_هارون_(13).jpg
TRAIN_01836,Plus-Mashin-Industrial-Building-TDC-office---30589.jpg,No Arch,0,train,no_arch/Plus-Mashin-Industrial-Building-TDC-office---30589.jpg
TRAIN_01837,حمام_نقاشی_اصفهان.jpg,Has Arch,1,train,has_arch/حمام_نقاشی_اصفهان.jpg
TRAIN_01838,Caravansary_Madarshah_1030144.jpg,Has Arch,1,train,has_arch/Caravansary_Madarshah_1030144.jpg
TRAIN_01839,FarahAbad_07.jpg,Has Arch,1,train,has_arch/FarahAbad_07.jpg
TRAIN_01840,Bank-i_Şayî_-_Kirmaşan_2.jpg,No Arch,0,train,no_arch/Bank-i_Şayî_-_Kirmaşan_2.jpg
TRAIN_01841,قیصریه.jpg,Has Arch,1,train,has_arch/قیصریه.jpg
TRAIN_01842,Iran_(8665645695).jpg,No Arch,0,train,no_arch/Iran_(8665645695).jpg
TRAIN_01843,Zafaranie_Sabzevar_3.jpg,Has Arch,1,train,has_arch/Zafaranie_Sabzevar_3.jpg
TRAIN_01844,Ecbatana2023-06-08_36.jpg,No Arch,0,train,no_arch/Ecbatana2023-06-08_36.jpg
TRAIN_01845,Charsough_5.jpg,Has Arch,1,train,has_arch/Charsough_5.jpg
TRAIN_01846,1907573.jpg,Has Arch,1,train,has_arch/1907573.jpg
TRAIN_01847,Abbasqolikhan_Madrasa.jpg,Has Arch,1,train,has_arch/Abbasqolikhan_Madrasa.jpg
TRAIN_01848,IrYazdJamehMoscheeI4.jpg,Has Arch,1,train,has_arch/IrYazdJamehMoscheeI4.jpg
TRAIN_01849,نمای_اصلی_کاخ_ملت،_مجموعه_کاخ_سعدآباد.jpg,No Arch,0,train,no_arch/نمای_اصلی_کاخ_ملت،_مجموعه_کاخ_سعدآباد.jpg
TRAIN_01850,Minaret_-_Zodion_-_001125s.jpg,No Arch,0,train,no_arch/Minaret_-_Zodion_-_001125s.jpg
TRAIN_01851,Mehdi_Qoli_Beyk_Hammam2022-08-13_17.jpg,Has Arch,1,train,has_arch/Mehdi_Qoli_Beyk_Hammam2022-08-13_17.jpg
TRAIN_01852,Mosque_of_marandiz_2_(cropped).jpg,Has Arch,1,train,has_arch/Mosque_of_marandiz_2_(cropped).jpg
TRAIN_01853,Khaj_rabi_3.jpg,No Arch,0,train,no_arch/Khaj_rabi_3.jpg
TRAIN_01854,Bazar_Jahrom.jpg,No Arch,0,train,no_arch/Bazar_Jahrom.jpg
TRAIN_01855,Golestan_Palace_Album_No._159-12.jpg,Has Arch,1,train,has_arch/Golestan_Palace_Album_No._159-12.jpg
TRAIN_01856,"Jahāngir_Hall,_Iran,_monument_12097_(1).jpg",Has Arch,1,train,"has_arch/Jahāngir_Hall,_Iran,_monument_12097_(1).jpg"
TRAIN_01857,مسجد_جامع_ارسنجان_3.jpg,Has Arch,1,train,has_arch/مسجد_جامع_ارسنجان_3.jpg
TRAIN_01858,Bagh_melii_3.jpg,Has Arch,1,train,has_arch/Bagh_melii_3.jpg
TRAIN_01859,Qazvin-omid_school-2.jpg,Has Arch,1,train,has_arch/Qazvin-omid_school-2.jpg
TRAIN_01860,Hashtal_Tower_8172.jpg,No Arch,0,train,no_arch/Hashtal_Tower_8172.jpg
TRAIN_01861,Bazar_-_kerman.jpg,Has Arch,1,train,has_arch/Bazar_-_kerman.jpg
TRAIN_01862,Charbagh-04.jpg,Has Arch,1,train,has_arch/Charbagh-04.jpg
TRAIN_01863,Hakim_Mosque_2019-07-28_29.jpg,Has Arch,1,train,has_arch/Hakim_Mosque_2019-07-28_29.jpg
TRAIN_01864,Deire_Gachin_Caravansarai_-_Sasanian_dating_-_Iran._Qom_Province_-_Dayr-e_Gachin_01.jpg,Has Arch,1,train,has_arch/Deire_Gachin_Caravansarai_-_Sasanian_dating_-_Iran._Qom_Province_-_Dayr-e_Gachin_01.jpg
TRAIN_01865,35کاروانسرای_چاله_سیاه.jpg,Has Arch,1,train,has_arch/35کاروانسرای_چاله_سیاه.jpg
TRAIN_01866,Jey_bridge2.jpg,Has Arch,1,train,has_arch/Jey_bridge2.jpg
TRAIN_01867,Khaju_Bridge_Isfahan_Aarash_(13).jpg,Has Arch,1,train,has_arch/Khaju_Bridge_Isfahan_Aarash_(13).jpg
TRAIN_01868,Khaje_Nazar_Caravanserai1.jpg,Has Arch,1,train,has_arch/Khaje_Nazar_Caravanserai1.jpg
TRAIN_01869,Kheirabad_school_20170327_25.jpg,No Arch,0,train,no_arch/Kheirabad_school_20170327_25.jpg
TRAIN_01870,Dowlat_Abad_Garden_08.jpg,No Arch,0,train,no_arch/Dowlat_Abad_Garden_08.jpg
TRAIN_01871,Farasfaj_caravanserai_20190507_04.jpg,Has Arch,1,train,has_arch/Farasfaj_caravanserai_20190507_04.jpg
TRAIN_01872,"Blue_Mosque,_Tabriz05.jpg",Has Arch,1,train,"has_arch/Blue_Mosque,_Tabriz05.jpg"
TRAIN_01873,Bagh_jahan_nama_(17).jpg,Has Arch,1,train,has_arch/Bagh_jahan_nama_(17).jpg
TRAIN_01874,مجموعه_گنجعلی_خان5.jpg,No Arch,0,train,no_arch/مجموعه_گنجعلی_خان5.jpg
TRAIN_01875,Orthodox_Church_(Holy_Nicholas_Church).TEHRAN.IRAN6.jpg,No Arch,0,train,no_arch/Orthodox_Church_(Holy_Nicholas_Church).TEHRAN.IRAN6.jpg
TRAIN_01876,Hamadan_Bazaar_2020-04-06_07.jpg,No Arch,0,train,no_arch/Hamadan_Bazaar_2020-04-06_07.jpg
TRAIN_01877,View_of_two_iwans.jpg,Has Arch,1,train,has_arch/View_of_two_iwans.jpg
TRAIN_01878,1امامزاده_سید_اسماعیل_تهران.jpg,Has Arch,1,train,has_arch/1امامزاده_سید_اسماعیل_تهران.jpg
TRAIN_01879,مسجد_زیرده.jpg,No Arch,0,train,no_arch/مسجد_زیرده.jpg
TRAIN_01880,The_Tabātabāei_House_-_kashan_-_IRAN_خانه_طباطبایی_های_کاشان-_ایران_14.jpg,Has Arch,1,train,has_arch/The_Tabātabāei_House_-_kashan_-_IRAN_خانه_طباطبایی_های_کاشان-_ایران_14.jpg
TRAIN_01881,ترکیبی_از_آجر_،_کاشی_و_رنگ_های_چه_آثار_ماندگاری_خلاق_می_کند.jpg,Has Arch,1,train,has_arch/ترکیبی_از_آجر_،_کاشی_و_رنگ_های_چه_آثار_ماندگاری_خلاق_می_کند.jpg
TRAIN_01882,Jame'_Mosque_of_Damghan_2019-04-04_08.jpg,Has Arch,1,train,has_arch/Jame'_Mosque_of_Damghan_2019-04-04_08.jpg
TRAIN_01883,میل_کج_کرات.jpg,No Arch,0,train,no_arch/میل_کج_کرات.jpg
TRAIN_01884,RshtShrdr1.jpg,No Arch,0,train,no_arch/RshtShrdr1.jpg
TRAIN_01885,Bazare_tabriz_1.jpg,No Arch,0,train,no_arch/Bazare_tabriz_1.jpg
TRAIN_01886,Qutb_ad-Dīn_Haydar_Tomb.jpg,Has Arch,1,train,has_arch/Qutb_ad-Dīn_Haydar_Tomb.jpg
TRAIN_01887,Shrine_of_Sayyed_Hassan_Vaqef.jpg,No Arch,0,train,no_arch/Shrine_of_Sayyed_Hassan_Vaqef.jpg
TRAIN_01888,Mollabashi_House_2019-04-01_26.jpg,No Arch,0,train,no_arch/Mollabashi_House_2019-04-01_26.jpg
TRAIN_01889,حمام_نقاشی_4.jpg,Has Arch,1,train,has_arch/حمام_نقاشی_4.jpg
TRAIN_01890,Qazvin_Market_Collection-Ghazvin_(5).jpg,Has Arch,1,train,has_arch/Qazvin_Market_Collection-Ghazvin_(5).jpg
TRAIN_01891,Shah_Mosque_Isfahan_Aarash_(119).jpg,Has Arch,1,train,has_arch/Shah_Mosque_Isfahan_Aarash_(119).jpg
TRAIN_01892,سقف_های_گنبدی_بازار.jpg,No Arch,0,train,no_arch/سقف_های_گنبدی_بازار.jpg
TRAIN_01893,Khaneh-Dar-Khaneh-building-Tehran-Hamed-Hosseini-Studio---27533.jpg,No Arch,0,train,no_arch/Khaneh-Dar-Khaneh-building-Tehran-Hamed-Hosseini-Studio---27533.jpg
TRAIN_01894,Emam_zadeh_Taher_01_امامزاده_طاهر-_کرج.jpg,Has Arch,1,train,has_arch/Emam_zadeh_Taher_01_امامزاده_طاهر-_کرج.jpg
TRAIN_01895,Qazvin_Bazzar-1.jpg,Has Arch,1,train,has_arch/Qazvin_Bazzar-1.jpg
TRAIN_01896,1396041020154558111279994_خیابان_سپه.jpg,Has Arch,1,train,has_arch/1396041020154558111279994_خیابان_سپه.jpg
TRAIN_01897,Motalleb_Khan_Mosque10.jpg,Has Arch,1,train,has_arch/Motalleb_Khan_Mosque10.jpg
TRAIN_01898,Khan_Caravanserai10.jpg,Has Arch,1,train,has_arch/Khan_Caravanserai10.jpg
TRAIN_01899,"Shah-Abbasi_Caravansaray,_Karaj.jpg",Has Arch,1,train,"has_arch/Shah-Abbasi_Caravansaray,_Karaj.jpg"
TRAIN_01900,کوره_آجرپزی_رستگار_مقدم،_مشهد،_مرداد_۱۳۹۴.jpg,No Arch,0,train,no_arch/کوره_آجرپزی_رستگار_مقدم،_مشهد،_مرداد_۱۳۹۴.jpg
TRAIN_01901,Interior_of_Dolat_Abad_Garden.jpg,No Arch,0,train,no_arch/Interior_of_Dolat_Abad_Garden.jpg
TRAIN_01902,HD4A10115.jpg,No Arch,0,train,no_arch/HD4A10115.jpg
TRAIN_01903,Oudlajan_Area_of_Tehran_MSH_(1).jpg,Has Arch,1,train,has_arch/Oudlajan_Area_of_Tehran_MSH_(1).jpg
TRAIN_01904,Shahrzad-Villa-SeyedAbad-Village-Damavand-Kanisavaran-Office---30535.jpg,No Arch,0,train,no_arch/Shahrzad-Villa-SeyedAbad-Village-Damavand-Kanisavaran-Office---30535.jpg
TRAIN_01905,Ardabil_Bazaar_2020-04-09_25.jpg,Has Arch,1,train,has_arch/Ardabil_Bazaar_2020-04-09_25.jpg
TRAIN_01906,Ali_Mosque_and_its_minaret-Esfahan_(2).jpg,Has Arch,1,train,has_arch/Ali_Mosque_and_its_minaret-Esfahan_(2).jpg
TRAIN_01907,Emarate_alighapo_(6).jpg,Has Arch,1,train,has_arch/Emarate_alighapo_(6).jpg
TRAIN_01908,Jalali_Castle_And_adjacent_Icehouses2019_12.jpg,Has Arch,1,train,has_arch/Jalali_Castle_And_adjacent_Icehouses2019_12.jpg
TRAIN_01909,Imamzadeh_Morteza2024-06-18_8.jpg,Has Arch,1,train,has_arch/Imamzadeh_Morteza2024-06-18_8.jpg
TRAIN_01910,SHEYKH_ABDOSALAM_1.jpg,Has Arch,1,train,has_arch/SHEYKH_ABDOSALAM_1.jpg
TRAIN_01911,"Aali_Qapu,_End_of_ceiling_restoration_-_23_January_2018_11.jpg",No Arch,0,train,"no_arch/Aali_Qapu,_End_of_ceiling_restoration_-_23_January_2018_11.jpg"
TRAIN_01912,Si-o-se-pol_arvin2.jpg,Has Arch,1,train,has_arch/Si-o-se-pol_arvin2.jpg
TRAIN_01913,Alavian_tomb.jpg,No Arch,0,train,no_arch/Alavian_tomb.jpg
TRAIN_01914,بازار_قلعه_محمود3.jpg,Has Arch,1,train,has_arch/بازار_قلعه_محمود3.jpg
TRAIN_01915,Kelvan_1.jpg,Has Arch,1,train,has_arch/Kelvan_1.jpg
TRAIN_01916,The_Iranian_post_office_building_13.jpg,No Arch,0,train,no_arch/The_Iranian_post_office_building_13.jpg
TRAIN_01917,Ghavam_Garden_Darafsh_(62).jpg,No Arch,0,train,no_arch/Ghavam_Garden_Darafsh_(62).jpg
TRAIN_01918,"Iran,_Yazd,_Jameh_Mosque,_coloured_windows.jpg",No Arch,0,train,"no_arch/Iran,_Yazd,_Jameh_Mosque,_coloured_windows.jpg"
TRAIN_01919,Arthur_Pope_mausoleum.jpg,No Arch,0,train,no_arch/Arthur_Pope_mausoleum.jpg
TRAIN_01920,Bahram201.jpg,Has Arch,1,train,has_arch/Bahram201.jpg
TRAIN_01921,Robat_Sharaf_Caravanserai_(cropped)_2.jpg,Has Arch,1,train,has_arch/Robat_Sharaf_Caravanserai_(cropped)_2.jpg
TRAIN_01922,مناره_مسجد_علی_۱.jpg,Has Arch,1,train,has_arch/مناره_مسجد_علی_۱.jpg
TRAIN_01923,Haj_Mohammad_Taghi_Ab_Anbar_with_6_windcatchers.jpg,No Arch,0,train,no_arch/Haj_Mohammad_Taghi_Ab_Anbar_with_6_windcatchers.jpg
TRAIN_01924,Ganjali_Khan_Complex_13961227_19.jpg,No Arch,0,train,no_arch/Ganjali_Khan_Complex_13961227_19.jpg
TRAIN_01925,Nama_az_chap.jpg,No Arch,0,train,no_arch/Nama_az_chap.jpg
TRAIN_01926,Alighapoo_6.jpg,Has Arch,1,train,has_arch/Alighapoo_6.jpg
TRAIN_01927,Jama_Masjid_Isfahan_Aarash_(211).jpg,No Arch,0,train,no_arch/Jama_Masjid_Isfahan_Aarash_(211).jpg
TRAIN_01928,Qazvin_Bazaar_2020-04-07_10.jpg,No Arch,0,train,no_arch/Qazvin_Bazaar_2020-04-07_10.jpg
TRAIN_01929,Vank_Cathedral_004.jpg,No Arch,0,train,no_arch/Vank_Cathedral_004.jpg
TRAIN_01930,Khadju_Bridge._Isfahan_4.jpg,Has Arch,1,train,has_arch/Khadju_Bridge._Isfahan_4.jpg
TRAIN_01931,Jāmeh_Mosque_of_Nā'īn-Mehrab-01.jpg,No Arch,0,train,no_arch/Jāmeh_Mosque_of_Nā'īn-Mehrab-01.jpg
TRAIN_01932,Tehran_ghadim_gate_4.jpg,No Arch,0,train,no_arch/Tehran_ghadim_gate_4.jpg
TRAIN_01933,Blue_Cube_House_in_Bukan_by_Kelvan_Studio__6_.jpg,No Arch,0,train,no_arch/Blue_Cube_House_in_Bukan_by_Kelvan_Studio__6_.jpg
TRAIN_01934,عصارخانه_شاه05.jpg,Has Arch,1,train,has_arch/عصارخانه_شاه05.jpg
TRAIN_01935,Sab_fort.jpg,No Arch,0,train,no_arch/Sab_fort.jpg
TRAIN_01936,Jarchibashi_Mosque.jpg,Has Arch,1,train,has_arch/Jarchibashi_Mosque.jpg
TRAIN_01937,Screenshot (736).png,Has Arch,1,train,has_arch/Screenshot (736).png
TRAIN_01938,Abbasi_Caravanserai_Gaz.jpg,Has Arch,1,train,has_arch/Abbasi_Caravanserai_Gaz.jpg
TRAIN_01939,قلعه_مغویه.jpg,No Arch,0,train,no_arch/قلعه_مغویه.jpg
TRAIN_01940,مدرسه_گنجعلیخان_کاروان_سرای_گنجعلی_(24).jpg,Has Arch,1,train,has_arch/مدرسه_گنجعلیخان_کاروان_سرای_گنجعلی_(24).jpg
TRAIN_01941,"Baazar_of_Tabriz,_Iran.jpg",Has Arch,1,train,"has_arch/Baazar_of_Tabriz,_Iran.jpg"
TRAIN_01942,حمام_قبله_(حمام_خانم)IX.jpg,Has Arch,1,train,has_arch/حمام_قبله_(حمام_خانم)IX.jpg
TRAIN_01943,Bazar_10.jpg,Has Arch,1,train,has_arch/Bazar_10.jpg
TRAIN_01944,Qazvin_Bazaar_2020-04-04_14.jpg,Has Arch,1,train,has_arch/Qazvin_Bazaar_2020-04-04_14.jpg
TRAIN_01945,Church_of_Sohroul.jpg,No Arch,0,train,no_arch/Church_of_Sohroul.jpg
TRAIN_01946,Laft_2020-03-18_15_(cropped).jpg,No Arch,0,train,no_arch/Laft_2020-03-18_15_(cropped).jpg
TRAIN_01947,Hnfh000_20210329_174543.jpg,Has Arch,1,train,has_arch/Hnfh000_20210329_174543.jpg
TRAIN_01948,"-Bastam,_Tomb_Tower_(built_1313),_Khorasan-_MET_DP202978.jpg",No Arch,0,train,"no_arch/-Bastam,_Tomb_Tower_(built_1313),_Khorasan-_MET_DP202978.jpg"
TRAIN_01949,باغ_نگارستان_Garden_Gallery_موزه_استاد_کمال_الملکProfessor_Museum_Kamalolmolk_-_panoramio.jpg,No Arch,0,train,no_arch/باغ_نگارستان_Garden_Gallery_موزه_استاد_کمال_الملکProfessor_Museum_Kamalolmolk_-_panoramio.jpg
TRAIN_01950,Emamzadeh_Taher_3117.jpg,Has Arch,1,train,has_arch/Emamzadeh_Taher_3117.jpg
TRAIN_01951,مدرسه_سپهسالار_26.jpg,Has Arch,1,train,has_arch/مدرسه_سپهسالار_26.jpg
TRAIN_01952,Tehran's_Grand_Bazaar3.jpg,Has Arch,1,train,has_arch/Tehran's_Grand_Bazaar3.jpg
TRAIN_01953,Herat_Gawhar_Shad_mausoleum.jpg,No Arch,0,train,no_arch/Herat_Gawhar_Shad_mausoleum.jpg
TRAIN_01954,"Bazar-e_Ganjali_Khan,_Kerman_(5114130473).jpg",No Arch,0,train,"no_arch/Bazar-e_Ganjali_Khan,_Kerman_(5114130473).jpg"
TRAIN_01955,Agha_khan_Liravi_Castle_20170330_04.jpg,No Arch,0,train,no_arch/Agha_khan_Liravi_Castle_20170330_04.jpg
TRAIN_01956,نما_از_بیرون_کاروانسرا_بعاز_دالان_ورودی.jpg,Has Arch,1,train,has_arch/نما_از_بیرون_کاروانسرا_بعاز_دالان_ورودی.jpg
TRAIN_01957,Malek_Mosque_Entrance_Eivan.jpg,Has Arch,1,train,has_arch/Malek_Mosque_Entrance_Eivan.jpg
TRAIN_01958,سلطان_محمد_عابد.jpg,No Arch,0,train,no_arch/سلطان_محمد_عابد.jpg
TRAIN_01959,داخل_ارگ_سکوهه_(cropped).jpg,Has Arch,1,train,has_arch/داخل_ارگ_سکوهه_(cropped).jpg
TRAIN_01960,نمای_کلیسای_کاتولیک_ها_از_حیاط_مدرسه_فرانسوی_ها.jpg,Has Arch,1,train,has_arch/نمای_کلیسای_کاتولیک_ها_از_حیاط_مدرسه_فرانسوی_ها.jpg
TRAIN_01961,درب_حیاط_پشتی_خانه_فاضلی.jpg,No Arch,0,train,no_arch/درب_حیاط_پشتی_خانه_فاضلی.jpg
TRAIN_01962,"Shah_Mosque,_Isfahan_04.jpg",No Arch,0,train,"no_arch/Shah_Mosque,_Isfahan_04.jpg"
TRAIN_01963,Agha_Bozorg_(31517301103).jpg,Has Arch,1,train,has_arch/Agha_Bozorg_(31517301103).jpg
TRAIN_01964,Arak_Bazaar2023-01-21_18.jpg,Has Arch,1,train,has_arch/Arak_Bazaar2023-01-21_18.jpg
TRAIN_01965,Qadam_Ghah_Mosque_(3).jpg,Has Arch,1,train,has_arch/Qadam_Ghah_Mosque_(3).jpg
TRAIN_01966,Jameh_Mosque_of_Isfahan_2019-06-30_15.jpg,Has Arch,1,train,has_arch/Jameh_Mosque_of_Isfahan_2019-06-30_15.jpg
TRAIN_01967,Robat_Castle.jpg,Has Arch,1,train,has_arch/Robat_Castle.jpg
TRAIN_01968,Ardabil_Bazaar_2020-04-09_19.jpg,Has Arch,1,train,has_arch/Ardabil_Bazaar_2020-04-09_19.jpg
TRAIN_01969,کاروانسرای_شاه_عباسی_کرج_(3).jpg,Has Arch,1,train,has_arch/کاروانسرای_شاه_عباسی_کرج_(3).jpg
TRAIN_01970,DSC0052_(2)_(1600x1200).jpg,No Arch,0,train,no_arch/DSC0052_(2)_(1600x1200).jpg
TRAIN_01971,1907588.jpg,No Arch,0,train,no_arch/1907588.jpg
TRAIN_01972,Marvi_bazaar_بازار_مروی_ضلع_شرقی_-_panoramio.jpg,Has Arch,1,train,has_arch/Marvi_bazaar_بازار_مروی_ضلع_شرقی_-_panoramio.jpg
TRAIN_01973,Jame_Mosque_of_Kerman_09.jpg,Has Arch,1,train,has_arch/Jame_Mosque_of_Kerman_09.jpg
TRAIN_01974,33pole_esfahan.jpg,Has Arch,1,train,has_arch/33pole_esfahan.jpg
TRAIN_01975,20181026_195412_HDR_Film1.jpg,Has Arch,1,train,has_arch/20181026_195412_HDR_Film1.jpg
TRAIN_01976,Esfahan_(Iran)_Emam_Mosque.jpg,No Arch,0,train,no_arch/Esfahan_(Iran)_Emam_Mosque.jpg
TRAIN_01977,Eftekhar_al-Tojar_Mausoleum2021_18.jpg,Has Arch,1,train,has_arch/Eftekhar_al-Tojar_Mausoleum2021_18.jpg
TRAIN_01978,Joubi_Bridge_Isfahan_Aarash_(3).jpg,Has Arch,1,train,has_arch/Joubi_Bridge_Isfahan_Aarash_(3).jpg
TRAIN_01979,IMG_7235-copy.jpg,Has Arch,1,train,has_arch/IMG_7235-copy.jpg
TRAIN_01980,Deyr_Gachin_Caravansary_by_Mardetanha_(1)_39.jpg,No Arch,0,train,no_arch/Deyr_Gachin_Caravansary_by_Mardetanha_(1)_39.jpg
TRAIN_01981,Tabriz_Bazaar_2020-01-04_09.jpg,Has Arch,1,train,has_arch/Tabriz_Bazaar_2020-01-04_09.jpg
TRAIN_01982,Rue_de_Yazd_05_(cropped).jpg,No Arch,0,train,no_arch/Rue_de_Yazd_05_(cropped).jpg
TRAIN_01983,Mirza_Kuchik_Khan_mausoleum_01.jpg,Has Arch,1,train,has_arch/Mirza_Kuchik_Khan_mausoleum_01.jpg
TRAIN_01984,Arg_Gate._Semnan_3.jpg,Has Arch,1,train,has_arch/Arg_Gate._Semnan_3.jpg
TRAIN_01985,Bahram_Palace_12.jpg,Has Arch,1,train,has_arch/Bahram_Palace_12.jpg
TRAIN_01986,Shah_Abbasi_Caravanserai_of_Bisotun2015-05-21_12.jpg,Has Arch,1,train,has_arch/Shah_Abbasi_Caravanserai_of_Bisotun2015-05-21_12.jpg
TRAIN_01987,Zavare_Mosque.jpg,Has Arch,1,train,has_arch/Zavare_Mosque.jpg
TRAIN_01988,دید_برج_ها_نسبت_یکدیگر_و_قلعه_ی_نو_در_دوردست.jpg,No Arch,0,train,no_arch/دید_برج_ها_نسبت_یکدیگر_و_قلعه_ی_نو_در_دوردست.jpg
TRAIN_01989,Qazvin_Hamam_e_Ghajar.jpg,Has Arch,1,train,has_arch/Qazvin_Hamam_e_Ghajar.jpg
TRAIN_01990,Dolat_Abad_Garden_-_Pavilion_01.jpg,Has Arch,1,train,has_arch/Dolat_Abad_Garden_-_Pavilion_01.jpg
TRAIN_01991,Roofed_Bazaar_of_nishapur_(8).jpg,Has Arch,1,train,has_arch/Roofed_Bazaar_of_nishapur_(8).jpg
TRAIN_01992,Sa'd_al-Saltaneh_Caravanserai_2020-01-31_02.jpg,No Arch,0,train,no_arch/Sa'd_al-Saltaneh_Caravanserai_2020-01-31_02.jpg
TRAIN_01993,Agha_khan_Liravi_Castle_20170330_06.jpg,No Arch,0,train,no_arch/Agha_khan_Liravi_Castle_20170330_06.jpg
TRAIN_01994,مسجد_مصری_(10).jpg,No Arch,0,train,no_arch/مسجد_مصری_(10).jpg
TRAIN_01995,Naqsh-e_Jahan_Square_Isfahan_Aarash_(17).jpg,Has Arch,1,train,has_arch/Naqsh-e_Jahan_Square_Isfahan_Aarash_(17).jpg
TRAIN_01996,Ancient_church.jpg,Has Arch,1,train,has_arch/Ancient_church.jpg
TRAIN_01997,Kashmar-seied_morteza.jpg,Has Arch,1,train,has_arch/Kashmar-seied_morteza.jpg
TRAIN_01998,Beheshti_Hammam2022-02-15_12.jpg,Has Arch,1,train,has_arch/Beheshti_Hammam2022-02-15_12.jpg
TRAIN_01999,ورودی_قدیمی_و_تاریخی_بازار_جهرم.jpg,Has Arch,1,train,has_arch/ورودی_قدیمی_و_تاریخی_بازار_جهرم.jpg
TRAIN_02000,IrYazdJamehMoscheeI4 (1).jpg,Has Arch,1,train,has_arch/IrYazdJamehMoscheeI4 (1).jpg
TRAIN_02001,مسجد_ملک_کرمان_۱۲.jpg,Has Arch,1,train,has_arch/مسجد_ملک_کرمان_۱۲.jpg
TRAIN_02002,Al-Nabi_Mosque2020-05-19_29.jpg,Has Arch,1,train,has_arch/Al-Nabi_Mosque2020-05-19_29.jpg
TRAIN_02003,Peyman_Banadkian-Iran-Doudehak.jpg,No Arch,0,train,no_arch/Peyman_Banadkian-Iran-Doudehak.jpg
TRAIN_02004,نطنز2.jpg,Has Arch,1,train,has_arch/نطنز2.jpg
TRAIN_02005,Dehnamak_Caravanserai_2020-01-18_12.jpg,Has Arch,1,train,has_arch/Dehnamak_Caravanserai_2020-01-18_12.jpg
TRAIN_02006,بازار_زنجان06.jpg,Has Arch,1,train,has_arch/بازار_زنجان06.jpg
TRAIN_02007,Ali_Qoli_Agha_Hammam_12.jpg,Has Arch,1,train,has_arch/Ali_Qoli_Agha_Hammam_12.jpg
TRAIN_02008,Baba_Rukn_al-Din_Mausoleum2021_7.jpg,Has Arch,1,train,has_arch/Baba_Rukn_al-Din_Mausoleum2021_7.jpg
TRAIN_02009,Mehrab_of_heroin_velat.jpg,Has Arch,1,train,has_arch/Mehrab_of_heroin_velat.jpg
TRAIN_02010,Entry_dOOR.jpg,No Arch,0,train,no_arch/Entry_dOOR.jpg
TRAIN_02011,Beheshti_Hammam2022-02-15_13.jpg,Has Arch,1,train,has_arch/Beheshti_Hammam2022-02-15_13.jpg
TRAIN_02012,Jameh_Mosque_of_Yazd_-_18_December_2017_13.jpg,Has Arch,1,train,has_arch/Jameh_Mosque_of_Yazd_-_18_December_2017_13.jpg
TRAIN_02013,تابلو_حمام_توده.jpg,No Arch,0,train,no_arch/تابلو_حمام_توده.jpg
TRAIN_02014,Pouria_-_(50).jpg,Has Arch,1,train,has_arch/Pouria_-_(50).jpg
TRAIN_02015,Qasr_Garden_Museum.jpg,Has Arch,1,train,has_arch/Qasr_Garden_Museum.jpg
TRAIN_02016,قلعه_رباط4.jpg,No Arch,0,train,no_arch/قلعه_رباط4.jpg
TRAIN_02017,بازار_کرمان_(3).jpg,Has Arch,1,train,has_arch/بازار_کرمان_(3).jpg
TRAIN_02018,مجموعه_گنجعلیخان.jpg,Has Arch,1,train,has_arch/مجموعه_گنجعلیخان.jpg
TRAIN_02019,Qazvin_Market_Collection-Ghazvin_(2).jpg,Has Arch,1,train,has_arch/Qazvin_Market_Collection-Ghazvin_(2).jpg
TRAIN_02020,Khurmoj_Castle.jpg,No Arch,0,train,no_arch/Khurmoj_Castle.jpg
TRAIN_02021,Qazvin_Market_Collection-Ghazvin_(4).jpg,Has Arch,1,train,has_arch/Qazvin_Market_Collection-Ghazvin_(4).jpg
TRAIN_02022,Baghmazar_-_Portal_-_Kashmar_-_tile_4.jpg,Has Arch,1,train,has_arch/Baghmazar_-_Portal_-_Kashmar_-_tile_4.jpg
TRAIN_02023,Do-Bar-House-in-Tehran-by-AMA-studio---30032.jpg,No Arch,0,train,no_arch/Do-Bar-House-in-Tehran-by-AMA-studio---30032.jpg
TRAIN_02024,Agha_Bozorg_mosque-_kashan_-_Iran_مسجد_و_مدرسه_آقا_بزرگ_در_کاشان-_ایران_06.jpg,Has Arch,1,train,has_arch/Agha_Bozorg_mosque-_kashan_-_Iran_مسجد_و_مدرسه_آقا_بزرگ_در_کاشان-_ایران_06.jpg
TRAIN_02025,4دیر_گچین.jpg,Has Arch,1,train,has_arch/4دیر_گچین.jpg
TRAIN_02026,Ardabil_Bazaar_2020-04-09_16.jpg,Has Arch,1,train,has_arch/Ardabil_Bazaar_2020-04-09_16.jpg
TRAIN_02027,بازار_خوی_در_یک_روز_تعطیل.jpg,Has Arch,1,train,has_arch/بازار_خوی_در_یک_روز_تعطیل.jpg
TRAIN_02028,1315800_634.jpg,Has Arch,1,train,has_arch/1315800_634.jpg
TRAIN_02029,Parsian_Traditional_Restaurent_in_Bazaar_of_Arak.jpg,Has Arch,1,train,has_arch/Parsian_Traditional_Restaurent_in_Bazaar_of_Arak.jpg
TRAIN_02030,Ebrat-Museum-Tehran-9.jpg,No Arch,0,train,no_arch/Ebrat-Museum-Tehran-9.jpg
TRAIN_02031,بافت_قدیم_گرگان_3.jpg,No Arch,0,train,no_arch/بافت_قدیم_گرگان_3.jpg
TRAIN_02032,Imam_Kadhem_Hosseynieh_-_Kashmar_1.jpg,No Arch,0,train,no_arch/Imam_Kadhem_Hosseynieh_-_Kashmar_1.jpg
TRAIN_02033,Emamazademahrogh.jpg,No Arch,0,train,no_arch/Emamazademahrogh.jpg
TRAIN_02034,سرای_بهشتیان.jpg,No Arch,0,train,no_arch/سرای_بهشتیان.jpg
TRAIN_02035,Si-o-se-pol-_arvin1.jpg,Has Arch,1,train,has_arch/Si-o-se-pol-_arvin1.jpg
TRAIN_02036,نمای_خانه_سالاری.jpg,No Arch,0,train,no_arch/نمای_خانه_سالاری.jpg
TRAIN_02037,Khaj_rabi_9.jpg,No Arch,0,train,no_arch/Khaj_rabi_9.jpg
TRAIN_02038,Iran_(4809288253).jpg,Has Arch,1,train,has_arch/Iran_(4809288253).jpg
TRAIN_02039,Brojerd2.jpg,No Arch,0,train,no_arch/Brojerd2.jpg
TRAIN_02040,Caravanserai_Saad_al-Saltanah-Ghazvin_(3).jpg,Has Arch,1,train,has_arch/Caravanserai_Saad_al-Saltanah-Ghazvin_(3).jpg
TRAIN_02041,Zinat-ol_Molouk_House_-_Shiraz.jpg,No Arch,0,train,no_arch/Zinat-ol_Molouk_House_-_Shiraz.jpg
TRAIN_02042,Bethlehem_Church2021_30.jpg,No Arch,0,train,no_arch/Bethlehem_Church2021_30.jpg
TRAIN_02043,Tereneh.jpg,No Arch,0,train,no_arch/Tereneh.jpg
TRAIN_02044,حجره_استراحت_کاروانیان.jpg,Has Arch,1,train,has_arch/حجره_استراحت_کاروانیان.jpg
TRAIN_02045,سقف_سردابه_گنبد_کبود.jpg,No Arch,0,train,no_arch/سقف_سردابه_گنبد_کبود.jpg
TRAIN_02046,طلبه_های_مدرسه_فیضیه_در_قم.jpg,Has Arch,1,train,has_arch/طلبه_های_مدرسه_فیضیه_در_قم.jpg
TRAIN_02047,Fatimah_Ma'sumah_Qom_27.jpg,Has Arch,1,train,has_arch/Fatimah_Ma'sumah_Qom_27.jpg
TRAIN_02048,Hassan_Modarres_Museum2024-09-30.jpg,Has Arch,1,train,has_arch/Hassan_Modarres_Museum2024-09-30.jpg
TRAIN_02049,"Caravanserai_Zein-o-din,_Yazd,_Iran_(1258985158).jpg",Has Arch,1,train,"has_arch/Caravanserai_Zein-o-din,_Yazd,_Iran_(1258985158).jpg"
TRAIN_02050,Zanjan_Bazaar_2020-03-14_08.jpg,Has Arch,1,train,has_arch/Zanjan_Bazaar_2020-03-14_08.jpg
TRAIN_02051,South_east_court_side_school.jpg,Has Arch,1,train,has_arch/South_east_court_side_school.jpg
TRAIN_02052,مسجد_مصری_(15).jpg,Has Arch,1,train,has_arch/مسجد_مصری_(15).jpg
TRAIN_02053,Mianeh_Imamzadeh_Ismail_04.jpg,Has Arch,1,train,has_arch/Mianeh_Imamzadeh_Ismail_04.jpg
TRAIN_02054,Ālī_Qāpū_(3).jpg,Has Arch,1,train,has_arch/Ālī_Qāpū_(3).jpg
TRAIN_02055,School_and_Church_of_Zhandark3.jpg,No Arch,0,train,no_arch/School_and_Church_of_Zhandark3.jpg
TRAIN_02056,کاروانسرای_حاج_آقا_علی.jpg,Has Arch,1,train,has_arch/کاروانسرای_حاج_آقا_علی.jpg
TRAIN_02057,3_Gonbad_photo3.jpg,No Arch,0,train,no_arch/3_Gonbad_photo3.jpg
TRAIN_02058,Mohammad_Hossein_Ishraqi_Eivari_Mausoleum2021-07-23_11.jpg,No Arch,0,train,no_arch/Mohammad_Hossein_Ishraqi_Eivari_Mausoleum2021-07-23_11.jpg
TRAIN_02059,Danesh_House2021-07-28_23.jpg,No Arch,0,train,no_arch/Danesh_House2021-07-28_23.jpg
TRAIN_02060,Abbasi_House_خانه_عباسیان_کاشان_02.jpg,Has Arch,1,train,has_arch/Abbasi_House_خانه_عباسیان_کاشان_02.jpg
TRAIN_02061,Dome_of_Soltaniyeh-Soltaniyeh-_Zanjan-ID166-گنبد_سلطانیه-سلطانیه_-زنجان-20220630_(1).jpg,Has Arch,1,train,has_arch/Dome_of_Soltaniyeh-Soltaniyeh-_Zanjan-ID166-گنبد_سلطانیه-سلطانیه_-زنجان-20220630_(1).jpg
TRAIN_02062,2011_Alleyway_near_Tajrish_Tehran_by_Kamyar_Adl_5866583015.jpg,No Arch,0,train,no_arch/2011_Alleyway_near_Tajrish_Tehran_by_Kamyar_Adl_5866583015.jpg
TRAIN_02063,طبقه_اول_تیمچه_صباغ.jpg,No Arch,0,train,no_arch/طبقه_اول_تیمچه_صباغ.jpg
TRAIN_02064,Abdolabad_Mosque2021_29.jpg,Has Arch,1,train,has_arch/Abdolabad_Mosque2021_29.jpg
TRAIN_02065,Khaneh_Tabatabaei-ha_or__The_Tabatabaeis'_House__(6223534173).jpg,Has Arch,1,train,has_arch/Khaneh_Tabatabaei-ha_or__The_Tabatabaeis'_House__(6223534173).jpg
TRAIN_02066,Ziyar_01.jpg,No Arch,0,train,no_arch/Ziyar_01.jpg
TRAIN_02067,City_Hall_tabriz05.jpg,No Arch,0,train,no_arch/City_Hall_tabriz05.jpg
TRAIN_02068,Imamzadeh_Seyed_Haroun_1.jpg,No Arch,0,train,no_arch/Imamzadeh_Seyed_Haroun_1.jpg
TRAIN_02069,Hossein_Khodadad_House_12.jpg,No Arch,0,train,no_arch/Hossein_Khodadad_House_12.jpg
TRAIN_02070,Arg_of_Karim_Khan_(24).jpg,No Arch,0,train,no_arch/Arg_of_Karim_Khan_(24).jpg
TRAIN_02071,ZuzanMosque93_(cropped).jpg,Has Arch,1,train,has_arch/ZuzanMosque93_(cropped).jpg
TRAIN_02072,کاروانسرای_شاه_عباسی-_دامغان.jpg,Has Arch,1,train,has_arch/کاروانسرای_شاه_عباسی-_دامغان.jpg
TRAIN_02073,Seh_Kohye_Castle2020_18.jpg,Has Arch,1,train,has_arch/Seh_Kohye_Castle2020_18.jpg
TRAIN_02074,DSCarg.jpg,No Arch,0,train,no_arch/DSCarg.jpg
TRAIN_02075,"Surb_Sargis_church,_Khoy_07.jpg",No Arch,0,train,"no_arch/Surb_Sargis_church,_Khoy_07.jpg"
TRAIN_02076,Hashtpayeh_Reservoir_of_Sabzevar_01_(cropped).jpg,Has Arch,1,train,has_arch/Hashtpayeh_Reservoir_of_Sabzevar_01_(cropped).jpg
TRAIN_02077,نمايي_از_ساختمانهاي_قديمي_بيمارستان_امام_رضا_مشهد.jpg,No Arch,0,train,no_arch/نمايي_از_ساختمانهاي_قديمي_بيمارستان_امام_رضا_مشهد.jpg
TRAIN_02078,Joubi_Bridge_photo1.jpg,Has Arch,1,train,has_arch/Joubi_Bridge_photo1.jpg
TRAIN_02079,Gazzaghkhaneh_Tehran.jpg,No Arch,0,train,no_arch/Gazzaghkhaneh_Tehran.jpg
TRAIN_02080,قلعه_گنجعلیخان_5.jpg,No Arch,0,train,no_arch/قلعه_گنجعلیخان_5.jpg
TRAIN_02081,Shah_Mosque_Isfahan_Aarash_(86).jpg,Has Arch,1,train,has_arch/Shah_Mosque_Isfahan_Aarash_(86).jpg
TRAIN_02082,Qazvin_Bazaar_2020-04-04_03.jpg,No Arch,0,train,no_arch/Qazvin_Bazaar_2020-04-04_03.jpg
TRAIN_02083,Shafiabad_Caravanserai_2020-04-09_07.jpg,Has Arch,1,train,has_arch/Shafiabad_Caravanserai_2020-04-09_07.jpg
TRAIN_02084,تصویر_سرباز_حک_شده_بر_روی_دیوار.jpg,Has Arch,1,train,has_arch/تصویر_سرباز_حک_شده_بر_روی_دیوار.jpg
TRAIN_02085,مسجد_جامع_فرومد.jpg,Has Arch,1,train,has_arch/مسجد_جامع_فرومد.jpg
TRAIN_02086,کاروانسرا.jpg,Has Arch,1,train,has_arch/کاروانسرا.jpg
TRAIN_02087,Khane_fazel_araghi_6.jpg,No Arch,0,train,no_arch/Khane_fazel_araghi_6.jpg
TRAIN_02088,خانه_زینت_الملک_شیراز_ایران-khane_zinat_o_lmalek_shiraz_iran_04.jpg,No Arch,0,train,no_arch/خانه_زینت_الملک_شیراز_ایران-khane_zinat_o_lmalek_shiraz_iran_04.jpg
TRAIN_02089,ساختمان_موزۀ_نقاشی_پشت_شیشۀ_تهران.jpg,No Arch,0,train,no_arch/ساختمان_موزۀ_نقاشی_پشت_شیشۀ_تهران.jpg
TRAIN_02090,کاروانسرا_قاسم_آباد.jpg,Has Arch,1,train,has_arch/کاروانسرا_قاسم_آباد.jpg
TRAIN_02091,A_(26).jpg,No Arch,0,train,no_arch/A_(26).jpg
TRAIN_02092,Natanz_(31312719906).jpg,Has Arch,1,train,has_arch/Natanz_(31312719906).jpg
TRAIN_02093,PayamBahmani.jpg,No Arch,0,train,no_arch/PayamBahmani.jpg
TRAIN_02094,Emamzadesalehtajrish.jpg,Has Arch,1,train,has_arch/Emamzadesalehtajrish.jpg
TRAIN_02095,Interior_of_17th-Century_Caravanserai_Zein-o-din_-_Central_Iran_-_02_(7427980682)_(2).jpg,Has Arch,1,train,has_arch/Interior_of_17th-Century_Caravanserai_Zein-o-din_-_Central_Iran_-_02_(7427980682)_(2).jpg
TRAIN_02096,Iran-Tehran_Grand_Bazaar_01.jpg,Has Arch,1,train,has_arch/Iran-Tehran_Grand_Bazaar_01.jpg
TRAIN_02097,Fatima_Masumeh_Shrine_Qom_City_Iran_Photographer_Mostafa_Meraji_05.jpg,No Arch,0,train,no_arch/Fatima_Masumeh_Shrine_Qom_City_Iran_Photographer_Mostafa_Meraji_05.jpg
TRAIN_02098,Mir-Gholam_Hashemi_Fort.jpg,Has Arch,1,train,has_arch/Mir-Gholam_Hashemi_Fort.jpg
TRAIN_02099,نمای_ورودی_مدرسه_جهانگیرخان.jpg,Has Arch,1,train,has_arch/نمای_ورودی_مدرسه_جهانگیرخان.jpg
TRAIN_02100,View_of_the_fortified_village_from_outside.jpg,No Arch,0,train,no_arch/View_of_the_fortified_village_from_outside.jpg
TRAIN_02101,"Kermán,_biblioteca_(2000)_01.jpg",No Arch,0,train,"no_arch/Kermán,_biblioteca_(2000)_01.jpg"
TRAIN_02102,بادگیر.jpg,No Arch,0,train,no_arch/بادگیر.jpg
TRAIN_02103,گنبد_سبز_سبز.jpg,Has Arch,1,train,has_arch/گنبد_سبز_سبز.jpg
TRAIN_02104,Agha_khan_Liravi_Castle_20170330_10.jpg,Has Arch,1,train,has_arch/Agha_khan_Liravi_Castle_20170330_10.jpg
TRAIN_02105,راهرو_از_حیاط_اصلی_به_چارسوق_کاروان_سرای_سعدالسلطنه_قزوین.jpg,Has Arch,1,train,has_arch/راهرو_از_حیاط_اصلی_به_چارسوق_کاروان_سرای_سعدالسلطنه_قزوین.jpg
TRAIN_02106,3364808_azam-1-_06.jpg,Has Arch,1,train,has_arch/3364808_azam-1-_06.jpg
TRAIN_02107,Ardestan-mosque-2.jpg,No Arch,0,train,no_arch/Ardestan-mosque-2.jpg
TRAIN_02108,Zafaranie_Sabzevar_4.jpg,Has Arch,1,train,has_arch/Zafaranie_Sabzevar_4.jpg
TRAIN_02109,1433474 (1)1212.jpg,Has Arch,1,train,has_arch/1433474 (1)1212.jpg
TRAIN_02110,Mozaffariyeh_Arcade_-_Tabriz_Bazar.jpg,Has Arch,1,train,has_arch/Mozaffariyeh_Arcade_-_Tabriz_Bazar.jpg
TRAIN_02111,میل_نادری_فهرج.jpg,No Arch,0,train,no_arch/میل_نادری_فهرج.jpg
TRAIN_02112,Dezful-masjed-jameh.jpg,Has Arch,1,train,has_arch/Dezful-masjed-jameh.jpg
TRAIN_02113,Abbasid_Caravanseray_of_Nishapur_(Ribati-i-Abbasi_of_Nishapur)_-_Morning_017.jpg,No Arch,0,train,no_arch/Abbasid_Caravanseray_of_Nishapur_(Ribati-i-Abbasi_of_Nishapur)_-_Morning_017.jpg
TRAIN_02114,نماز_خانه_چوپان_یا_کلیسای_ناخیرچی_04.jpg,No Arch,0,train,no_arch/نماز_خانه_چوپان_یا_کلیسای_ناخیرچی_04.jpg
TRAIN_02115,Sa'dabad_Palace_Darafshs_(6).jpg,No Arch,0,train,no_arch/Sa'dabad_Palace_Darafshs_(6).jpg
TRAIN_02116,Irnk027-Jazd-Zegar.jpg,No Arch,0,train,no_arch/Irnk027-Jazd-Zegar.jpg
TRAIN_02117,Mir_Gholam_Hashemi_Castle_1.jpg,No Arch,0,train,no_arch/Mir_Gholam_Hashemi_Castle_1.jpg
TRAIN_02118,Molla_Hassan_Kashi_Shrine.jpg,Has Arch,1,train,has_arch/Molla_Hassan_Kashi_Shrine.jpg
TRAIN_02119,Shahrestan_Bridge_(Isfahan)_002.jpg,Has Arch,1,train,has_arch/Shahrestan_Bridge_(Isfahan)_002.jpg
TRAIN_02120,Municipal_Square.jpg,No Arch,0,train,no_arch/Municipal_Square.jpg
TRAIN_02121,کاروانسرای_رشتی_عقدا_1.jpg,Has Arch,1,train,has_arch/کاروانسرای_رشتی_عقدا_1.jpg
TRAIN_02122,Ribat-i_Sharaf_-_1_June_2011_16.jpg,Has Arch,1,train,has_arch/Ribat-i_Sharaf_-_1_June_2011_16.jpg
TRAIN_02123,IranIsfahanImamMoschee1.jpg,Has Arch,1,train,has_arch/IranIsfahanImamMoschee1.jpg
TRAIN_02124,Caravanserai_Sangi-Mohammadabad_3457389.jpg,Has Arch,1,train,has_arch/Caravanserai_Sangi-Mohammadabad_3457389.jpg
TRAIN_02125,پل_خواجو_-_panoramio_-_Farid_Atar.jpg,Has Arch,1,train,has_arch/پل_خواجو_-_panoramio_-_Farid_Atar.jpg
TRAIN_02126,IrIsfahanFreitagsmoschee06.jpg,Has Arch,1,train,has_arch/IrIsfahanFreitagsmoschee06.jpg
TRAIN_02127,Historical_Bazaar_of_Khoy3.jpg,Has Arch,1,train,has_arch/Historical_Bazaar_of_Khoy3.jpg
TRAIN_02128,Alighapoo_4.jpg,Has Arch,1,train,has_arch/Alighapoo_4.jpg
TRAIN_02129,Agha_khan_Liravi_Castle_20170330_18.jpg,No Arch,0,train,no_arch/Agha_khan_Liravi_Castle_20170330_18.jpg
TRAIN_02130,"Abbasian_Historical_House6,_late_18th_century,_Kashan_-_03-26-2013.jpg",Has Arch,1,train,"has_arch/Abbasian_Historical_House6,_late_18th_century,_Kashan_-_03-26-2013.jpg"
TRAIN_02131,"Faculty_of_Agriculture,_University_of_Tehran_-_51,_2024.jpg",No Arch,0,train,"no_arch/Faculty_of_Agriculture,_University_of_Tehran_-_51,_2024.jpg"
TRAIN_02132,مسجد_حکیم4.jpg,No Arch,0,train,no_arch/مسجد_حکیم4.jpg
TRAIN_02133,"Kermán,_Vakil_Hammam_(2000)_14.jpg",Has Arch,1,train,"has_arch/Kermán,_Vakil_Hammam_(2000)_14.jpg"
TRAIN_02134,Agha_Bozorg_mosque_-_Kashan_15.jpg,Has Arch,1,train,has_arch/Agha_Bozorg_mosque_-_Kashan_15.jpg
TRAIN_02135,"Chahar-Bagh_School5,_16th_Cent,_Esfahan_-_03-30-2013.jpg",Has Arch,1,train,"has_arch/Chahar-Bagh_School5,_16th_Cent,_Esfahan_-_03-30-2013.jpg"
TRAIN_02136,Interior_view_of_tabatabaei's_house.jpg,Has Arch,1,train,has_arch/Interior_view_of_tabatabaei's_house.jpg
TRAIN_02137,Atigh_Mosque_(Khoday_Khaneh)._Shiraz-Iran.jpg,Has Arch,1,train,has_arch/Atigh_Mosque_(Khoday_Khaneh)._Shiraz-Iran.jpg
TRAIN_02138,Shahrood-_bedasht-20.jpg,Has Arch,1,train,has_arch/Shahrood-_bedasht-20.jpg
TRAIN_02139,Hamame_kordasht_(3).jpg,Has Arch,1,train,has_arch/Hamame_kordasht_(3).jpg
TRAIN_02140,مسجد_آقا_بزرگ_در_کاشان.png,Has Arch,1,train,has_arch/مسجد_آقا_بزرگ_در_کاشان.png
TRAIN_02141,بازار_مرده_ها.jpg,Has Arch,1,train,has_arch/بازار_مرده_ها.jpg
TRAIN_02142,The-Firouzeh-House-Arak-Markazi-Province---27222.jpg,No Arch,0,train,no_arch/The-Firouzeh-House-Arak-Markazi-Province---27222.jpg
TRAIN_02143,نما_ورودی_خانه_تاریخی_بنی_طبا.jpg,No Arch,0,train,no_arch/نما_ورودی_خانه_تاریخی_بنی_طبا.jpg
TRAIN_02144,Shah_Abbasi_Caravanserai_of_Bisotun2023-10-09_14.jpg,Has Arch,1,train,has_arch/Shah_Abbasi_Caravanserai_of_Bisotun2023-10-09_14.jpg
TRAIN_02145,Mishijan_Historical_Citadel_3365416.jpg,No Arch,0,train,no_arch/Mishijan_Historical_Citadel_3365416.jpg
TRAIN_02146,Shah_Abbasi_Caravanserai_of_Bisotun2015-05-21_4.jpg,Has Arch,1,train,has_arch/Shah_Abbasi_Caravanserai_of_Bisotun2015-05-21_4.jpg
TRAIN_02147,گنبد_کلیسا_بیت_اللحم.jpg,No Arch,0,train,no_arch/گنبد_کلیسا_بیت_اللحم.jpg
TRAIN_02148,Courtyard_iwan_Shah_Mosque_Isfahan_2014_(6).jpg,Has Arch,1,train,has_arch/Courtyard_iwan_Shah_Mosque_Isfahan_2014_(6).jpg
TRAIN_02149,Baptistère_kelisa-e-vank_esfahan.jpg,Has Arch,1,train,has_arch/Baptistère_kelisa-e-vank_esfahan.jpg
TRAIN_02150,Mohammad_Abad_stony_caravanserai_2020-05-31_13.jpg,Has Arch,1,train,has_arch/Mohammad_Abad_stony_caravanserai_2020-05-31_13.jpg
TRAIN_02151,"Meidan_Emam,_Esfahan-130687.jpg",Has Arch,1,train,"has_arch/Meidan_Emam,_Esfahan-130687.jpg"
TRAIN_02152,Սուրբ_Գևորգ_եկեղեցի.jpg,Has Arch,1,train,has_arch/Սուրբ_Գևորգ_եկեղեցի.jpg
TRAIN_02153,_شهرستان_خاش_قلعه_حیدرآباد.jpg,Has Arch,1,train,has_arch/_شهرستان_خاش_قلعه_حیدرآباد.jpg
TRAIN_02154,3-38.jpg,Has Arch,1,train,has_arch/3-38.jpg
TRAIN_02155,"Amir_Chakhmaq_Mosque,_Yazd_(14471750591).jpg",Has Arch,1,train,"has_arch/Amir_Chakhmaq_Mosque,_Yazd_(14471750591).jpg"
TRAIN_02156,Iranian_Seismological_Center_-_panoramio.jpg,No Arch,0,train,no_arch/Iranian_Seismological_Center_-_panoramio.jpg
TRAIN_02157,Caravanserai_in_Maranjab.jpg,No Arch,0,train,no_arch/Caravanserai_in_Maranjab.jpg
TRAIN_02158,Miandasht_Caravanserai2023-07-31_27.jpg,Has Arch,1,train,has_arch/Miandasht_Caravanserai2023-07-31_27.jpg
TRAIN_02159,مدرسه_علیا_فردوس_03.jpg,Has Arch,1,train,has_arch/مدرسه_علیا_فردوس_03.jpg
TRAIN_02160,"Isfahán,_Manar_Yombán_(2000)_02.jpg",Has Arch,1,train,"has_arch/Isfahán,_Manar_Yombán_(2000)_02.jpg"
TRAIN_02161,Saeed_034بازار_فرش_تبریز.jpg,Has Arch,1,train,has_arch/Saeed_034بازار_فرش_تبریز.jpg
TRAIN_02162,Tehran_Grand_Bazaar2021_16.jpg,No Arch,0,train,no_arch/Tehran_Grand_Bazaar2021_16.jpg
TRAIN_02163,Caravanserai-of-Shah-Abbas-2.jpg,Has Arch,1,train,has_arch/Caravanserai-of-Shah-Abbas-2.jpg
TRAIN_02164,کاروان_سرای_مشیر2.jpg,Has Arch,1,train,has_arch/کاروان_سرای_مشیر2.jpg
TRAIN_02165,قلعه_رباط.jpg,Has Arch,1,train,has_arch/قلعه_رباط.jpg
TRAIN_02166,Fazeli_house_29.jpg,No Arch,0,train,no_arch/Fazeli_house_29.jpg
TRAIN_02167,Jame_Mosque_Haftshoyeh_3.jpg,Has Arch,1,train,has_arch/Jame_Mosque_Haftshoyeh_3.jpg
TRAIN_02168,پل_کهنه_قرسو.jpg,Has Arch,1,train,has_arch/پل_کهنه_قرسو.jpg
TRAIN_02169,Ribat-i_Sharaf_-_1_June_2011_18.jpg,Has Arch,1,train,has_arch/Ribat-i_Sharaf_-_1_June_2011_18.jpg
TRAIN_02170,کاروانسرای_شاه_عباسی_کرج_1.jpg,Has Arch,1,train,has_arch/کاروانسرای_شاه_عباسی_کرج_1.jpg
TRAIN_02171,20180426_135419Kerman_Bazar_-_Ganjalikhan.jpg,Has Arch,1,train,has_arch/20180426_135419Kerman_Bazar_-_Ganjalikhan.jpg
TRAIN_02172,Abbasid_Caravanseray_of_Nishapur_(Ribati-i-Abbasi_of_Nishapur)_-_Morning_038.jpg,Has Arch,1,train,has_arch/Abbasid_Caravanseray_of_Nishapur_(Ribati-i-Abbasi_of_Nishapur)_-_Morning_038.jpg
TRAIN_02173,Qırmızı_günbəz_türbəsi_202209_(21).jpg,No Arch,0,train,no_arch/Qırmızı_günbəz_türbəsi_202209_(21).jpg
TRAIN_02174,خانه_آل_یاسین_کاشان_-al_yasin_house_in_kashan_05.jpg,No Arch,0,train,no_arch/خانه_آل_یاسین_کاشان_-al_yasin_house_in_kashan_05.jpg
TRAIN_02175,Sunset_in_Yazd_(5114588968).jpg,Has Arch,1,train,has_arch/Sunset_in_Yazd_(5114588968).jpg
TRAIN_02176,باغ_موزه_قصر5.jpg,No Arch,0,train,no_arch/باغ_موزه_قصر5.jpg
TRAIN_02177,Dayr-e_Gachin2022-02-26_12.jpg,Has Arch,1,train,has_arch/Dayr-e_Gachin2022-02-26_12.jpg
TRAIN_02178,Dezful_Jame_Mosque_shabestan.jpg,Has Arch,1,train,has_arch/Dezful_Jame_Mosque_shabestan.jpg
TRAIN_02179,Haj_Karim_Reservoir_of_Sabzevar_01.jpg,Has Arch,1,train,has_arch/Haj_Karim_Reservoir_of_Sabzevar_01.jpg
TRAIN_02180,در_پناه_خدا.jpg,No Arch,0,train,no_arch/در_پناه_خدا.jpg
TRAIN_02181,مسجد_مشیر3.jpg,Has Arch,1,train,has_arch/مسجد_مشیر3.jpg
TRAIN_02182,139505101217466398255364.jpg,Has Arch,1,train,has_arch/139505101217466398255364.jpg
TRAIN_02183,Ganjali_Hammam_حمام_گنجعلی_خان_کرمان_03.jpg,Has Arch,1,train,has_arch/Ganjali_Hammam_حمام_گنجعلی_خان_کرمان_03.jpg
TRAIN_02184,Historical_Bazaar_of_Khoy1.jpg,Has Arch,1,train,has_arch/Historical_Bazaar_of_Khoy1.jpg
TRAIN_02185,Imamzadeh_zaid_1.jpg,Has Arch,1,train,has_arch/Imamzadeh_zaid_1.jpg
TRAIN_02186,Ferdos_Religious_School.jpg,Has Arch,1,train,has_arch/Ferdos_Religious_School.jpg
TRAIN_02187,Naqsh-e_Jahan_Square_Isfahan_Aarash_(15).jpg,Has Arch,1,train,has_arch/Naqsh-e_Jahan_Square_Isfahan_Aarash_(15).jpg
TRAIN_02188,موزه_تاریخ_آمل.jpg,No Arch,0,train,no_arch/موزه_تاریخ_آمل.jpg
TRAIN_02189,Ardestan-mosque-3.jpg,No Arch,0,train,no_arch/Ardestan-mosque-3.jpg
TRAIN_02190,Abbasid_Caravanseray_of_Nishapur_(Ribati-i-Abbasi_of_Nishapur)_-_Morning_022.jpg,No Arch,0,train,no_arch/Abbasid_Caravanseray_of_Nishapur_(Ribati-i-Abbasi_of_Nishapur)_-_Morning_022.jpg
TRAIN_02191,Jameh_Mosque.jpg,Has Arch,1,train,has_arch/Jameh_Mosque.jpg
TRAIN_02192,Izadkhast_ruines_sassanides4.jpg,Has Arch,1,train,has_arch/Izadkhast_ruines_sassanides4.jpg
TRAIN_02193,صحن_مسجد_جامع_لنجان_ریز.jpg,Has Arch,1,train,has_arch/صحن_مسجد_جامع_لنجان_ریز.jpg
TRAIN_02194,Shahrzad-Villa-SeyedAbad-Village-Damavand-Kanisavaran-Office---30501.jpg,No Arch,0,train,no_arch/Shahrzad-Villa-SeyedAbad-Village-Damavand-Kanisavaran-Office---30501.jpg
TRAIN_02195,AnzKkh3.jpg,No Arch,0,train,no_arch/AnzKkh3.jpg
TRAIN_02196,ایوان_شمالی_مسجد_سپهسالار.jpg,Has Arch,1,train,has_arch/ایوان_شمالی_مسجد_سپهسالار.jpg
TRAIN_02197,Nimavard_Madrasa_2.jpg,Has Arch,1,train,has_arch/Nimavard_Madrasa_2.jpg
TRAIN_02198,Khaju_Bridge_2017_by_Mohammad_Narimani.jpg,Has Arch,1,train,has_arch/Khaju_Bridge_2017_by_Mohammad_Narimani.jpg
TRAIN_02199,Mir-Gholam_Fortress_2.jpg,No Arch,0,train,no_arch/Mir-Gholam_Fortress_2.jpg
TRAIN_02200,سرای_عزیزا..اف-1.jpg,No Arch,0,train,no_arch/سرای_عزیزا..اف-1.jpg
TRAIN_02201,Dezful_Iran_banner.jpg,Has Arch,1,train,has_arch/Dezful_Iran_banner.jpg
TRAIN_02202,Assar-khane1.jpg,Has Arch,1,train,has_arch/Assar-khane1.jpg
TRAIN_02203,سعدیه_IMG_4457.jpg,Has Arch,1,train,has_arch/سعدیه_IMG_4457.jpg
TRAIN_02204,Institute_for_Research_in_Fundamental_Sciences.jpg,No Arch,0,train,no_arch/Institute_for_Research_in_Fundamental_Sciences.jpg
TRAIN_02205,Abbasi_Hotel_(3543329439).jpg,Has Arch,1,train,has_arch/Abbasi_Hotel_(3543329439).jpg
TRAIN_02206,House_of_Shapouri2021_4.jpg,No Arch,0,train,no_arch/House_of_Shapouri2021_4.jpg
TRAIN_02207,Ganjali_Khan_Complex_13961227_20.jpg,Has Arch,1,train,has_arch/Ganjali_Khan_Complex_13961227_20.jpg
TRAIN_02208,کاروانسرای_گلشن1.jpg,Has Arch,1,train,has_arch/کاروانسرای_گلشن1.jpg
TRAIN_02209,Isfahanies_room_01.jpg,Has Arch,1,train,has_arch/Isfahanies_room_01.jpg
TRAIN_02210,Irnr101-Isfahan-w_Ali_Qapu_Palace.jpg,Has Arch,1,train,has_arch/Irnr101-Isfahan-w_Ali_Qapu_Palace.jpg
TRAIN_02211,Ganj4.jpg,Has Arch,1,train,has_arch/Ganj4.jpg
TRAIN_02212,سرای_عزیزا..اف-10.jpg,No Arch,0,train,no_arch/سرای_عزیزا..اف-10.jpg
TRAIN_02213,خانه_مددچی.jpg,No Arch,0,train,no_arch/خانه_مددچی.jpg
TRAIN_02214,بازار_کرمان_(7).jpg,No Arch,0,train,no_arch/بازار_کرمان_(7).jpg
TRAIN_02215,Sekoohe_castle_far_view.jpg,No Arch,0,train,no_arch/Sekoohe_castle_far_view.jpg
TRAIN_02216,"Malek_Soltan_Jarchi_Bashi,_by_Mardetanha_(17)_result.jpg",Has Arch,1,train,"has_arch/Malek_Soltan_Jarchi_Bashi,_by_Mardetanha_(17)_result.jpg"
TRAIN_02217,Citytheater.Tehran.Iran.jpg,Has Arch,1,train,has_arch/Citytheater.Tehran.Iran.jpg
TRAIN_02218,دید_از_جنوب_به_ساختمان_خانه_شقاقی.jpg,No Arch,0,train,no_arch/دید_از_جنوب_به_ساختمان_خانه_شقاقی.jpg
TRAIN_02219,مسجد_حیدریه_5.jpg,No Arch,0,train,no_arch/مسجد_حیدریه_5.jpg
TRAIN_02220,"Safavid-period_bridge,_Izadkhvast_02.jpg",Has Arch,1,train,"has_arch/Safavid-period_bridge,_Izadkhvast_02.jpg"
TRAIN_02221,"Grand_Bazaar,_Tehran_(41723673865).jpg",Has Arch,1,train,"has_arch/Grand_Bazaar,_Tehran_(41723673865).jpg"
TRAIN_02222,حیاط_مسجد_جامع_زرین_شهر_لنجان.jpg,Has Arch,1,train,has_arch/حیاط_مسجد_جامع_زرین_شهر_لنجان.jpg
TRAIN_02223,Masjed_jame_saveh_3.jpg,No Arch,0,train,no_arch/Masjed_jame_saveh_3.jpg
TRAIN_02224,امامزاده_سید_اسماعیل_تهران.jpg,Has Arch,1,train,has_arch/امامزاده_سید_اسماعیل_تهران.jpg
TRAIN_02225,Khatoon_Bridge.jpg,Has Arch,1,train,has_arch/Khatoon_Bridge.jpg
TRAIN_02226,Nozhan-Residential-Apartment-Shiraz-Maan-Studio---30192.jpg,No Arch,0,train,no_arch/Nozhan-Residential-Apartment-Shiraz-Maan-Studio---30192.jpg
TRAIN_02227,Mosques_in_Isfahan_01.jpg,Has Arch,1,train,has_arch/Mosques_in_Isfahan_01.jpg
TRAIN_02228,قلعه_دختر_کرمان۱.jpg,No Arch,0,train,no_arch/قلعه_دختر_کرمان۱.jpg
TRAIN_02229,Jameh_Mosque_of_Abarkuh_05.jpg,No Arch,0,train,no_arch/Jameh_Mosque_of_Abarkuh_05.jpg
TRAIN_02230,Varamin_Grand_Mosque_-_Interior_Courtyard.jpg,Has Arch,1,train,has_arch/Varamin_Grand_Mosque_-_Interior_Courtyard.jpg
TRAIN_02231,Caravanserai_Sangi-Mohammadabad_3457377.jpg,Has Arch,1,train,has_arch/Caravanserai_Sangi-Mohammadabad_3457377.jpg
TRAIN_02232,Shah_Abbasi_Caravanserai_of_Bisotun2022-04-01.jpg,Has Arch,1,train,has_arch/Shah_Abbasi_Caravanserai_of_Bisotun2022-04-01.jpg
TRAIN_02233,Hotel_Shah_Abbas_Sahn.jpg,Has Arch,1,train,has_arch/Hotel_Shah_Abbas_Sahn.jpg
TRAIN_02234,چارسوق_2.jpg,Has Arch,1,train,has_arch/چارسوق_2.jpg
TRAIN_02235,Azizolah-mosque-iran-bazarbozog4.jpg,Has Arch,1,train,has_arch/Azizolah-mosque-iran-bazarbozog4.jpg
TRAIN_02236,Ganj3.jpg,Has Arch,1,train,has_arch/Ganj3.jpg
TRAIN_02237,Al-Nabi_Mosque2020-05-19_13.jpg,Has Arch,1,train,has_arch/Al-Nabi_Mosque2020-05-19_13.jpg
TRAIN_02238,Plus-Mashin-Industrial-Building-TDC-office---30594.jpg,No Arch,0,train,no_arch/Plus-Mashin-Industrial-Building-TDC-office---30594.jpg
TRAIN_02239,University_of_Tehran_0361.jpg,No Arch,0,train,no_arch/University_of_Tehran_0361.jpg
TRAIN_02240,امامزاده_یحیی_ورامین_8.jpg,Has Arch,1,train,has_arch/امامزاده_یحیی_ورامین_8.jpg
TRAIN_02241,نمای_قلعه_از_دور_(با_خندق_و_برج_های_کناری.jpg,No Arch,0,train,no_arch/نمای_قلعه_از_دور_(با_خندق_و_برج_های_کناری.jpg
TRAIN_02242,Caravanserai_Sangi-Zanjan_13970121_04.jpg,Has Arch,1,train,has_arch/Caravanserai_Sangi-Zanjan_13970121_04.jpg
TRAIN_02243,Fakhriyeh_School_of_Sabzevar.jpg,No Arch,0,train,no_arch/Fakhriyeh_School_of_Sabzevar.jpg
TRAIN_02244,Ali_Gholi_Agha_Hammam_13961225_07.jpg,Has Arch,1,train,has_arch/Ali_Gholi_Agha_Hammam_13961225_07.jpg
TRAIN_02245,کاروان_سرای_ده_ملا.jpg,Has Arch,1,train,has_arch/کاروان_سرای_ده_ملا.jpg
TRAIN_02246,Fazeli14.jpg,No Arch,0,train,no_arch/Fazeli14.jpg
TRAIN_02247,Markar_high_school.jpg,No Arch,0,train,no_arch/Markar_high_school.jpg
TRAIN_02248,Deire_Gachin_Caravansarai_-_Sasanian_dating_-_Iran._Qom_Province_-_Dayr-e_Gachin_09.jpg,Has Arch,1,train,has_arch/Deire_Gachin_Caravansarai_-_Sasanian_dating_-_Iran._Qom_Province_-_Dayr-e_Gachin_09.jpg
TRAIN_02249,20180316_183824Ganjali_Khan_Complex.jpg,Has Arch,1,train,has_arch/20180316_183824Ganjali_Khan_Complex.jpg
TRAIN_02250,امامزاده_عبدالله_و_خیل_الله.jpg,No Arch,0,train,no_arch/امامزاده_عبدالله_و_خیل_الله.jpg
TRAIN_02251,منار_چهل_دختران_2.jpg,No Arch,0,train,no_arch/منار_چهل_دختران_2.jpg
TRAIN_02252,"Bazaar_of_Tabriz_,_Nowruz_2018_(13970103000241636574082437740159_62533).jpg",Has Arch,1,train,"has_arch/Bazaar_of_Tabriz_,_Nowruz_2018_(13970103000241636574082437740159_62533).jpg"
TRAIN_02253,Church_HOVANS_01.jpg,Has Arch,1,train,has_arch/Church_HOVANS_01.jpg
TRAIN_02254,Emamzadeh_Saleh_1.jpg,Has Arch,1,train,has_arch/Emamzadeh_Saleh_1.jpg
TRAIN_02255,کاروان_سرای_سنگی_آهوان_3.jpg,No Arch,0,train,no_arch/کاروان_سرای_سنگی_آهوان_3.jpg
TRAIN_02256,سیدالعراقین_02+.jpg,No Arch,0,train,no_arch/سیدالعراقین_02+.jpg
TRAIN_02257,Shah_Abbasi_Caravanserai_of_Karaj_10.jpg,No Arch,0,train,no_arch/Shah_Abbasi_Caravanserai_of_Karaj_10.jpg
TRAIN_02258,02_Photo_by_Majid_Jahangiri.jpg,No Arch,0,train,no_arch/02_Photo_by_Majid_Jahangiri.jpg
TRAIN_02259,آب_انبار_بازار_نراق.jpg,Has Arch,1,train,has_arch/آب_انبار_بازار_نراق.jpg
TRAIN_02260,Brickwork_decoration.jpg,No Arch,0,train,no_arch/Brickwork_decoration.jpg
TRAIN_02261,Bath_kordasht.jpg,No Arch,0,train,no_arch/Bath_kordasht.jpg
TRAIN_02262,Khaje_Nazar_Caravanserai3.jpg,Has Arch,1,train,has_arch/Khaje_Nazar_Caravanserai3.jpg
TRAIN_02263,Meyandasht_old_town_8_-_panoramio.jpg,No Arch,0,train,no_arch/Meyandasht_old_town_8_-_panoramio.jpg
TRAIN_02264,Abyaneh_Darafsh_(68).jpg,Has Arch,1,train,has_arch/Abyaneh_Darafsh_(68).jpg
TRAIN_02265,1مادر_هلاکوخان.jpg,No Arch,0,train,no_arch/1مادر_هلاکوخان.jpg
TRAIN_02266,قلعه_-_panoramio.jpg,No Arch,0,train,no_arch/قلعه_-_panoramio.jpg
TRAIN_02267,آرامگاه_امامزاده_محروق.jpg,No Arch,0,train,no_arch/آرامگاه_امامزاده_محروق.jpg
TRAIN_02268,Boroujerdi_negin.jpg,Has Arch,1,train,has_arch/Boroujerdi_negin.jpg
TRAIN_02269,ساختمان_قدیمی_حلال_اخمر.jpg,No Arch,0,train,no_arch/ساختمان_قدیمی_حلال_اخمر.jpg
TRAIN_02270,Jameh_Mosque_of_Gorgan_13970530_12.jpg,Has Arch,1,train,has_arch/Jameh_Mosque_of_Gorgan_13970530_12.jpg
TRAIN_02271,HG79899.jpg,Has Arch,1,train,has_arch/HG79899.jpg
TRAIN_02272,Eskan_Tower_Perspective_-_panoramio.jpg,No Arch,0,train,no_arch/Eskan_Tower_Perspective_-_panoramio.jpg
TRAIN_02273,کاروان_سرای_شاه_عباسی.jpg,Has Arch,1,train,has_arch/کاروان_سرای_شاه_عباسی.jpg
TRAIN_02274,Si_O_Se_Pol_Bridge.jpg,Has Arch,1,train,has_arch/Si_O_Se_Pol_Bridge.jpg
TRAIN_02275,"Jubi_Bridge,_unknown_date.jpg",Has Arch,1,train,"has_arch/Jubi_Bridge,_unknown_date.jpg"
TRAIN_02276,Wiki_Loves_Monuments_2018_IranYazd_-_Mehriz_-_Picture_04.jpg,Has Arch,1,train,has_arch/Wiki_Loves_Monuments_2018_IranYazd_-_Mehriz_-_Picture_04.jpg
TRAIN_02277,Menarjonban_tower_Isfahan_03.jpg,Has Arch,1,train,has_arch/Menarjonban_tower_Isfahan_03.jpg
TRAIN_02278,حمام_قجر_قزوین_Hammam_Ghajar_Ghazvin-_Iran_16.jpg,Has Arch,1,train,has_arch/حمام_قجر_قزوین_Hammam_Ghajar_Ghazvin-_Iran_16.jpg
TRAIN_02279,Ceilings_of_Jameh_Mosque_of_Natanz_1.jpg,No Arch,0,train,no_arch/Ceilings_of_Jameh_Mosque_of_Natanz_1.jpg
TRAIN_02280,Sangdeh-villa-Mazandaran-AsNow-Design-and-Construct---27439.jpg,No Arch,0,train,no_arch/Sangdeh-villa-Mazandaran-AsNow-Design-and-Construct---27439.jpg
TRAIN_02281,Roofed_Bazaar_of_Nishapur_(Bazaar_e_Sarpushideh-souq)_38.jpg,Has Arch,1,train,has_arch/Roofed_Bazaar_of_Nishapur_(Bazaar_e_Sarpushideh-souq)_38.jpg
TRAIN_02282,سردر_برج_مهماندوست.jpg,No Arch,0,train,no_arch/سردر_برج_مهماندوست.jpg
TRAIN_02283,Amin_al-Din_Balyani_Tomb_in_Kazerun_3.jpg,Has Arch,1,train,has_arch/Amin_al-Din_Balyani_Tomb_in_Kazerun_3.jpg
TRAIN_02284,13732-1مسجد_بهبهانی_02.jpg,No Arch,0,train,no_arch/13732-1مسجد_بهبهانی_02.jpg
TRAIN_02285,Fazeli_house_30.jpg,No Arch,0,train,no_arch/Fazeli_house_30.jpg
TRAIN_02286,Isfahan_(31204847702).jpg,Has Arch,1,train,has_arch/Isfahan_(31204847702).jpg
TRAIN_02287,رباط_شرف_1 (1).jpg,Has Arch,1,train,has_arch/رباط_شرف_1 (1).jpg
TRAIN_02288,Ganjali_Hammam_حمام_گنجعلی_خان_کرمان_06.jpg,Has Arch,1,train,has_arch/Ganjali_Hammam_حمام_گنجعلی_خان_کرمان_06.jpg
TRAIN_02289,Farasfaj_caravanserai_20190507_15.jpg,Has Arch,1,train,has_arch/Farasfaj_caravanserai_20190507_15.jpg
TRAIN_02290,بقعه_شاهرکن_الدین_نمای_درب_ورود_به_محل_قبر_،_عکس_از_حسین_درآمد.jpg,No Arch,0,train,no_arch/بقعه_شاهرکن_الدین_نمای_درب_ورود_به_محل_قبر_،_عکس_از_حسین_درآمد.jpg
TRAIN_02291,Bahram242.jpg,Has Arch,1,train,has_arch/Bahram242.jpg
TRAIN_02292,Amingholamali_Carvanseray_Qasr_Bahram.jpg,Has Arch,1,train,has_arch/Amingholamali_Carvanseray_Qasr_Bahram.jpg
TRAIN_02293,Carved_-_brick_-_Main_door_of_Mojtahedi_house_in_Nishapur_-_Anbar_e_Amouzesh_Parvaresh_2.jpg,No Arch,0,train,no_arch/Carved_-_brick_-_Main_door_of_Mojtahedi_house_in_Nishapur_-_Anbar_e_Amouzesh_Parvaresh_2.jpg
TRAIN_02294,Interior_of_17th-Century_Caravanserai_Zein-o-din_-_Central_Iran_-_03_(7427984136)_(2).jpg,Has Arch,1,train,has_arch/Interior_of_17th-Century_Caravanserai_Zein-o-din_-_Central_Iran_-_03_(7427984136)_(2).jpg
TRAIN_02295,Jameh_Mosque_of_Saveh_16.jpg,No Arch,0,train,no_arch/Jameh_Mosque_of_Saveh_16.jpg
TRAIN_02296,Khadju_Bridge._Isfahan_5.jpg,Has Arch,1,train,has_arch/Khadju_Bridge._Isfahan_5.jpg
TRAIN_02297,Old_Hanger_of_Ghale_Morghi_Airport-Tehran-ID1788-_آشیانه_قدیمی_فرودگاه_قلعه_مرغی.jpg,No Arch,0,train,no_arch/Old_Hanger_of_Ghale_Morghi_Airport-Tehran-ID1788-_آشیانه_قدیمی_فرودگاه_قلعه_مرغی.jpg
TRAIN_02298,کاروانسرای_هندوها.jpg,Has Arch,1,train,has_arch/کاروانسرای_هندوها.jpg
TRAIN_02299,MohammadAbad_Stony_Caravansary_13970419_07.jpg,Has Arch,1,train,has_arch/MohammadAbad_Stony_Caravansary_13970419_07.jpg
TRAIN_02300,Bazar_105.jpg,Has Arch,1,train,has_arch/Bazar_105.jpg
TRAIN_02301,Kashan_Jame_mosque_922.jpg,No Arch,0,train,no_arch/Kashan_Jame_mosque_922.jpg
TRAIN_02302,مسجد_جامع_ملک-_کرمان.jpg,Has Arch,1,train,has_arch/مسجد_جامع_ملک-_کرمان.jpg
TRAIN_02303,download.jpg,Has Arch,1,train,has_arch/download.jpg
TRAIN_02304,Abbasi_caravanserai_of_Nishapur_1.jpg,No Arch,0,train,no_arch/Abbasi_caravanserai_of_Nishapur_1.jpg
TRAIN_02305,حمام_قبله_(حمام_خانم)_III.jpg,No Arch,0,train,no_arch/حمام_قبله_(حمام_خانم)_III.jpg
TRAIN_02306,1_شبستان.jpg,Has Arch,1,train,has_arch/1_شبستان.jpg
TRAIN_02307,Mirsaeidhadian8976.jpg,Has Arch,1,train,has_arch/Mirsaeidhadian8976.jpg
TRAIN_02308,قلعه_رباط_شرف_سرخس_خراسان_رضوی_عکاس_سید_جلیل_حسینی_زهرایی_1.jpg,No Arch,0,train,no_arch/قلعه_رباط_شرف_سرخس_خراسان_رضوی_عکاس_سید_جلیل_حسینی_زهرایی_1.jpg
TRAIN_02309,Saas_ol_saltane2.jpg,Has Arch,1,train,has_arch/Saas_ol_saltane2.jpg
TRAIN_02310,Shiraz_-_Nasirolmolk_mosque_-_panoramio.jpg,Has Arch,1,train,has_arch/Shiraz_-_Nasirolmolk_mosque_-_panoramio.jpg
TRAIN_02311,Sohrogheh_church_10.jpg,No Arch,0,train,no_arch/Sohrogheh_church_10.jpg
TRAIN_02312,مسجد_حیدریه_3.jpg,Has Arch,1,train,has_arch/مسجد_حیدریه_3.jpg
TRAIN_02313,Shahrestan_Bridge_(Isfahan)_004.jpg,Has Arch,1,train,has_arch/Shahrestan_Bridge_(Isfahan)_004.jpg
TRAIN_02314,Mohammad_Abad_stony_caravanserai_2020-05-31_19.jpg,Has Arch,1,train,has_arch/Mohammad_Abad_stony_caravanserai_2020-05-31_19.jpg
TRAIN_02315,Farasfaj_caravanserai_20190507_08.jpg,Has Arch,1,train,has_arch/Farasfaj_caravanserai_20190507_08.jpg
TRAIN_02316,Historical_Bazaar_of_Khoy6.jpg,Has Arch,1,train,has_arch/Historical_Bazaar_of_Khoy6.jpg
TRAIN_02317,Pir_e_Shabib-1-.jpg,No Arch,0,train,no_arch/Pir_e_Shabib-1-.jpg
TRAIN_02318,Bahram244.jpg,Has Arch,1,train,has_arch/Bahram244.jpg
TRAIN_02319,Astaneh_Emamzadeh_Ghasem.jpg,No Arch,0,train,no_arch/Astaneh_Emamzadeh_Ghasem.jpg
TRAIN_02320,Aligholi_agha_4.jpg,Has Arch,1,train,has_arch/Aligholi_agha_4.jpg
TRAIN_02321,Kh.Ve.jpg,No Arch,0,train,no_arch/Kh.Ve.jpg
TRAIN_02322,Agha_khan_Liravi_Castle_20170330_17.jpg,No Arch,0,train,no_arch/Agha_khan_Liravi_Castle_20170330_17.jpg
TRAIN_02323,ضلع_جنوبی_مسجد.jpg,Has Arch,1,train,has_arch/ضلع_جنوبی_مسجد.jpg
TRAIN_02324,نمای_سه_رخ_رباط_شرف_(cropped).jpg,Has Arch,1,train,has_arch/نمای_سه_رخ_رباط_شرف_(cropped).jpg
TRAIN_02325,Bahram_Palace_2.jpg,Has Arch,1,train,has_arch/Bahram_Palace_2.jpg
TRAIN_02326,مسجد_ملک_زوزن_ایوان_چپ.jpg,Has Arch,1,train,has_arch/مسجد_ملک_زوزن_ایوان_چپ.jpg
TRAIN_02327,PIR-E_MORAD_ABAD_ARAK_3.jpg,Has Arch,1,train,has_arch/PIR-E_MORAD_ABAD_ARAK_3.jpg
TRAIN_02328,DSC_0001_(2)_(1600x1200).jpg,No Arch,0,train,no_arch/DSC_0001_(2)_(1600x1200).jpg
TRAIN_02329,"Faculty_of_Agriculture,_University_of_Tehran_-_39,_2024.jpg",No Arch,0,train,"no_arch/Faculty_of_Agriculture,_University_of_Tehran_-_39,_2024.jpg"
TRAIN_02330,Beheshti_Hammam2022-02-15_11.jpg,Has Arch,1,train,has_arch/Beheshti_Hammam2022-02-15_11.jpg
TRAIN_02331,Jalaleddin_Castle_20190327_09.jpg,Has Arch,1,train,has_arch/Jalaleddin_Castle_20190327_09.jpg
TRAIN_02332,یکی_از_چهار_درب_هشتی_گذر_تاریخی_بنی_طبا.jpg,No Arch,0,train,no_arch/یکی_از_چهار_درب_هشتی_گذر_تاریخی_بنی_طبا.jpg
TRAIN_02333,Arg_of_Karim_Khan_1.jpg,Has Arch,1,train,has_arch/Arg_of_Karim_Khan_1.jpg
TRAIN_02334,Bahram196.jpg,Has Arch,1,train,has_arch/Bahram196.jpg
TRAIN_02335,Jama_Masjid_Isfahan_Aarash_(215).jpg,No Arch,0,train,no_arch/Jama_Masjid_Isfahan_Aarash_(215).jpg
TRAIN_02336,مدرسه_چهارباغ_اصفهان_04.jpg,Has Arch,1,train,has_arch/مدرسه_چهارباغ_اصفهان_04.jpg
TRAIN_02337,Asnaq_mosque.jpg,No Arch,0,train,no_arch/Asnaq_mosque.jpg
TRAIN_02338,داخل_مسجد_جامع.jpg,Has Arch,1,train,has_arch/داخل_مسجد_جامع.jpg
TRAIN_02339,"Tehran_University_,_Winter_2007_-_panoramio_-_Behrooz_Rezvani_(4).jpg",No Arch,0,train,"no_arch/Tehran_University_,_Winter_2007_-_panoramio_-_Behrooz_Rezvani_(4).jpg"
TRAIN_02340,Fingarden7.jpg,No Arch,0,train,no_arch/Fingarden7.jpg
TRAIN_02341,درب_ورودی_موزه_نقاشی_پشت_شیشه_تهران.jpg,Has Arch,1,train,has_arch/درب_ورودی_موزه_نقاشی_پشت_شیشه_تهران.jpg
TRAIN_02342,Ks.SH.A4.jpg,No Arch,0,train,no_arch/Ks.SH.A4.jpg
TRAIN_02343,M.qazvin26.jpg,Has Arch,1,train,has_arch/M.qazvin26.jpg
TRAIN_02344,HaftBerkeh.png,Has Arch,1,train,has_arch/HaftBerkeh.png
TRAIN_02345,Pour-Ashraf_Fort_04.jpg,No Arch,0,train,no_arch/Pour-Ashraf_Fort_04.jpg
TRAIN_02346,Wiki_Loves_Monuments_2020_Iran_Syed_Penhan.jpg,Has Arch,1,train,has_arch/Wiki_Loves_Monuments_2020_Iran_Syed_Penhan.jpg
TRAIN_02347,Wiki_Loves_Monuments_2020_Iran_Ghale_Robat_(1).jpg,No Arch,0,train,no_arch/Wiki_Loves_Monuments_2020_Iran_Ghale_Robat_(1).jpg
TRAIN_02348,آرامگاه_سید_علاءالدین_حسین1.jpg,Has Arch,1,train,has_arch/آرامگاه_سید_علاءالدین_حسین1.jpg
TRAIN_02349,Forutqeh_Ab_Anbar2021-07-19_16.jpg,Has Arch,1,train,has_arch/Forutqeh_Ab_Anbar2021-07-19_16.jpg
TRAIN_02350,Abbasid_Caravanseray_of_Nishapur_(Ribati-i-Abbasi_of_Nishapur)_-_Morning_139.jpg,Has Arch,1,train,has_arch/Abbasid_Caravanseray_of_Nishapur_(Ribati-i-Abbasi_of_Nishapur)_-_Morning_139.jpg
TRAIN_02351,بازار_104.jpg,Has Arch,1,train,has_arch/بازار_104.jpg
TRAIN_02352,Sekoohe_castle_main_wall.jpg,No Arch,0,train,no_arch/Sekoohe_castle_main_wall.jpg
TRAIN_02353,گنبد_و_تزئینات_آن.jpg,No Arch,0,train,no_arch/گنبد_و_تزئینات_آن.jpg
TRAIN_02354,Amirali.82578.jpg,Has Arch,1,train,has_arch/Amirali.82578.jpg
TRAIN_02355,Brick_tower_and_the_geometric_decoration.jpg,No Arch,0,train,no_arch/Brick_tower_and_the_geometric_decoration.jpg
TRAIN_02356,"Faculty_of_Agriculture,_University_of_Tehran_-_62,_2024.jpg",No Arch,0,train,"no_arch/Faculty_of_Agriculture,_University_of_Tehran_-_62,_2024.jpg"
TRAIN_02357,Imamzadeh_Morteza2021-05-14_20.jpg,No Arch,0,train,no_arch/Imamzadeh_Morteza2021-05-14_20.jpg
TRAIN_02358,Shaman_Castle_20190328_07.jpg,No Arch,0,train,no_arch/Shaman_Castle_20190328_07.jpg
TRAIN_02359,مسجد_عتیق2.jpg,Has Arch,1,train,has_arch/مسجد_عتیق2.jpg
TRAIN_02360,Chahar_Bagh_Religious_school.jpg,Has Arch,1,train,has_arch/Chahar_Bagh_Religious_school.jpg
TRAIN_02361,کاروانسرای_سنگی_علی_آباد_قم.jpg,No Arch,0,train,no_arch/کاروانسرای_سنگی_علی_آباد_قم.jpg
TRAIN_02362,kafe  khabar_amakene  gardeshgary_esfahan_masjed  aghanor_Great_Yard_of_Sultani_Mosque.jpg,Has Arch,1,train,has_arch/kafe  khabar_amakene  gardeshgary_esfahan_masjed  aghanor_Great_Yard_of_Sultani_Mosque.jpg
TRAIN_02363,میدان_نقش_جهان(34).jpg,Has Arch,1,train,has_arch/میدان_نقش_جهان(34).jpg
TRAIN_02364,Abbasid_Caravanseray_of_Nishapur_(Ribati-i-Abbasi_of_Nishapur)_-_Morning_025.jpg,No Arch,0,train,no_arch/Abbasid_Caravanseray_of_Nishapur_(Ribati-i-Abbasi_of_Nishapur)_-_Morning_025.jpg
TRAIN_02365,Pirahmadzahrnoosh2.jpg,No Arch,0,train,no_arch/Pirahmadzahrnoosh2.jpg
TRAIN_02366,دلگشا،هرمزگان_بندرعباس_.jpg,No Arch,0,train,no_arch/دلگشا،هرمزگان_بندرعباس_.jpg
TRAIN_02367,Jameh_Mosque_of_Ardestan_and_Small_Cloud_Over_Minaret.jpg,Has Arch,1,train,has_arch/Jameh_Mosque_of_Ardestan_and_Small_Cloud_Over_Minaret.jpg
TRAIN_02368,Qom_نمایی_از_بازار_کهنه_شهر_قم.jpg,Has Arch,1,train,has_arch/Qom_نمایی_از_بازار_کهنه_شهر_قم.jpg
TRAIN_02369,Mohammad_Abad_stony_caravanserai_2020-05-31_15.jpg,Has Arch,1,train,has_arch/Mohammad_Abad_stony_caravanserai_2020-05-31_15.jpg
TRAIN_02370,Shahrod_Historical_Bazar_3.jpg,Has Arch,1,train,has_arch/Shahrod_Historical_Bazar_3.jpg
TRAIN_02371,امید_و_نور_2.jpg,No Arch,0,train,no_arch/امید_و_نور_2.jpg
TRAIN_02372,Abu_mansur_riabi_thomb.jpg,No Arch,0,train,no_arch/Abu_mansur_riabi_thomb.jpg
TRAIN_02373,Golestan_Palace_Album_No._168-26.jpg,Has Arch,1,train,has_arch/Golestan_Palace_Album_No._168-26.jpg
TRAIN_02374,بازار_تهران_IV.jpg,Has Arch,1,train,has_arch/بازار_تهران_IV.jpg
TRAIN_02375,"Ali_Qapu_Palace,_Isfahan-6223901216.jpg",No Arch,0,train,"no_arch/Ali_Qapu_Palace,_Isfahan-6223901216.jpg"
TRAIN_02376,Allah_allah_dome.jpg,No Arch,0,train,no_arch/Allah_allah_dome.jpg
TRAIN_02377,جامع1403.jpg,Has Arch,1,train,has_arch/جامع1403.jpg
TRAIN_02378,Moqadam2.jpg,Has Arch,1,train,has_arch/Moqadam2.jpg
TRAIN_02379,Madrasa_and_dome_exterior_of_Shah_Mosque_Isfahan_2014_(2).jpg,Has Arch,1,train,has_arch/Madrasa_and_dome_exterior_of_Shah_Mosque_Isfahan_2014_(2).jpg
TRAIN_02380,Red_mosque_chors4.jpg,Has Arch,1,train,has_arch/Red_mosque_chors4.jpg
TRAIN_02381,بنای_معین_التجار1.jpg,Has Arch,1,train,has_arch/بنای_معین_التجار1.jpg
TRAIN_02382,Holy_Shrine_of_Seyed_Ala-e_Din_Hussain.jpg,No Arch,0,train,no_arch/Holy_Shrine_of_Seyed_Ala-e_Din_Hussain.jpg
TRAIN_02383,Kerman_bazaar_by_night_(49686220238).jpg,Has Arch,1,train,has_arch/Kerman_bazaar_by_night_(49686220238).jpg
TRAIN_02384,Negarestan_palace_interior_corridor.jpg,No Arch,0,train,no_arch/Negarestan_palace_interior_corridor.jpg
TRAIN_02385,House_tb2.jpg,Has Arch,1,train,has_arch/House_tb2.jpg
TRAIN_02386,Sa'd_al-Saltaneh_Caravanserai2019_4.jpg,Has Arch,1,train,has_arch/Sa'd_al-Saltaneh_Caravanserai2019_4.jpg
TRAIN_02387,"دروازه_امامزاده_قاسم_(_کنده_سپید)_,_جاپلق_,_ازنا.jpeg",Has Arch,1,train,"has_arch/دروازه_امامزاده_قاسم_(_کنده_سپید)_,_جاپلق_,_ازنا.jpeg"
TRAIN_02388,Ancient_architects_with_bridge_roads_3.jpg,Has Arch,1,train,has_arch/Ancient_architects_with_bridge_roads_3.jpg
TRAIN_02389,نماش_شب.jpg,No Arch,0,train,no_arch/نماش_شب.jpg
TRAIN_02390,Gowhar_Shad.png,No Arch,0,train,no_arch/Gowhar_Shad.png
TRAIN_02391,My_House_12.jpg,No Arch,0,train,no_arch/My_House_12.jpg
TRAIN_02392,A_place_for_silence.jpg,No Arch,0,train,no_arch/A_place_for_silence.jpg
TRAIN_02393,حسن_لرزاده.jpg,No Arch,0,train,no_arch/حسن_لرزاده.jpg
TRAIN_02394,Hakim_Mosque_southern_vault.jpg,Has Arch,1,train,has_arch/Hakim_Mosque_southern_vault.jpg
TRAIN_02395,حمام_علی_قلی_اقا_(1).jpg,Has Arch,1,train,has_arch/حمام_علی_قلی_اقا_(1).jpg
TRAIN_02396,عمارت_امین_اسلامی_1.jpg,No Arch,0,train,no_arch/عمارت_امین_اسلامی_1.jpg
TRAIN_02397,مسجد_جامع_رشتخوار.jpg,Has Arch,1,train,has_arch/مسجد_جامع_رشتخوار.jpg
TRAIN_02398,Kakhe_Shahrbani_12.jpg,No Arch,0,train,no_arch/Kakhe_Shahrbani_12.jpg
TRAIN_02399,مسجدامام_-_panoramio_-_Farid_Atar_(2).jpg,Has Arch,1,train,has_arch/مسجدامام_-_panoramio_-_Farid_Atar_(2).jpg
TRAIN_02400,Ab_anbar_Maheleh_Bala-_Qehi-Isfahan-ID_11539-_آب_انبار_محله_بالا_–قهی.jpg,Has Arch,1,train,has_arch/Ab_anbar_Maheleh_Bala-_Qehi-Isfahan-ID_11539-_آب_انبار_محله_بالا_–قهی.jpg
TRAIN_02401,حمام_شاه12.jpg,Has Arch,1,train,has_arch/حمام_شاه12.jpg
TRAIN_02402,1396120512301714813437544_امامزاده_سید_ولی.jpg,No Arch,0,train,no_arch/1396120512301714813437544_امامزاده_سید_ولی.jpg
TRAIN_02403,کاروان_سرای_مشیر3.jpg,No Arch,0,train,no_arch/کاروان_سرای_مشیر3.jpg
TRAIN_02404,بازار_سردار8.jpg,Has Arch,1,train,has_arch/بازار_سردار8.jpg
TRAIN_02405,نمای_نزدیک_سر_درب_آب_انبار.jpg,Has Arch,1,train,has_arch/نمای_نزدیک_سر_درب_آب_انبار.jpg
TRAIN_02406,Agha_Bozorg_mosque-_kashan_-_Iran_مسجد_و_مدرسه_آقا_بزرگ_در_کاشان-_ایران_07.jpg,Has Arch,1,train,has_arch/Agha_Bozorg_mosque-_kashan_-_Iran_مسجد_و_مدرسه_آقا_بزرگ_در_کاشان-_ایران_07.jpg
TRAIN_02407,Deh-e_Mohammad_Caravanserai2023-09-26_7.jpg,Has Arch,1,train,has_arch/Deh-e_Mohammad_Caravanserai2023-09-26_7.jpg
TRAIN_02408,3523437_ARF8258_07.jpg,Has Arch,1,train,has_arch/3523437_ARF8258_07.jpg
TRAIN_02409,Shahrzad-Villa-SeyedAbad-Village-Damavand-Kanisavaran-Office---30533.jpg,No Arch,0,train,no_arch/Shahrzad-Villa-SeyedAbad-Village-Damavand-Kanisavaran-Office---30533.jpg
TRAIN_02410,حمام_وکیل_12.jpg,Has Arch,1,train,has_arch/حمام_وکیل_12.jpg
TRAIN_02411,Bibi_Shatia_Moque_and_mausoleum_-_Nishapur_48.jpg,Has Arch,1,train,has_arch/Bibi_Shatia_Moque_and_mausoleum_-_Nishapur_48.jpg
TRAIN_02412,بقعه_امامزاده_هلال_بن_علی_(ع).jpg,Has Arch,1,train,has_arch/بقعه_امامزاده_هلال_بن_علی_(ع).jpg
TRAIN_02413,(((گنبد_سرخ_مراغه_)))_-_panoramio.jpg,No Arch,0,train,no_arch/(((گنبد_سرخ_مراغه_)))_-_panoramio.jpg
TRAIN_02414,Roofed_Bazaar_of_Nishapur_(Bazaar_e_Sarpushideh-souq)_25.jpg,No Arch,0,train,no_arch/Roofed_Bazaar_of_Nishapur_(Bazaar_e_Sarpushideh-souq)_25.jpg
TRAIN_02415,Jame'_Mosque_of_Damghan_2019-04-04_02.jpg,No Arch,0,train,no_arch/Jame'_Mosque_of_Damghan_2019-04-04_02.jpg
TRAIN_02416,Shah_Mosque_Isfahan_Aarash_(17).jpg,Has Arch,1,train,has_arch/Shah_Mosque_Isfahan_Aarash_(17).jpg
TRAIN_02417,Shineshah_caravansary.jpg,Has Arch,1,train,has_arch/Shineshah_caravansary.jpg
TRAIN_02418,آب_انبار_دو_قلوی_خان_(1).jpg,No Arch,0,train,no_arch/آب_انبار_دو_قلوی_خان_(1).jpg
TRAIN_02419,غیاثیه_حیاط.jpg,Has Arch,1,train,has_arch/غیاثیه_حیاط.jpg
TRAIN_02420,Iranian_national_Museum_of_Medical_Sciences;_Tehran;_Iran-11.jpg,Has Arch,1,train,has_arch/Iranian_national_Museum_of_Medical_Sciences;_Tehran;_Iran-11.jpg
TRAIN_02421,کاروان_سرای_سعدالسلطنه_4.jpg,Has Arch,1,train,has_arch/کاروان_سرای_سعدالسلطنه_4.jpg
TRAIN_02422,Screenshot (741).png,Has Arch,1,train,has_arch/Screenshot (741).png
TRAIN_02423,Nasir-ol-molk_mosque_(مسجد_نصیرالملک،_شیراز)_-_panoramio_(2).jpg,Has Arch,1,train,has_arch/Nasir-ol-molk_mosque_(مسجد_نصیرالملک،_شیراز)_-_panoramio_(2).jpg
TRAIN_02424,Plus-Mashin-Industrial-Building-TDC-office---30593.jpg,No Arch,0,train,no_arch/Plus-Mashin-Industrial-Building-TDC-office---30593.jpg
TRAIN_02425,Timurid_Hall-Natural_History_Museum_of_Isfahan-ID_891-_تالار_تیموری-_موزهٔ_تاریخ_طبیعی_اصفهان.jpg,Has Arch,1,train,has_arch/Timurid_Hall-Natural_History_Museum_of_Isfahan-ID_891-_تالار_تیموری-_موزهٔ_تاریخ_طبیعی_اصفهان.jpg
TRAIN_02426,بازار_وکیل_کرمان_4.jpg,Has Arch,1,train,has_arch/بازار_وکیل_کرمان_4.jpg
TRAIN_02427,Shahrood-_bedasht-4.jpg,Has Arch,1,train,has_arch/Shahrood-_bedasht-4.jpg
TRAIN_02428,Khajeh_Nazar_Carvansary_13.jpg,Has Arch,1,train,has_arch/Khajeh_Nazar_Carvansary_13.jpg
TRAIN_02429,BorujerdihaHistoricalHouse11.jpg,No Arch,0,train,no_arch/BorujerdihaHistoricalHouse11.jpg
TRAIN_02430,Hnfh000_20210329_182120.jpg,No Arch,0,train,no_arch/Hnfh000_20210329_182120.jpg
TRAIN_02431,Sandogh_Pas-andaz_Bank_Melli.jpg,No Arch,0,train,no_arch/Sandogh_Pas-andaz_Bank_Melli.jpg
TRAIN_02432,Saeed_021قدیمی_ترین_بازار_سنتی.jpg,Has Arch,1,train,has_arch/Saeed_021قدیمی_ترین_بازار_سنتی.jpg
TRAIN_02433,سرای_گلشن6.jpg,Has Arch,1,train,has_arch/سرای_گلشن6.jpg
TRAIN_02434,Hakim_Mosque_dome_ceiling.jpg,Has Arch,1,train,has_arch/Hakim_Mosque_dome_ceiling.jpg
TRAIN_02435,امامزاده_هارون_(1).jpg,Has Arch,1,train,has_arch/امامزاده_هارون_(1).jpg
TRAIN_02436,نمای_جنوب_غربی_گنبد_جبلیه.jpg,No Arch,0,train,no_arch/نمای_جنوب_غربی_گنبد_جبلیه.jpg
TRAIN_02437,4675457-mahyar1.jpg,Has Arch,1,train,has_arch/4675457-mahyar1.jpg
TRAIN_02438,برج_آرامگاه_بابا_محمود_5.jpg,No Arch,0,train,no_arch/برج_آرامگاه_بابا_محمود_5.jpg
TRAIN_02439,Ferdows_Religious_School_(cropped).jpg,Has Arch,1,train,has_arch/Ferdows_Religious_School_(cropped).jpg
TRAIN_02440,Tower_of_Chehel_Dokhtaran_Damghan.jpg,No Arch,0,train,no_arch/Tower_of_Chehel_Dokhtaran_Damghan.jpg
TRAIN_02441,Navid-Pharmacy-Tehran-by-Architecture-Studio--3--30388.jpg,No Arch,0,train,no_arch/Navid-Pharmacy-Tehran-by-Architecture-Studio--3--30388.jpg
TRAIN_02442,01-116A3258-11.jpg,No Arch,0,train,no_arch/01-116A3258-11.jpg
TRAIN_02443,33_Pol_(33_Bridge)_year_2015.jpg,Has Arch,1,train,has_arch/33_Pol_(33_Bridge)_year_2015.jpg
TRAIN_02444,Western_entrance_iwan_of_Honar_Bazaar.jpg,Has Arch,1,train,has_arch/Western_entrance_iwan_of_Honar_Bazaar.jpg
TRAIN_02445,Shahrood-_bedasht-2.jpg,Has Arch,1,train,has_arch/Shahrood-_bedasht-2.jpg
TRAIN_02446,TroanPost-E-DavoodGholami.jpg,No Arch,0,train,no_arch/TroanPost-E-DavoodGholami.jpg
TRAIN_02447,1396041020154512811279994_خیابان_سپه.jpg,No Arch,0,train,no_arch/1396041020154512811279994_خیابان_سپه.jpg
TRAIN_02448,Doxan_karvansarası_Zəncan_202209_(9).jpg,No Arch,0,train,no_arch/Doxan_karvansarası_Zəncan_202209_(9).jpg
TRAIN_02449,Caravanserai_Sangi-Zanjan_13970121_15.jpg,Has Arch,1,train,has_arch/Caravanserai_Sangi-Zanjan_13970121_15.jpg
TRAIN_02450,Piruz_Nahavandi_Mausoleum_2.jpg,No Arch,0,train,no_arch/Piruz_Nahavandi_Mausoleum_2.jpg
TRAIN_02451,Agha_Bozorg_Mosque_Kashan_2014_(5).jpg,Has Arch,1,train,has_arch/Agha_Bozorg_Mosque_Kashan_2014_(5).jpg
TRAIN_02452,Arg-semnan.jpg,Has Arch,1,train,has_arch/Arg-semnan.jpg
TRAIN_02453,بازار_بزرگ_کرمان2.jpg,Has Arch,1,train,has_arch/بازار_بزرگ_کرمان2.jpg
TRAIN_02454,چهار_سوق_(3).jpg,Has Arch,1,train,has_arch/چهار_سوق_(3).jpg
TRAIN_02455,Khaneh_abbasi_kashan.jpg,Has Arch,1,train,has_arch/Khaneh_abbasi_kashan.jpg
TRAIN_02456,1399010523080721119980544_تهران،_بدون_هیاهو.jpg,No Arch,0,train,no_arch/1399010523080721119980544_تهران،_بدون_هیاهو.jpg
TRAIN_02457,Bahram247.jpg,Has Arch,1,train,has_arch/Bahram247.jpg
TRAIN_02458,Shazdeh12.jpg,No Arch,0,train,no_arch/Shazdeh12.jpg
TRAIN_02459,Agha_Zia-aldin_Religius_School.jpg,Has Arch,1,train,has_arch/Agha_Zia-aldin_Religius_School.jpg
TRAIN_02460,Imamzadeh_Abdullah_Shushtar_Darafsh_(54).jpg,No Arch,0,train,no_arch/Imamzadeh_Abdullah_Shushtar_Darafsh_(54).jpg
TRAIN_02461,سی_و_سه_پل(9).jpg,Has Arch,1,train,has_arch/سی_و_سه_پل(9).jpg
TRAIN_02462,Naqsh-e_Jahan_Square_Isfahan_Aarash_(28).jpg,Has Arch,1,train,has_arch/Naqsh-e_Jahan_Square_Isfahan_Aarash_(28).jpg
TRAIN_02463,Sharif_University_Avicenna_Building_Zoomed.jpg,No Arch,0,train,no_arch/Sharif_University_Avicenna_Building_Zoomed.jpg
TRAIN_02464,IranMahanSchreinShNV1.jpg,Has Arch,1,train,has_arch/IranMahanSchreinShNV1.jpg
TRAIN_02465,slide19.jpg,Has Arch,1,train,has_arch/slide19.jpg
TRAIN_02466,حجره_های_کاروانسرای_خانات.jpg,Has Arch,1,train,has_arch/حجره_های_کاروانسرای_خانات.jpg
TRAIN_02467,Vank_Cathedral_Esfahan.jpg,Has Arch,1,train,has_arch/Vank_Cathedral_Esfahan.jpg
TRAIN_02468,Nishapur_train_station-passengers_portal_2.jpg,No Arch,0,train,no_arch/Nishapur_train_station-passengers_portal_2.jpg
TRAIN_02469,Almahdi_mahdishahr.jpg,Has Arch,1,train,has_arch/Almahdi_mahdishahr.jpg
TRAIN_02470,1397072209پل_تاریخی_قشلاق.jpg,Has Arch,1,train,has_arch/1397072209پل_تاریخی_قشلاق.jpg
TRAIN_02471,"Saad_alsaltane_,_line.jpg",Has Arch,1,train,"has_arch/Saad_alsaltane_,_line.jpg"
TRAIN_02472,Moltakiye.jpg,No Arch,0,train,no_arch/Moltakiye.jpg
TRAIN_02473,مجموعه_گنجعلی_خان_(14).jpg,No Arch,0,train,no_arch/مجموعه_گنجعلی_خان_(14).jpg
TRAIN_02474,Firuz_Bahram_High_School_8500.jpg,No Arch,0,train,no_arch/Firuz_Bahram_High_School_8500.jpg
TRAIN_02475,Fadhl_Ibn_Shazan_Hawza_-_Door_-_tile_-_Nishapur_04.jpg,No Arch,0,train,no_arch/Fadhl_Ibn_Shazan_Hawza_-_Door_-_tile_-_Nishapur_04.jpg
TRAIN_02476,کلیسای_ارامنه_گریگوری_بوشهر.jpg,Has Arch,1,train,has_arch/کلیسای_ارامنه_گریگوری_بوشهر.jpg
TRAIN_02477,نمای_مقابل،_از_بالای_رباط_شرف.jpg,Has Arch,1,train,has_arch/نمای_مقابل،_از_بالای_رباط_شرف.jpg
TRAIN_02478,Kenargerd_Caravanserai_2019-07-10_04.jpg,Has Arch,1,train,has_arch/Kenargerd_Caravanserai_2019-07-10_04.jpg
TRAIN_02479,Hamadan_-_Borj-e_Qorban.jpg,No Arch,0,train,no_arch/Hamadan_-_Borj-e_Qorban.jpg
TRAIN_02480,Jameh_mosques_17.jpg,No Arch,0,train,no_arch/Jameh_mosques_17.jpg
TRAIN_02481,Anjoman_hekmat_4.jpg,No Arch,0,train,no_arch/Anjoman_hekmat_4.jpg
TRAIN_02482,Hakim_Mosque_2019-07-28_16.jpg,Has Arch,1,train,has_arch/Hakim_Mosque_2019-07-28_16.jpg
TRAIN_02483,32244-Isfahan-Chehel-Sotoon-Museum_(3446496132).jpg,Has Arch,1,train,has_arch/32244-Isfahan-Chehel-Sotoon-Museum_(3446496132).jpg
TRAIN_02484,Abbasi_House_خانه_عباسیان_کاشان_03.jpg,Has Arch,1,train,has_arch/Abbasi_House_خانه_عباسیان_کاشان_03.jpg
TRAIN_02485,Foroughi_Historic_House_of_Sabzevar_2.jpg,No Arch,0,train,no_arch/Foroughi_Historic_House_of_Sabzevar_2.jpg
TRAIN_02486,Iranian_national_Museum_of_Medical_Sciences;_Tehran;_Iran-8.jpg,Has Arch,1,train,has_arch/Iranian_national_Museum_of_Medical_Sciences;_Tehran;_Iran-8.jpg
TRAIN_02487,Agha_Bozorg_mosque-_kashan_-_Iran_مسجد_و_مدرسه_آقا_بزرگ_در_کاشان-_ایران_02.jpg,Has Arch,1,train,has_arch/Agha_Bozorg_mosque-_kashan_-_Iran_مسجد_و_مدرسه_آقا_بزرگ_در_کاشان-_ایران_02.jpg
TRAIN_02488,بخشی_از_شاه_نشین_کاروانسرای_حاج_کمال_رباط_کریم.jpg,Has Arch,1,train,has_arch/بخشی_از_شاه_نشین_کاروانسرای_حاج_کمال_رباط_کریم.jpg
TRAIN_02489,012_نمای_داخلی_مسجد_جامع_ورامین.jpg,Has Arch,1,train,has_arch/012_نمای_داخلی_مسجد_جامع_ورامین.jpg
TRAIN_02490,11196-1امامزاده_یحیی_01.jpg,No Arch,0,train,no_arch/11196-1امامزاده_یحیی_01.jpg
TRAIN_02491,IranIsfahanImamMoschee12.jpg,Has Arch,1,train,has_arch/IranIsfahanImamMoschee12.jpg
TRAIN_02492,Zaferaniyeh_Village_015.jpg,No Arch,0,train,no_arch/Zaferaniyeh_Village_015.jpg
TRAIN_02493,Alexander's_Prison_(8906009167).jpg,Has Arch,1,train,has_arch/Alexander's_Prison_(8906009167).jpg
TRAIN_02494,Seyyed_Bagher_Ab_Anbar2022-01-24_16.jpg,No Arch,0,train,no_arch/Seyyed_Bagher_Ab_Anbar2022-01-24_16.jpg
TRAIN_02495,Firuzabad_Tower2021_14.jpg,No Arch,0,train,no_arch/Firuzabad_Tower2021_14.jpg
TRAIN_02496,بازار_تهران_II.jpg,Has Arch,1,train,has_arch/بازار_تهران_II.jpg
TRAIN_02497,چهار_سوق_(4).jpg,Has Arch,1,train,has_arch/چهار_سوق_(4).jpg
TRAIN_02498,SardarAlighapu.jpg,Has Arch,1,train,has_arch/SardarAlighapu.jpg
TRAIN_02499,Qazvin_Market_Collection-Ghazvin_(3).jpg,Has Arch,1,train,has_arch/Qazvin_Market_Collection-Ghazvin_(3).jpg
TRAIN_02500,Armenia_Church_exterior_door_Hegmatane_Hill.jpg,No Arch,0,train,no_arch/Armenia_Church_exterior_door_Hegmatane_Hill.jpg
TRAIN_02501,Aali_Qapu_13961116_05.jpg,No Arch,0,train,no_arch/Aali_Qapu_13961116_05.jpg
TRAIN_02502,Roofed_Bazaar_of_nishapur_(11).jpg,No Arch,0,train,no_arch/Roofed_Bazaar_of_nishapur_(11).jpg
TRAIN_02503,کاروانسرای_شاه_عباسی_کرج(10).jpg,Has Arch,1,train,has_arch/کاروانسرای_شاه_عباسی_کرج(10).jpg
TRAIN_02504,مسجد_جامع_زرین_شهر.jpg,Has Arch,1,train,has_arch/مسجد_جامع_زرین_شهر.jpg
TRAIN_02505,2_کلیسا_وانک_حیاط.jpg,No Arch,0,train,no_arch/2_کلیسا_وانک_حیاط.jpg
TRAIN_02506,ورودی_مسجد_بایزید_بسطامی.jpg,No Arch,0,train,no_arch/ورودی_مسجد_بایزید_بسطامی.jpg
TRAIN_02507,Schoolferdous.jpg,Has Arch,1,train,has_arch/Schoolferdous.jpg
TRAIN_02508,مسجدامام(شاه)اصفهان-4.jpg,Has Arch,1,train,has_arch/مسجدامام(شاه)اصفهان-4.jpg
TRAIN_02509,Kharun_Dovecote_Najafabad.jpg,No Arch,0,train,no_arch/Kharun_Dovecote_Najafabad.jpg
TRAIN_02510,Shah_Abbasi_Caravanserai_of_Bisotun2023-10-09_4.jpg,Has Arch,1,train,has_arch/Shah_Abbasi_Caravanserai_of_Bisotun2023-10-09_4.jpg
TRAIN_02511,20150901_185116_002بازار_تاریخی_ارومیه.jpg,Has Arch,1,train,has_arch/20150901_185116_002بازار_تاریخی_ارومیه.jpg
TRAIN_02512,Mirza_Mohammad_Passage.jpg,No Arch,0,train,no_arch/Mirza_Mohammad_Passage.jpg
TRAIN_02513,HD4A0102.jpg,Has Arch,1,train,has_arch/HD4A0102.jpg
TRAIN_02514,Ghale_pendas_2_by_moein_yousefi.jpg,No Arch,0,train,no_arch/Ghale_pendas_2_by_moein_yousefi.jpg
TRAIN_02515,"Dome,_Friday_Mosque,_Yazd,_Iran_(14473897964).jpg",Has Arch,1,train,"has_arch/Dome,_Friday_Mosque,_Yazd,_Iran_(14473897964).jpg"
TRAIN_02516,ساختمان_شرکت_سهامی_انتشار_2.jpg,No Arch,0,train,no_arch/ساختمان_شرکت_سهامی_انتشار_2.jpg
TRAIN_02517,Arg_of_Karim_Khan_(45).jpg,Has Arch,1,train,has_arch/Arg_of_Karim_Khan_(45).jpg
TRAIN_02518,Forumad_Mosque_3.jpg,Has Arch,1,train,has_arch/Forumad_Mosque_3.jpg
TRAIN_02519,Irnr116-Isfahan-w_Ali_Qapu_Palace.jpg,No Arch,0,train,no_arch/Irnr116-Isfahan-w_Ali_Qapu_Palace.jpg
TRAIN_02520,Courtyard_of_Masjed-e_Shah_(16777386478).jpg,Has Arch,1,train,has_arch/Courtyard_of_Masjed-e_Shah_(16777386478).jpg
TRAIN_02521,IrIsfahanFreitagsmoschee08.jpg,Has Arch,1,train,has_arch/IrIsfahanFreitagsmoschee08.jpg
TRAIN_02522,Shah_mosque_Isfahan_-_interior_and_courtyard_2014.jpg,Has Arch,1,train,has_arch/Shah_mosque_Isfahan_-_interior_and_courtyard_2014.jpg
TRAIN_02523,_East__Mil_Radkaan.jpg,No Arch,0,train,no_arch/_East__Mil_Radkaan.jpg
TRAIN_02524,Bahram_Palace_15.jpg,Has Arch,1,train,has_arch/Bahram_Palace_15.jpg
TRAIN_02525,ChurchKermanshah.jpg,No Arch,0,train,no_arch/ChurchKermanshah.jpg
TRAIN_02526,Joubi_Bridge_Isfahan_Aarash_(15).jpg,Has Arch,1,train,has_arch/Joubi_Bridge_Isfahan_Aarash_(15).jpg
TRAIN_02527,XZHS6385.jpg,Has Arch,1,train,has_arch/XZHS6385.jpg
TRAIN_02528,Farah_Abad's_Bridge_(Shah_Abaasi's_Bridge).jpg,Has Arch,1,train,has_arch/Farah_Abad's_Bridge_(Shah_Abaasi's_Bridge).jpg
TRAIN_02529,Caravanserei_(2405826934).jpg,Has Arch,1,train,has_arch/Caravanserei_(2405826934).jpg
TRAIN_02530,Plus-Mashin-Industrial-Building-TDC-office---30585.jpg,No Arch,0,train,no_arch/Plus-Mashin-Industrial-Building-TDC-office---30585.jpg
TRAIN_02531,Jameh_Mosque_of_Abarkuh_04.jpg,Has Arch,1,train,has_arch/Jameh_Mosque_of_Abarkuh_04.jpg
TRAIN_02532,نگارخانه_در_رباط_طبسی.jpg,Has Arch,1,train,has_arch/نگارخانه_در_رباط_طبسی.jpg
TRAIN_02533,University_of_Tehran_0496.jpg,No Arch,0,train,no_arch/University_of_Tehran_0496.jpg
TRAIN_02534,Hakim_Mosque_2019-07-28_31.jpg,Has Arch,1,train,has_arch/Hakim_Mosque_2019-07-28_31.jpg
TRAIN_02535,"Isfahán,_Mezquita_del_Shah_(2000)_16.jpg",Has Arch,1,train,"has_arch/Isfahán,_Mezquita_del_Shah_(2000)_16.jpg"
TRAIN_02536,موزه_هنرهای_معاصر-36.jpg,No Arch,0,train,no_arch/موزه_هنرهای_معاصر-36.jpg
TRAIN_02537,Robat_Castle2.jpg,Has Arch,1,train,has_arch/Robat_Castle2.jpg
TRAIN_02538,ورودی_کاروانسرای_شاه_عباسی_مرنجاب.jpg,Has Arch,1,train,has_arch/ورودی_کاروانسرای_شاه_عباسی_مرنجاب.jpg
TRAIN_02539,Mirza-Mohammad-e-Pedar-Boutique-Hotel-in-Yazd--Renovation---0555.jpg,No Arch,0,train,no_arch/Mirza-Mohammad-e-Pedar-Boutique-Hotel-in-Yazd--Renovation---0555.jpg
TRAIN_02540,View_of_the_ruined_mud_buildings_inside_the_fort.jpg,No Arch,0,train,no_arch/View_of_the_ruined_mud_buildings_inside_the_fort.jpg
TRAIN_02541,کاروانسرای_وکیل_2.jpg,Has Arch,1,train,has_arch/کاروانسرای_وکیل_2.jpg
TRAIN_02542,نمایی_از_شهری_چای_میانه.jpg,Has Arch,1,train,has_arch/نمایی_از_شهری_چای_میانه.jpg
TRAIN_02543,Shaman_Castle_20190328_03.jpg,No Arch,0,train,no_arch/Shaman_Castle_20190328_03.jpg
TRAIN_02544,Bazaar_of_Tabriz_-_April_2009.jpg,Has Arch,1,train,has_arch/Bazaar_of_Tabriz_-_April_2009.jpg
TRAIN_02545,کاروانسركنارگرد_Karvansrknargrd_-_panoramio.jpg,Has Arch,1,train,has_arch/کاروانسركنارگرد_Karvansrknargrd_-_panoramio.jpg
TRAIN_02546,عمارت_عالی_قاپو_اصفهان_19.jpg,No Arch,0,train,no_arch/عمارت_عالی_قاپو_اصفهان_19.jpg
TRAIN_02547,20180426_141717Abanbar_Ganjalikhan.jpg,No Arch,0,train,no_arch/20180426_141717Abanbar_Ganjalikhan.jpg
TRAIN_02548,Ganjali_khan_Bath_1_Duplicate_تصویر_اصلی.jpg,Has Arch,1,train,has_arch/Ganjali_khan_Bath_1_Duplicate_تصویر_اصلی.jpg
TRAIN_02549,Robbaie-Villa-Kashan-Talakoob-Office---27770.jpg,No Arch,0,train,no_arch/Robbaie-Villa-Kashan-Talakoob-Office---27770.jpg
TRAIN_02550,هارون_ولایت.jpg,Has Arch,1,train,has_arch/هارون_ولایت.jpg
TRAIN_02551,Bafte_ghadime_yazd_(26).jpg,No Arch,0,train,no_arch/Bafte_ghadime_yazd_(26).jpg
TRAIN_02552,Dezful_Jame_Mosque_2.jpg,Has Arch,1,train,has_arch/Dezful_Jame_Mosque_2.jpg
TRAIN_02553,295A7715.jpg,No Arch,0,train,no_arch/295A7715.jpg
TRAIN_02554,بنای_موزه_هنرهای_معاصر.jpg,No Arch,0,train,no_arch/بنای_موزه_هنرهای_معاصر.jpg
TRAIN_02555,Sohrogheh_church_16.jpg,No Arch,0,train,no_arch/Sohrogheh_church_16.jpg
TRAIN_02556,بازار_کرمان_(8).jpg,No Arch,0,train,no_arch/بازار_کرمان_(8).jpg
TRAIN_02557,مسجد_حیدریه_2.jpg,Has Arch,1,train,has_arch/مسجد_حیدریه_2.jpg
TRAIN_02558,295A9447_(cropped)_2.jpg,No Arch,0,train,no_arch/295A9447_(cropped)_2.jpg
TRAIN_02559,Yazd-Ab_anbar_4_badghirs.jpg,No Arch,0,train,no_arch/Yazd-Ab_anbar_4_badghirs.jpg
TRAIN_02560,Chapel_of_Chupan_2016-12-10_02.jpg,No Arch,0,train,no_arch/Chapel_of_Chupan_2016-12-10_02.jpg
TRAIN_02561,Ardabil-bazar-photo.jpg,Has Arch,1,train,has_arch/Ardabil-bazar-photo.jpg
TRAIN_02562,عمارت_امین_اسلامی_2.jpg,No Arch,0,train,no_arch/عمارت_امین_اسلامی_2.jpg
TRAIN_02563,نمای_آجری_کاروانسرا.jpg,Has Arch,1,train,has_arch/نمای_آجری_کاروانسرا.jpg
TRAIN_02564,Imam_Zade_in_the_great_market_of_Tehran.jpg,No Arch,0,train,no_arch/Imam_Zade_in_the_great_market_of_Tehran.jpg
TRAIN_02565,Negarestan_Garden_07.jpg,No Arch,0,train,no_arch/Negarestan_Garden_07.jpg
TRAIN_02566,Gate_of_Tehran_-_33495412183.jpg,No Arch,0,train,no_arch/Gate_of_Tehran_-_33495412183.jpg
TRAIN_02567,Qazvin_Bazaar_2020-04-04_02.jpg,No Arch,0,train,no_arch/Qazvin_Bazaar_2020-04-04_02.jpg
TRAIN_02568,Dome_of_the_Rukn_al-Din_Mausoleum_(Yazd).jpg,No Arch,0,train,no_arch/Dome_of_the_Rukn_al-Din_Mausoleum_(Yazd).jpg
TRAIN_02569,Menar_5.jpg,Has Arch,1,train,has_arch/Menar_5.jpg
TRAIN_02570,Pa_Sa'at_2.jpg,No Arch,0,train,no_arch/Pa_Sa'at_2.jpg
TRAIN_02571,East_Wall_-_Balcony_of_winter_reception_room_-_Moghaddam_house.jpg,No Arch,0,train,no_arch/East_Wall_-_Balcony_of_winter_reception_room_-_Moghaddam_house.jpg
TRAIN_02572,Sadosaltaneh.jpg,Has Arch,1,train,has_arch/Sadosaltaneh.jpg
TRAIN_02573,Bagh_jahan_nama_(2).jpg,No Arch,0,train,no_arch/Bagh_jahan_nama_(2).jpg
TRAIN_02574,Kheirabad_school_20170327_01.jpg,No Arch,0,train,no_arch/Kheirabad_school_20170327_01.jpg
TRAIN_02575,Caravanserai_Sangi-Zanjan_13970121_11.jpg,Has Arch,1,train,has_arch/Caravanserai_Sangi-Zanjan_13970121_11.jpg
TRAIN_02576,Caravanserai_Sangi-Zanjan_13970121_18.jpg,Has Arch,1,train,has_arch/Caravanserai_Sangi-Zanjan_13970121_18.jpg
TRAIN_02577,Photowalk_in_Isfahan_with_photographers_by_Mardetanha_0130_(228)2019_07_06_2019_18.jpg,Has Arch,1,train,has_arch/Photowalk_in_Isfahan_with_photographers_by_Mardetanha_0130_(228)2019_07_06_2019_18.jpg
TRAIN_02578,نمای_داخلی_حمام_توده_-_2.jpg,Has Arch,1,train,has_arch/نمای_داخلی_حمام_توده_-_2.jpg
TRAIN_02579,"Dome_of_Fatima_Masumeh_Shrine,_Qom,_Iran.jpg",No Arch,0,train,"no_arch/Dome_of_Fatima_Masumeh_Shrine,_Qom,_Iran.jpg"
TRAIN_02580,20180921_164534_HDR.jpg,Has Arch,1,train,has_arch/20180921_164534_HDR.jpg
TRAIN_02581,Naghshe_jahan_(21).jpg,Has Arch,1,train,has_arch/Naghshe_jahan_(21).jpg
TRAIN_02582,Plus-Mashin-Industrial-Building-TDC-office---30597.jpg,No Arch,0,train,no_arch/Plus-Mashin-Industrial-Building-TDC-office---30597.jpg
TRAIN_02583,حجره.jpg,Has Arch,1,train,has_arch/حجره.jpg
TRAIN_02584,کلیسای_گریگوری_استپان.jpg,Has Arch,1,train,has_arch/کلیسای_گریگوری_استپان.jpg
TRAIN_02585,Golestan_Palace_Album_No._142-34.jpg,Has Arch,1,train,has_arch/Golestan_Palace_Album_No._142-34.jpg
TRAIN_02586,Post_and_Communication_Museum_of_Tehran_16.jpg,No Arch,0,train,no_arch/Post_and_Communication_Museum_of_Tehran_16.jpg
TRAIN_02587,Masjed-e_Jameh_(20934243558).jpg,Has Arch,1,train,has_arch/Masjed-e_Jameh_(20934243558).jpg
TRAIN_02588,"Malek_Soltan_Jarchi_Bashi,_by_Mardetanha_(16)_result.jpg",Has Arch,1,train,"has_arch/Malek_Soltan_Jarchi_Bashi,_by_Mardetanha_(16)_result.jpg"
TRAIN_02589,Arak_Railway_Station.jpg,Has Arch,1,train,has_arch/Arak_Railway_Station.jpg
TRAIN_02590,Bazaar_of_Tabriz011.jpg,Has Arch,1,train,has_arch/Bazaar_of_Tabriz011.jpg
TRAIN_02591,0098913290449خانه_تارخی_مجیر.jpg,Has Arch,1,train,has_arch/0098913290449خانه_تارخی_مجیر.jpg
TRAIN_02592,Beheshti_Hammam2022-02-15_10.jpg,Has Arch,1,train,has_arch/Beheshti_Hammam2022-02-15_10.jpg
TRAIN_02593,Abbasi_House_خانه_عباسیان_کاشان_05.jpg,Has Arch,1,train,has_arch/Abbasi_House_خانه_عباسیان_کاشان_05.jpg
TRAIN_02594,کاروانسرای_شاه_عباسی_اردبیل_5.jpg,No Arch,0,train,no_arch/کاروانسرای_شاه_عباسی_اردبیل_5.jpg
TRAIN_02595,Northern_Ayvan_at_Jameh_Mosque_in_Natanz.jpg,Has Arch,1,train,has_arch/Northern_Ayvan_at_Jameh_Mosque_in_Natanz.jpg
TRAIN_02596,Post_i2.jpg,No Arch,0,train,no_arch/Post_i2.jpg
TRAIN_02597,Abbasi_House20180627_155947.jpg,Has Arch,1,train,has_arch/Abbasi_House20180627_155947.jpg
TRAIN_02598,Saint_George_Church._2.jpg,Has Arch,1,train,has_arch/Saint_George_Church._2.jpg
TRAIN_02599,کاروانسرای_دیرگچین_بزرگترین_کاروانسرای_خشتی_گچی_ایران_-_نورپردازی_با_فانوس_-_عکاسی_در_شب_10.jpg,Has Arch,1,train,has_arch/کاروانسرای_دیرگچین_بزرگترین_کاروانسرای_خشتی_گچی_ایران_-_نورپردازی_با_فانوس_-_عکاسی_در_شب_10.jpg
TRAIN_02600,iranian-apartment-design-idea-63825-10.jpg,No Arch,0,train,no_arch/iranian-apartment-design-idea-63825-10.jpg
TRAIN_02601,Roofed_Bazaar_of_Nishapur_(Bazaar_e_Sarpushideh-souq)_51.jpg,No Arch,0,train,no_arch/Roofed_Bazaar_of_Nishapur_(Bazaar_e_Sarpushideh-souq)_51.jpg
TRAIN_02602,High-rises_in_Shahrak_Gharb.jpg,No Arch,0,train,no_arch/High-rises_in_Shahrak_Gharb.jpg
TRAIN_02603,Golestan_Palace_Album_No._142-16.jpg,No Arch,0,train,no_arch/Golestan_Palace_Album_No._142-16.jpg
TRAIN_02604,Timche_Malek_3.jpg,Has Arch,1,train,has_arch/Timche_Malek_3.jpg
TRAIN_02605,Saveh_Mosque_6.jpg,No Arch,0,train,no_arch/Saveh_Mosque_6.jpg
TRAIN_02606,Kenargerd_Caravanserai_by_Mardetanha_(1)_34.jpg,Has Arch,1,train,has_arch/Kenargerd_Caravanserai_by_Mardetanha_(1)_34.jpg
TRAIN_02607,Qal'eh_Nassir_Caravanserai2017.jpg,No Arch,0,train,no_arch/Qal'eh_Nassir_Caravanserai2017.jpg
TRAIN_02608,Agha_khan_Liravi_Castle_20170330_08.jpg,Has Arch,1,train,has_arch/Agha_khan_Liravi_Castle_20170330_08.jpg
TRAIN_02609,Blue_mosque_._tabriz.jpg,No Arch,0,train,no_arch/Blue_mosque_._tabriz.jpg
TRAIN_02610,Isfahan_-_Hafez_bridge_-_Jouyi_-_panoramio_(2).jpg,Has Arch,1,train,has_arch/Isfahan_-_Hafez_bridge_-_Jouyi_-_panoramio_(2).jpg
TRAIN_02611,برج_آرامگاه_بابا_محمود_6.jpg,No Arch,0,train,no_arch/برج_آرامگاه_بابا_محمود_6.jpg
TRAIN_02612,شاه_نشین-_خانه_تاریخی_ملک-_بازار_بین_الحرمین_تهران.jpg,No Arch,0,train,no_arch/شاه_نشین-_خانه_تاریخی_ملک-_بازار_بین_الحرمین_تهران.jpg
TRAIN_02613,Shah_Abbasi_Caravanserai_of_Bisotun2015-05-21_19.jpg,Has Arch,1,train,has_arch/Shah_Abbasi_Caravanserai_of_Bisotun2015-05-21_19.jpg
TRAIN_02614,Do-Bar-House-in-Tehran-by-AMA-studio---30034.jpg,No Arch,0,train,no_arch/Do-Bar-House-in-Tehran-by-AMA-studio---30034.jpg
TRAIN_02615,"Jabalieh,_Kerman,_Irán,_2016-09-22,_DD_04-06_HDR.jpg",Has Arch,1,train,"has_arch/Jabalieh,_Kerman,_Irán,_2016-09-22,_DD_04-06_HDR.jpg"
TRAIN_02616,Santuario_di_Fatima_Masumeh_05.jpg,Has Arch,1,train,has_arch/Santuario_di_Fatima_Masumeh_05.jpg
TRAIN_02617,Roofed_Bazaar_of_Nishapur_(Bazaar_e_Sarpushideh-souq)_46.jpg,Has Arch,1,train,has_arch/Roofed_Bazaar_of_Nishapur_(Bazaar_e_Sarpushideh-souq)_46.jpg
TRAIN_02618,Grand_Timcheh_of_Qom_2007_and_2009_Photographer_Mostafa_Meraji_04.jpg,No Arch,0,train,no_arch/Grand_Timcheh_of_Qom_2007_and_2009_Photographer_Mostafa_Meraji_04.jpg
TRAIN_02619,AbAnbarNain2.jpg,No Arch,0,train,no_arch/AbAnbarNain2.jpg
TRAIN_02620,History_History_IMG_2974_(4814428397).jpg,Has Arch,1,train,has_arch/History_History_IMG_2974_(4814428397).jpg
TRAIN_02621,Miandasht_Caravanserai2023-07-31_35.jpg,No Arch,0,train,no_arch/Miandasht_Caravanserai2023-07-31_35.jpg
TRAIN_02622,Old_building_in_night_illumination._-_33495407283.jpg,No Arch,0,train,no_arch/Old_building_in_night_illumination._-_33495407283.jpg
TRAIN_02623,Tabriz_Grand_Bazar.jpg,Has Arch,1,train,has_arch/Tabriz_Grand_Bazar.jpg
TRAIN_02624,Nozhan-Residential-Apartment-Shiraz-Maan-Studio---30156.jpg,No Arch,0,train,no_arch/Nozhan-Residential-Apartment-Shiraz-Maan-Studio---30156.jpg
TRAIN_02625,Abbasid_Caravanseray_of_Nishapur_(Ribati-i-Abbasi_of_Nishapur)_-_Morning_021.jpg,No Arch,0,train,no_arch/Abbasid_Caravanseray_of_Nishapur_(Ribati-i-Abbasi_of_Nishapur)_-_Morning_021.jpg
TRAIN_02626,بازار_مسگرها-بازار_کرمان-مجوعه_بازار_وکیل.jpg,Has Arch,1,train,has_arch/بازار_مسگرها-بازار_کرمان-مجوعه_بازار_وکیل.jpg
TRAIN_02627,قلعه_گنجعلیخان_12.jpg,No Arch,0,train,no_arch/قلعه_گنجعلیخان_12.jpg
TRAIN_02628,Alighapouesfahan.jpg,Has Arch,1,train,has_arch/Alighapouesfahan.jpg
TRAIN_02629,مسجد-آقانور-1.jpg,Has Arch,1,train,has_arch/مسجد-آقانور-1.jpg
TRAIN_02630,مسجد_جامع_ورامین_6.jpg,Has Arch,1,train,has_arch/مسجد_جامع_ورامین_6.jpg
TRAIN_02631,Miandoab_historic_bridge.jpg,Has Arch,1,train,has_arch/Miandoab_historic_bridge.jpg
TRAIN_02632,Hakim_Mosque-_Isfahan-ID223-_مسجد_حکیم-اصفهان.jpg,Has Arch,1,train,has_arch/Hakim_Mosque-_Isfahan-ID223-_مسجد_حکیم-اصفهان.jpg
TRAIN_02633,Qasr_Museum_(Qasr_Prison)_2.png,No Arch,0,train,no_arch/Qasr_Museum_(Qasr_Prison)_2.png
TRAIN_02634,Mozzaffariyeh.jpg,Has Arch,1,train,has_arch/Mozzaffariyeh.jpg
TRAIN_02635,64a996bce68858e1b59d3a17891fe77d.jpg,Has Arch,1,train,has_arch/64a996bce68858e1b59d3a17891fe77d.jpg
TRAIN_02636,The_Iranian_post_office_building_12.jpg,No Arch,0,train,no_arch/The_Iranian_post_office_building_12.jpg
TRAIN_02637,3بقعه_امامزاده_اسماعیل.jpg,Has Arch,1,train,has_arch/3بقعه_امامزاده_اسماعیل.jpg
TRAIN_02638,کاروانسرای_کویر_مرنجاب_-_panoramio.jpg,No Arch,0,train,no_arch/کاروانسرای_کویر_مرنجاب_-_panoramio.jpg
TRAIN_02639,Baghmazar_Kashmar_(1).jpg,Has Arch,1,train,has_arch/Baghmazar_Kashmar_(1).jpg
TRAIN_02640,Hakim_Mosque_southern_vault_ceiling.jpg,No Arch,0,train,no_arch/Hakim_Mosque_southern_vault_ceiling.jpg
TRAIN_02641,مجموعه_بازار_اردبیل.jpg,Has Arch,1,train,has_arch/مجموعه_بازار_اردبیل.jpg
TRAIN_02642,Ali_Gholi_Agha_hammam1.jpg,No Arch,0,train,no_arch/Ali_Gholi_Agha_hammam1.jpg
TRAIN_02643,Mosqekushk1.jpg,Has Arch,1,train,has_arch/Mosqekushk1.jpg
TRAIN_02644,Baqeri08.jpg,No Arch,0,train,no_arch/Baqeri08.jpg
TRAIN_02645,Courtyard_iwans_Shah_Mosque_Isfahan_2014_(8).jpg,Has Arch,1,train,has_arch/Courtyard_iwans_Shah_Mosque_Isfahan_2014_(8).jpg
TRAIN_02646,T_SHAHR2.jpg,Has Arch,1,train,has_arch/T_SHAHR2.jpg
TRAIN_02647,EAUO8232.jpg,No Arch,0,train,no_arch/EAUO8232.jpg
TRAIN_02648,Dehnamak_Caravanserai_2020-01-18_08.jpg,No Arch,0,train,no_arch/Dehnamak_Caravanserai_2020-01-18_08.jpg
TRAIN_02649,1907603.jpg,Has Arch,1,train,has_arch/1907603.jpg
TRAIN_02650,IranIsfahanImamMoschee11.jpg,Has Arch,1,train,has_arch/IranIsfahanImamMoschee11.jpg
TRAIN_02651,Sa'dabad_Palace_Darafsh_(177).jpg,No Arch,0,train,no_arch/Sa'dabad_Palace_Darafsh_(177).jpg
TRAIN_02652,Dehnamak_Caravanserai_20190618_06.jpg,Has Arch,1,train,has_arch/Dehnamak_Caravanserai_20190618_06.jpg
TRAIN_02653,نمای_کال_از_کمپ_بابا_قدرت.jpg,Has Arch,1,train,has_arch/نمای_کال_از_کمپ_بابا_قدرت.jpg
TRAIN_02654,Shah_Abbasi_Caravanserai_of_Karaj_17.jpg,Has Arch,1,train,has_arch/Shah_Abbasi_Caravanserai_of_Karaj_17.jpg
TRAIN_02655,Ganjali_Khan_Complex_13961227_15.jpg,Has Arch,1,train,has_arch/Ganjali_Khan_Complex_13961227_15.jpg
TRAIN_02656,مسجد_جامع_كاشان.jpg,Has Arch,1,train,has_arch/مسجد_جامع_كاشان.jpg
TRAIN_02657,Jalali_Castle_And_adjacent_Icehouses2019_7.jpg,No Arch,0,train,no_arch/Jalali_Castle_And_adjacent_Icehouses2019_7.jpg
TRAIN_02658,Kazerun_Bazaar_4.jpg,Has Arch,1,train,has_arch/Kazerun_Bazaar_4.jpg
TRAIN_02659,حیاط_اصلی_کاروانسرا.jpg,Has Arch,1,train,has_arch/حیاط_اصلی_کاروانسرا.jpg
TRAIN_02660,"Khaju_Bridge,_Isfahan_02.jpg",Has Arch,1,train,"has_arch/Khaju_Bridge,_Isfahan_02.jpg"
TRAIN_02661,خانه_شاعران۵.jpg,No Arch,0,train,no_arch/خانه_شاعران۵.jpg
TRAIN_02662,Robbaie-Villa-Kashan-Talakoob-Office--7767.jpg,No Arch,0,train,no_arch/Robbaie-Villa-Kashan-Talakoob-Office--7767.jpg
TRAIN_02663,Tabriz_Bazaar_2020-01-04_13.jpg,Has Arch,1,train,has_arch/Tabriz_Bazaar_2020-01-04_13.jpg
TRAIN_02664,Hamam_Shah-_Mashhad.jpg,Has Arch,1,train,has_arch/Hamam_Shah-_Mashhad.jpg
TRAIN_02665,Bibi_Shatia_Moque_and_mausoleum_-_Nishapur_01.jpg,Has Arch,1,train,has_arch/Bibi_Shatia_Moque_and_mausoleum_-_Nishapur_01.jpg
TRAIN_02666,دبیرستان_فیروزبهرام_IV.jpg,No Arch,0,train,no_arch/دبیرستان_فیروزبهرام_IV.jpg
TRAIN_02667,خانه_قدیمی_صالح_6.jpg,Has Arch,1,train,has_arch/خانه_قدیمی_صالح_6.jpg
TRAIN_02668,سیدعلاالدین_حسین.jpg,Has Arch,1,train,has_arch/سیدعلاالدین_حسین.jpg
TRAIN_02669,Shah_Mosque_(5448777193).jpg,Has Arch,1,train,has_arch/Shah_Mosque_(5448777193).jpg
TRAIN_02670,Shah_Abbasi_Caravanserai_of_Semnan_2018-10-17_15.jpg,Has Arch,1,train,has_arch/Shah_Abbasi_Caravanserai_of_Semnan_2018-10-17_15.jpg
TRAIN_02671,Kashaneh_Tower_of_Bastam_2015-05-25_03.jpg,No Arch,0,train,no_arch/Kashaneh_Tower_of_Bastam_2015-05-25_03.jpg
TRAIN_02672,Mosalla-mashhad-iran.jpg,Has Arch,1,train,has_arch/Mosalla-mashhad-iran.jpg
TRAIN_02673,معماری_داخلی_راهرو_کاروانسرای_مشیرالملک.jpg,Has Arch,1,train,has_arch/معماری_داخلی_راهرو_کاروانسرای_مشیرالملک.jpg
TRAIN_02674,رباط_زرنوخ67351.jpg,No Arch,0,train,no_arch/رباط_زرنوخ67351.jpg
TRAIN_02675,IrKermanGanjaliKhanKaravanserei2.jpg,Has Arch,1,train,has_arch/IrKermanGanjaliKhanKaravanserei2.jpg
TRAIN_02676,Chehel_Akhataran1.jpg,No Arch,0,train,no_arch/Chehel_Akhataran1.jpg
TRAIN_02677,"Amir_Chakhmaq_Mosque,_Yazd,_Iran_(14473815222).jpg",Has Arch,1,train,"has_arch/Amir_Chakhmaq_Mosque,_Yazd,_Iran_(14473815222).jpg"
TRAIN_02678,Meybod1.jpg,Has Arch,1,train,has_arch/Meybod1.jpg
TRAIN_02679,Momen_Abad-Semnan.jpg,No Arch,0,train,no_arch/Momen_Abad-Semnan.jpg
TRAIN_02680,نمای_درونی_مسجد_بایزید_بسطامی.jpg,No Arch,0,train,no_arch/نمای_درونی_مسجد_بایزید_بسطامی.jpg
TRAIN_02681,Kolbadi-House-Garmsar-LED-Architects--6741.jpg,No Arch,0,train,no_arch/Kolbadi-House-Garmsar-LED-Architects--6741.jpg
TRAIN_02682,Meybod_Caravanserai2023-03-23_12.jpg,No Arch,0,train,no_arch/Meybod_Caravanserai2023-03-23_12.jpg
TRAIN_02683,Brickword_decoration_of_entrance_and_the_wood_door.jpg,No Arch,0,train,no_arch/Brickword_decoration_of_entrance_and_the_wood_door.jpg
TRAIN_02684,Madreseh_bazar_Isfahan.jpg,No Arch,0,train,no_arch/Madreseh_bazar_Isfahan.jpg
TRAIN_02685,حمام_عمومی_فومن (1).jpg,No Arch,0,train,no_arch/حمام_عمومی_فومن (1).jpg
TRAIN_02686,Kenargerd_Caravanserai_by_Mardetanha_(1)_19.jpg,Has Arch,1,train,has_arch/Kenargerd_Caravanserai_by_Mardetanha_(1)_19.jpg
TRAIN_02687,عکس_از_مسعود_ادیبان_3.jpg,No Arch,0,train,no_arch/عکس_از_مسعود_ادیبان_3.jpg
TRAIN_02688,Hadar_Amuli_tomb_tower.jpg,No Arch,0,train,no_arch/Hadar_Amuli_tomb_tower.jpg
TRAIN_02689,"District_5,_Tehran,_Iran_-_panoramio_(4).jpg",No Arch,0,train,"no_arch/District_5,_Tehran,_Iran_-_panoramio_(4).jpg"
TRAIN_02690,Rasht_Municipality_Building.jpg,No Arch,0,train,no_arch/Rasht_Municipality_Building.jpg
TRAIN_02691,3523437_ARF8258_04.jpg,Has Arch,1,train,has_arch/3523437_ARF8258_04.jpg
TRAIN_02692,IMGborjTOQROL.jpg,No Arch,0,train,no_arch/IMGborjTOQROL.jpg
TRAIN_02693,Isfahan_Grand_Bazaar2021-04-13.jpg,Has Arch,1,train,has_arch/Isfahan_Grand_Bazaar2021-04-13.jpg
TRAIN_02694,مدرسه_بی_بی_حیاتی.jpg,No Arch,0,train,no_arch/مدرسه_بی_بی_حیاتی.jpg
TRAIN_02695,Miandasht_Caravanserai2023-07-31_18.jpg,No Arch,0,train,no_arch/Miandasht_Caravanserai2023-07-31_18.jpg
TRAIN_02696,Hotel_Ghoo_20180723_02.jpg,No Arch,0,train,no_arch/Hotel_Ghoo_20180723_02.jpg
TRAIN_02697,Cheshme-gilas-bridge.jpeg,Has Arch,1,train,has_arch/Cheshme-gilas-bridge.jpeg
TRAIN_02698,Emamzadeh_Saleh_2.jpg,Has Arch,1,train,has_arch/Emamzadeh_Saleh_2.jpg
TRAIN_02699,Narin_Castle_20190322_19.jpg,Has Arch,1,train,has_arch/Narin_Castle_20190322_19.jpg
TRAIN_02700,زمانی_برای_حمام.jpg,Has Arch,1,train,has_arch/زمانی_برای_حمام.jpg
TRAIN_02701,Western_Ayvan_at_Jameh_Mosque_in_Natanz.jpg,Has Arch,1,train,has_arch/Western_Ayvan_at_Jameh_Mosque_in_Natanz.jpg
TRAIN_02702,Jame_mosque_(2060270037).jpg,Has Arch,1,train,has_arch/Jame_mosque_(2060270037).jpg
TRAIN_02703,Emamzadeh_Haroun-e-Velayat.jpg,No Arch,0,train,no_arch/Emamzadeh_Haroun-e-Velayat.jpg
TRAIN_02704,"Caravanserai_in_Mehriz,_Iran_(42024979315).jpg",Has Arch,1,train,"has_arch/Caravanserai_in_Mehriz,_Iran_(42024979315).jpg"
TRAIN_02705,"بازار_نائین_-Nain_Bazaar,_Nain,_Isfahan,_İran.jpg",Has Arch,1,train,"has_arch/بازار_نائین_-Nain_Bazaar,_Nain,_Isfahan,_İran.jpg"
TRAIN_02706,Kolbadi-House-Garmsar-LED-Architects---26742.jpg,No Arch,0,train,no_arch/Kolbadi-House-Garmsar-LED-Architects---26742.jpg
TRAIN_02707,Haronie_3.jpg,Has Arch,1,train,has_arch/Haronie_3.jpg
TRAIN_02708,کاروانسرای_شاه_عباسی_کرج(5).jpg,Has Arch,1,train,has_arch/کاروانسرای_شاه_عباسی_کرج(5).jpg
TRAIN_02709,Ceiling_of_the_Music_Hall_01.jpg,No Arch,0,train,no_arch/Ceiling_of_the_Music_Hall_01.jpg
TRAIN_02710,100-Yazd_(16095259567).jpg,No Arch,0,train,no_arch/100-Yazd_(16095259567).jpg
TRAIN_02711,"Jame_mosque,_natanz8.jpg",No Arch,0,train,"no_arch/Jame_mosque,_natanz8.jpg"
TRAIN_02712,Mirsaeidhadian01.jpg,Has Arch,1,train,has_arch/Mirsaeidhadian01.jpg
TRAIN_02713,Sheykh-jonaeid_-_Sajad_Heydari.jpg,No Arch,0,train,no_arch/Sheykh-jonaeid_-_Sajad_Heydari.jpg
TRAIN_02714,DSC02408xsxazl.jpg,Has Arch,1,train,has_arch/DSC02408xsxazl.jpg
TRAIN_02715,SC03752.jpg,Has Arch,1,train,has_arch/SC03752.jpg
TRAIN_02716,Taag2.jpg,Has Arch,1,train,has_arch/Taag2.jpg
TRAIN_02717,Jey_bridge.jpg,Has Arch,1,train,has_arch/Jey_bridge.jpg
TRAIN_02718,Jarchi_Bashi_Bath_04.jpg,Has Arch,1,train,has_arch/Jarchi_Bashi_Bath_04.jpg
TRAIN_02719,قلعه_رباط4.jpg,Has Arch,1,train,has_arch/قلعه_رباط4.jpg
TRAIN_02720,Firuzabad_Tower_(cropped)_2.jpg,No Arch,0,train,no_arch/Firuzabad_Tower_(cropped)_2.jpg
TRAIN_02721,Bahram249.jpg,Has Arch,1,train,has_arch/Bahram249.jpg
TRAIN_02722,آرامگاه_شیخ_ابوالحسن_خرقانی1.jpg,No Arch,0,train,no_arch/آرامگاه_شیخ_ابوالحسن_خرقانی1.jpg
TRAIN_02723,295A5870.jpg,No Arch,0,train,no_arch/295A5870.jpg
TRAIN_02724,Argo_Factory2.jpg,No Arch,0,train,no_arch/Argo_Factory2.jpg
TRAIN_02725,Choobi_bridge (1).jpg,Has Arch,1,train,has_arch/Choobi_bridge (1).jpg
TRAIN_02726,"Kerman_Coppersmith_Bazar,_بازار_مسگری_کرمان_-_panoramio.jpg",Has Arch,1,train,"has_arch/Kerman_Coppersmith_Bazar,_بازار_مسگری_کرمان_-_panoramio.jpg"
TRAIN_02727,Eftekhar_al-Tojar_Mausoleum2021_(cropped).jpg,Has Arch,1,train,has_arch/Eftekhar_al-Tojar_Mausoleum2021_(cropped).jpg
TRAIN_02728,5دیر_گچین.jpg,Has Arch,1,train,has_arch/5دیر_گچین.jpg
TRAIN_02729,Rezarafieiraad1368-Acds.jpg,No Arch,0,train,no_arch/Rezarafieiraad1368-Acds.jpg
TRAIN_02730,برکه_حاج_اسدالله.jpg,Has Arch,1,train,has_arch/برکه_حاج_اسدالله.jpg
TRAIN_02731,Shah_Abbasi_Caravanserai_of_Karaj_27.jpg,Has Arch,1,train,has_arch/Shah_Abbasi_Caravanserai_of_Karaj_27.jpg
TRAIN_02732,"Alexander's_Prison,_Fahadan_Hussainiya_and_Davazdah_Imam_Shrine_in_Yazd_2024-06-09_2.jpg",No Arch,0,train,"no_arch/Alexander's_Prison,_Fahadan_Hussainiya_and_Davazdah_Imam_Shrine_in_Yazd_2024-06-09_2.jpg"
TRAIN_02733,"Holy_Mother_of_God_Church,_Tehran_0112.jpg",No Arch,0,train,"no_arch/Holy_Mother_of_God_Church,_Tehran_0112.jpg"
TRAIN_02734,ساختمان_راه_آهن_تبریز.jpg,No Arch,0,train,no_arch/ساختمان_راه_آهن_تبریز.jpg
TRAIN_02735,Caravanserai_Sangi-Zanjan_13970121_02.jpg,Has Arch,1,train,has_arch/Caravanserai_Sangi-Zanjan_13970121_02.jpg
TRAIN_02736,Entrance_to_tower_building_-_Moghaddam_house_-_2.jpg,Has Arch,1,train,has_arch/Entrance_to_tower_building_-_Moghaddam_house_-_2.jpg
TRAIN_02737,Irnt034-Isfahan-Meczet_Piątkowy.jpg,Has Arch,1,train,has_arch/Irnt034-Isfahan-Meczet_Piątkowy.jpg
TRAIN_02738,2_Entrance_Mahmoud_Hessabi_museum.jpg,No Arch,0,train,no_arch/2_Entrance_Mahmoud_Hessabi_museum.jpg
TRAIN_02739,Wiki_Loves_Monuments_2020_Iran_Ghale_Robat_(2).jpg,No Arch,0,train,no_arch/Wiki_Loves_Monuments_2020_Iran_Ghale_Robat_(2).jpg
TRAIN_02740,"Chahar-Bagh_School4,_16th_Cent,_Esfahan_-_03-30-2013.jpg",No Arch,0,train,"no_arch/Chahar-Bagh_School4,_16th_Cent,_Esfahan_-_03-30-2013.jpg"
TRAIN_02741,بقعه_شاهرکن_الدین_نمای_خروجی_،_عکس_از_حسین_درآمد.jpg,Has Arch,1,train,has_arch/بقعه_شاهرکن_الدین_نمای_خروجی_،_عکس_از_حسین_درآمد.jpg
TRAIN_02742,مدرسه_چهارباغ_(DSC2715).jpg,Has Arch,1,train,has_arch/مدرسه_چهارباغ_(DSC2715).jpg
TRAIN_02743,Iran_(8666806438).jpg,No Arch,0,train,no_arch/Iran_(8666806438).jpg
TRAIN_02744,Viewfromroof-besidethedome.jpg,Has Arch,1,train,has_arch/Viewfromroof-besidethedome.jpg
TRAIN_02745,Agha_khan_Liravi_Castle_20170330_25.jpg,No Arch,0,train,no_arch/Agha_khan_Liravi_Castle_20170330_25.jpg
TRAIN_02746,Abdolabad_Mosque2021_27.jpg,Has Arch,1,train,has_arch/Abdolabad_Mosque2021_27.jpg
TRAIN_02747,Kakhe_Shahrbani_11.jpg,No Arch,0,train,no_arch/Kakhe_Shahrbani_11.jpg
TRAIN_02748,Holy_carapt_church_4.jpg,No Arch,0,train,no_arch/Holy_carapt_church_4.jpg
TRAIN_02749,Architecture_of_Shiraz_(19).jpg,Has Arch,1,train,has_arch/Architecture_of_Shiraz_(19).jpg
TRAIN_02750,Sanandaj-Renovation-Center-by-Shiveh-Architecture-Studio---29904.jpg,No Arch,0,train,no_arch/Sanandaj-Renovation-Center-by-Shiveh-Architecture-Studio---29904.jpg
TRAIN_02751,Photowalk_in_Isfahan_with_photographers_by_Mardetanha_0130_(130)2019_07_06_2019_03.jpg,No Arch,0,train,no_arch/Photowalk_in_Isfahan_with_photographers_by_Mardetanha_0130_(130)2019_07_06_2019_03.jpg
TRAIN_02752,DSC_0303_(NXPowerLite)_(1600x1200).jpg,Has Arch,1,train,has_arch/DSC_0303_(NXPowerLite)_(1600x1200).jpg
TRAIN_02753,مدرسه_گنجعلیخان_و_کاروان_سرای_گنجعلی.jpg,Has Arch,1,train,has_arch/مدرسه_گنجعلیخان_و_کاروان_سرای_گنجعلی.jpg
TRAIN_02754,خانه_بروجردی_ها_هنر_ایرانی.jpg,No Arch,0,train,no_arch/خانه_بروجردی_ها_هنر_ایرانی.jpg
TRAIN_02755,20180426_141752Abanbar_Ganjalikhan.jpg,No Arch,0,train,no_arch/20180426_141752Abanbar_Ganjalikhan.jpg
TRAIN_02756,موزه_حسن_پور_بازار_اراک_-_panoramio.jpg,Has Arch,1,train,has_arch/موزه_حسن_پور_بازار_اراک_-_panoramio.jpg
TRAIN_02757,Kheirabad_school_20170327_14.jpg,Has Arch,1,train,has_arch/Kheirabad_school_20170327_14.jpg
TRAIN_02758,20180426_141935Kerman_Bazar_-_Mesgari.jpg,Has Arch,1,train,has_arch/20180426_141935Kerman_Bazar_-_Mesgari.jpg
TRAIN_02759,کاروانسرای_خیرآباد_بهبهان،_همگام_بازسانی.jpg,Has Arch,1,train,has_arch/کاروانسرای_خیرآباد_بهبهان،_همگام_بازسانی.jpg
TRAIN_02760,Ālī_Qāpū_(10).jpg,Has Arch,1,train,has_arch/Ālī_Qāpū_(10).jpg
TRAIN_02761,51-Isfahan_(15651191704).jpg,Has Arch,1,train,has_arch/51-Isfahan_(15651191704).jpg
TRAIN_02762,قلعه_والی.jpg,No Arch,0,train,no_arch/قلعه_والی.jpg
TRAIN_02763,Bastami_20181229_011037_879.jpg,Has Arch,1,train,has_arch/Bastami_20181229_011037_879.jpg
TRAIN_02764,"Faculty_of_Agriculture,_University_of_Tehran_-_41,_2024.jpg",Has Arch,1,train,"has_arch/Faculty_of_Agriculture,_University_of_Tehran_-_41,_2024.jpg"
TRAIN_02765,Yazd2024-03-19_12.jpg,Has Arch,1,train,has_arch/Yazd2024-03-19_12.jpg
TRAIN_02766,Tabriz_Bazar_003.jpg,Has Arch,1,train,has_arch/Tabriz_Bazar_003.jpg
TRAIN_02767,سقف_هی_گنبدی.jpg,Has Arch,1,train,has_arch/سقف_هی_گنبدی.jpg
TRAIN_02768,Deyr_Gachin_Caravansary_by_Mardetanha_(1)_34.jpg,No Arch,0,train,no_arch/Deyr_Gachin_Caravansary_by_Mardetanha_(1)_34.jpg
TRAIN_02769,Kazerun_Bazaar_6.jpg,Has Arch,1,train,has_arch/Kazerun_Bazaar_6.jpg
TRAIN_02770,Shahrod_Historical_Bazar_6.jpg,Has Arch,1,train,has_arch/Shahrod_Historical_Bazar_6.jpg
TRAIN_02771,محل_گذر_از_دوران_ها (1).jpg,Has Arch,1,train,has_arch/محل_گذر_از_دوران_ها (1).jpg
TRAIN_02772,Kazerun_Museum.jpg,Has Arch,1,train,has_arch/Kazerun_Museum.jpg
TRAIN_02773,Dowlat_Abad_Windcatcher_of_Yazd (1).jpg,No Arch,0,train,no_arch/Dowlat_Abad_Windcatcher_of_Yazd (1).jpg
TRAIN_02774,نمایی_از_حیاط_مدرسه_نیم_آورد.jpeg,Has Arch,1,train,has_arch/نمایی_از_حیاط_مدرسه_نیم_آورد.jpeg
TRAIN_02775,خانه_مهربان.jpg,No Arch,0,train,no_arch/خانه_مهربان.jpg
TRAIN_02776,ورودی_قلعه_خان_بستک.jpg,Has Arch,1,train,has_arch/ورودی_قلعه_خان_بستک.jpg
TRAIN_02777,Zaman_Khan_Bridge_20190323_11.jpg,Has Arch,1,train,has_arch/Zaman_Khan_Bridge_20190323_11.jpg
TRAIN_02778,Jameh_mosques_02.jpg,Has Arch,1,train,has_arch/Jameh_mosques_02.jpg
TRAIN_02779,0-0-Main.jpg,No Arch,0,train,no_arch/0-0-Main.jpg
TRAIN_02780,ستون_های_کاخ_عالی_قاپو.jpg,No Arch,0,train,no_arch/ستون_های_کاخ_عالی_قاپو.jpg
TRAIN_02781,Pol-e_Khajoo_(Isfahan)_011.jpg,Has Arch,1,train,has_arch/Pol-e_Khajoo_(Isfahan)_011.jpg
TRAIN_02782,Madreseh_Khan.jpg,Has Arch,1,train,has_arch/Madreseh_Khan.jpg
TRAIN_02783,Iranian-medical-building-1.jpg,No Arch,0,train,no_arch/Iranian-medical-building-1.jpg
TRAIN_02784,20231115073129_IMG_7697.jpg,Has Arch,1,train,has_arch/20231115073129_IMG_7697.jpg
TRAIN_02785,Pir_Palanduz_Mausoleum_2011-12-03.jpg,Has Arch,1,train,has_arch/Pir_Palanduz_Mausoleum_2011-12-03.jpg
TRAIN_02786,ShaykhShahab.jpg,Has Arch,1,train,has_arch/ShaykhShahab.jpg
TRAIN_02787,Magic_of_Harmony.jpg,Has Arch,1,train,has_arch/Magic_of_Harmony.jpg
TRAIN_02788,Koocheh_Haft_Tan_Mansion_01.jpg,No Arch,0,train,no_arch/Koocheh_Haft_Tan_Mansion_01.jpg
TRAIN_02789,بازار_شهرستان_خوی_در_ایران.jpg,Has Arch,1,train,has_arch/بازار_شهرستان_خوی_در_ایران.jpg
TRAIN_02790,تکیه_سید_العراقین_3.jpg,No Arch,0,train,no_arch/تکیه_سید_العراقین_3.jpg
TRAIN_02791,Aali_ghapoo_qazvin.jpg,Has Arch,1,train,has_arch/Aali_ghapoo_qazvin.jpg
TRAIN_02792,Holy_SURP_Hovhannes_Church_(cropped).jpg,No Arch,0,train,no_arch/Holy_SURP_Hovhannes_Church_(cropped).jpg
TRAIN_02793,K.sh.baran10_(cropped).jpg,Has Arch,1,train,has_arch/K.sh.baran10_(cropped).jpg
TRAIN_02794,Imamzadeh_Zeyd.jpg,Has Arch,1,train,has_arch/Imamzadeh_Zeyd.jpg
TRAIN_02795,Bahram_Palace_20.jpg,Has Arch,1,train,has_arch/Bahram_Palace_20.jpg
TRAIN_02796,02-47777777.jpg,Has Arch,1,train,has_arch/02-47777777.jpg
TRAIN_02797,Yusefabad_-_2.jpg,No Arch,0,train,no_arch/Yusefabad_-_2.jpg
TRAIN_02798,Grand_Timcheh_of_Qom_2007_and_2009_Photographer_Mostafa_Meraji_03.jpg,No Arch,0,train,no_arch/Grand_Timcheh_of_Qom_2007_and_2009_Photographer_Mostafa_Meraji_03.jpg
TRAIN_02799,Radkantower2021.png,No Arch,0,train,no_arch/Radkantower2021.png
TRAIN_02800,Dome_detail_at_Jameh_Mosque_in_Natanz.jpg,No Arch,0,train,no_arch/Dome_detail_at_Jameh_Mosque_in_Natanz.jpg
TRAIN_02801,Palais_ramsar.jpg,No Arch,0,train,no_arch/Palais_ramsar.jpg
TRAIN_02802,IranIsfahanFreitagsM15.jpg,Has Arch,1,train,has_arch/IranIsfahanFreitagsM15.jpg
TRAIN_02803,میدان_نقش_جهان(39).jpg,Has Arch,1,train,has_arch/میدان_نقش_جهان(39).jpg
TRAIN_02804,Khadju_Bridge._Isfahan_9.jpg,Has Arch,1,train,has_arch/Khadju_Bridge._Isfahan_9.jpg
TRAIN_02805,Khadju_Bridge._Isfahan_10.jpg,Has Arch,1,train,has_arch/Khadju_Bridge._Isfahan_10.jpg
TRAIN_02806,شبستان_مسجد_جامع_بازار_تهران.jpg,Has Arch,1,train,has_arch/شبستان_مسجد_جامع_بازار_تهران.jpg
TRAIN_02807,Jame_Mosque_of_Urmia-5.jpg,Has Arch,1,train,has_arch/Jame_Mosque_of_Urmia-5.jpg
TRAIN_02808,مسجد_ملک_کرمان_۱۹.jpg,Has Arch,1,train,has_arch/مسجد_ملک_کرمان_۱۹.jpg
TRAIN_02809,Тегеран_вокзал.jpg,No Arch,0,train,no_arch/Тегеран_вокзал.jpg
TRAIN_02810,موزه_هنرهای_معاصر-32.jpg,No Arch,0,train,no_arch/موزه_هنرهای_معاصر-32.jpg
TRAIN_02811,Imam_Khomeini_Mosque_(Shah_Mosque)22.jpg,Has Arch,1,train,has_arch/Imam_Khomeini_Mosque_(Shah_Mosque)22.jpg
TRAIN_02812,Padeh_Castle.jpg,No Arch,0,train,no_arch/Padeh_Castle.jpg
TRAIN_02813,MohammadAbad_Stony_Caravansary_13970419_13.jpg,Has Arch,1,train,has_arch/MohammadAbad_Stony_Caravansary_13970419_13.jpg
TRAIN_02814,Bahram_Palace_26.jpg,Has Arch,1,train,has_arch/Bahram_Palace_26.jpg
TRAIN_02815,Bahram_Palace_19.jpg,Has Arch,1,train,has_arch/Bahram_Palace_19.jpg
TRAIN_02816,"National_Garden,_Tehran_04.jpg",No Arch,0,train,"no_arch/National_Garden,_Tehran_04.jpg"
TRAIN_02817,Arg_of_Karim_Khan_(25).jpg,Has Arch,1,train,has_arch/Arg_of_Karim_Khan_(25).jpg
TRAIN_02818,Jameh_Mosque_of_Saveh-1.jpg,Has Arch,1,train,has_arch/Jameh_Mosque_of_Saveh-1.jpg
TRAIN_02819,Saied_naderinia_03.jpg,Has Arch,1,train,has_arch/Saied_naderinia_03.jpg
TRAIN_02820,Zaid_teh.jpg,Has Arch,1,train,has_arch/Zaid_teh.jpg
TRAIN_02821,Dairəvi_günbəz_və_Göy_Günbəz_türbələri_202209_(3).jpg,No Arch,0,train,no_arch/Dairəvi_günbəz_və_Göy_Günbəz_türbələri_202209_(3).jpg
TRAIN_02822,Hossein_gheytasi_IMG_6348.jpg,No Arch,0,train,no_arch/Hossein_gheytasi_IMG_6348.jpg
TRAIN_02823,BorujerdihaHistoricalHouse8.jpg,No Arch,0,train,no_arch/BorujerdihaHistoricalHouse8.jpg
TRAIN_02824,Hotel_Ghoo_20180723_29.jpg,No Arch,0,train,no_arch/Hotel_Ghoo_20180723_29.jpg
TRAIN_02825,Fatima_Masumeh_Shrine_Qom_City_Iran_Photographer_Mostafa_Meraji_07.jpg,No Arch,0,train,no_arch/Fatima_Masumeh_Shrine_Qom_City_Iran_Photographer_Mostafa_Meraji_07.jpg
TRAIN_02826,مسجد_و_بقعه_چهار_پادشاهان_10.jpg,No Arch,0,train,no_arch/مسجد_و_بقعه_چهار_پادشاهان_10.jpg
TRAIN_02827,Hakim_mosque-5.jpg,No Arch,0,train,no_arch/Hakim_mosque-5.jpg
TRAIN_02828,Detail_of_brick_and_tile_decoration_on_the_gallery_vault_from_upper_gallery (1).jpg,Has Arch,1,train,has_arch/Detail_of_brick_and_tile_decoration_on_the_gallery_vault_from_upper_gallery (1).jpg
TRAIN_02829,Jameh_Mosque_in_Natanz.jpg,Has Arch,1,train,has_arch/Jameh_Mosque_in_Natanz.jpg
TRAIN_02830,"Prison_de_Qasr,_Téhéran_(1).jpg",No Arch,0,train,"no_arch/Prison_de_Qasr,_Téhéran_(1).jpg"
TRAIN_02831,615199_1898033_Thumbnail.png,Has Arch,1,train,has_arch/615199_1898033_Thumbnail.png
TRAIN_02832,4_Mobile_graphy_hamed_jooyafar_2021.jpg,Has Arch,1,train,has_arch/4_Mobile_graphy_hamed_jooyafar_2021.jpg
TRAIN_02833,حمام_وکیل_13.jpg,Has Arch,1,train,has_arch/حمام_وکیل_13.jpg
TRAIN_02834,Khavidak_-_Old_castle_-_3000_years_ago_-_panoramio_(1)_(cropped).jpg,No Arch,0,train,no_arch/Khavidak_-_Old_castle_-_3000_years_ago_-_panoramio_(1)_(cropped).jpg
TRAIN_02835,Ab_anbar_Kazerooni-_Takhte_Foolad-_Esfahan-_ID_9069-_آب_انبار_کازرونی.jpg,Has Arch,1,train,has_arch/Ab_anbar_Kazerooni-_Takhte_Foolad-_Esfahan-_ID_9069-_آب_انبار_کازرونی.jpg
TRAIN_02836,سرای_عزیزا..اف-18.jpg,No Arch,0,train,no_arch/سرای_عزیزا..اف-18.jpg
TRAIN_02837,Ab_Anbar_Mian_Deh_in_Abyaneh.jpg,Has Arch,1,train,has_arch/Ab_Anbar_Mian_Deh_in_Abyaneh.jpg
TRAIN_02838,A.S.P_-_panoramio.jpg,No Arch,0,train,no_arch/A.S.P_-_panoramio.jpg
TRAIN_02839,Central_yard_of_shah_mosque.jpg,Has Arch,1,train,has_arch/Central_yard_of_shah_mosque.jpg
TRAIN_02840,Tabriz_Bazaar_2020-01-04_08.jpg,No Arch,0,train,no_arch/Tabriz_Bazaar_2020-01-04_08.jpg
TRAIN_02841,"Grand_Bazaar,_Tehran_10.jpg",Has Arch,1,train,"has_arch/Grand_Bazaar,_Tehran_10.jpg"
TRAIN_02842,Christian_hospital_2.jpg,No Arch,0,train,no_arch/Christian_hospital_2.jpg
TRAIN_02843,لافت_(cropped).jpg,No Arch,0,train,no_arch/لافت_(cropped).jpg
TRAIN_02844,Kaboutarkhane_Meybod_by_Ghazal_kohandel_کبوترخانه_میبد_عکاس_غزاله_کهن_دل_2.jpg,Has Arch,1,train,has_arch/Kaboutarkhane_Meybod_by_Ghazal_kohandel_کبوترخانه_میبد_عکاس_غزاله_کهن_دل_2.jpg
TRAIN_02845,2نمایی_از_قسمت_های_بازار_اراک.jpg,Has Arch,1,train,has_arch/2نمایی_از_قسمت_های_بازار_اراک.jpg
TRAIN_02846,"Kermán,_panorámicas_(2000)_04.jpg",No Arch,0,train,"no_arch/Kermán,_panorámicas_(2000)_04.jpg"
TRAIN_02847,Bahariyeh_Ab_Anbar2024-10-11_10.jpg,No Arch,0,train,no_arch/Bahariyeh_Ab_Anbar2024-10-11_10.jpg
TRAIN_02848,Gonbade_Sorkh.jpg,No Arch,0,train,no_arch/Gonbade_Sorkh.jpg
TRAIN_02849,مسجد-آققانور.jpg,Has Arch,1,train,has_arch/مسجد-آققانور.jpg
TRAIN_02850,Chaurchhhhh.jpg,No Arch,0,train,no_arch/Chaurchhhhh.jpg
TRAIN_02851,گچ_بری_های_زیر_گنبد.jpg,Has Arch,1,train,has_arch/گچ_بری_های_زیر_گنبد.jpg
TRAIN_02852,Kashan_2_Barry_Kent.jpg,Has Arch,1,train,has_arch/Kashan_2_Barry_Kent.jpg
TRAIN_02853,پل_قشلاق_سنندج.jpg,Has Arch,1,train,has_arch/پل_قشلاق_سنندج.jpg
TRAIN_02854,مسجد_عتیق3.jpg,Has Arch,1,train,has_arch/مسجد_عتیق3.jpg
TRAIN_02855,Yazd-Bafq-Bagher_Abad_Castle.jpg,Has Arch,1,train,has_arch/Yazd-Bafq-Bagher_Abad_Castle.jpg
TRAIN_02856,Bethlehem_Church2021_26.jpg,No Arch,0,train,no_arch/Bethlehem_Church2021_26.jpg
TRAIN_02857,Robbaie-Villa-Kashan-Talakoob-Office---27768.jpg,No Arch,0,train,no_arch/Robbaie-Villa-Kashan-Talakoob-Office---27768.jpg
TRAIN_02858,منار_امامزاده_جعفر_دامغان.jpg,No Arch,0,train,no_arch/منار_امامزاده_جعفر_دامغان.jpg
TRAIN_02859,مقرنس_کاری.jpg,Has Arch,1,train,has_arch/مقرنس_کاری.jpg
TRAIN_02860,32365-Isfahan-Vank-Cathedral_(3445674721).jpg,No Arch,0,train,no_arch/32365-Isfahan-Vank-Cathedral_(3445674721).jpg
TRAIN_02861,IrYazdJamehMoschee5.jpg,Has Arch,1,train,has_arch/IrYazdJamehMoschee5.jpg
TRAIN_02862,"Time_Museum,_Tehran_5.jpg",No Arch,0,train,"no_arch/Time_Museum,_Tehran_5.jpg"
TRAIN_02863,خانه_زینت_الملک_شیراز_ایران-khane_zinat_o_lmalek_shiraz_iran_05.jpg,No Arch,0,train,no_arch/خانه_زینت_الملک_شیراز_ایران-khane_zinat_o_lmalek_shiraz_iran_05.jpg
TRAIN_02864,"Close_view,_fluted_tower_and_the_small_squinches.jpg",No Arch,0,train,"no_arch/Close_view,_fluted_tower_and_the_small_squinches.jpg"
TRAIN_02865,Shesh_Nav_2.jpg,No Arch,0,train,no_arch/Shesh_Nav_2.jpg
TRAIN_02866,IranKermanFreitagsmoschee4.jpg,No Arch,0,train,no_arch/IranKermanFreitagsmoschee4.jpg
TRAIN_02867,Tile_-_Portal_of_an_old_store_-_Bazaar_of_Nishapur_(Edit).jpg,No Arch,0,train,no_arch/Tile_-_Portal_of_an_old_store_-_Bazaar_of_Nishapur_(Edit).jpg
TRAIN_02868,گذر_منتهی_به_آب_انبار_حاج_آقا_شهاب_بنی_طبا_-_1.jpg,Has Arch,1,train,has_arch/گذر_منتهی_به_آب_انبار_حاج_آقا_شهاب_بنی_طبا_-_1.jpg
TRAIN_02869,Southeastern_courtyard_corner_of_Jameh_Mosque_of_Natanz.jpg,Has Arch,1,train,has_arch/Southeastern_courtyard_corner_of_Jameh_Mosque_of_Natanz.jpg
TRAIN_02870,Hakim_mosque-2.jpg,Has Arch,1,train,has_arch/Hakim_mosque-2.jpg
TRAIN_02871,Abbasi_hotel.jpg,Has Arch,1,train,has_arch/Abbasi_hotel.jpg
TRAIN_02872,"Gran_Mezquita_de_Isfahán,_Isfahán,_Irán,_2016-09-20,_DD_52-54_HDR.jpg",Has Arch,1,train,"has_arch/Gran_Mezquita_de_Isfahán,_Isfahán,_Irán,_2016-09-20,_DD_52-54_HDR.jpg"
TRAIN_02873,Pasargadae_(19506942916).jpg,No Arch,0,train,no_arch/Pasargadae_(19506942916).jpg
TRAIN_02874,Kharanaq-Caravansaray2.jpg,Has Arch,1,train,has_arch/Kharanaq-Caravansaray2.jpg
TRAIN_02875,Iran_Yazd_Mosquee_Vendredi_(Jameh)_Portail_Principal_-_panoramio_(1).jpg,Has Arch,1,train,has_arch/Iran_Yazd_Mosquee_Vendredi_(Jameh)_Portail_Principal_-_panoramio_(1).jpg
TRAIN_02876,Cheshmeh-Mansion-Lavasan-Amin-Ferdousi-CAOI---30412.jpg,No Arch,0,train,no_arch/Cheshmeh-Mansion-Lavasan-Amin-Ferdousi-CAOI---30412.jpg
TRAIN_02877,Sabt_Ahval_Old_Building_6.jpg,No Arch,0,train,no_arch/Sabt_Ahval_Old_Building_6.jpg
TRAIN_02878,Wiki_Loves_Monuments_2020_Iran_Ghale_Robat_(2).jpg,Has Arch,1,train,has_arch/Wiki_Loves_Monuments_2020_Iran_Ghale_Robat_(2).jpg
TRAIN_02879,Bazarche-Marvi-Shbovand.jpg,Has Arch,1,train,has_arch/Bazarche-Marvi-Shbovand.jpg
TRAIN_02880,نمایی_از_مسجد_افین.jpg,Has Arch,1,train,has_arch/نمایی_از_مسجد_افین.jpg
TRAIN_02881,"Bath_house,_isfahan_october_2007_-_Flickr_-_seier-seier.jpg",Has Arch,1,train,"has_arch/Bath_house,_isfahan_october_2007_-_Flickr_-_seier-seier.jpg"
TRAIN_02882,Feyziyya_School_مدرسه_فیضیه_01.jpg,Has Arch,1,train,has_arch/Feyziyya_School_مدرسه_فیضیه_01.jpg
TRAIN_02883,صحن_مسجد_(cropped).jpg,Has Arch,1,train,has_arch/صحن_مسجد_(cropped).jpg
TRAIN_02884,Seyyed_Fath_al-Din_Reza_Ab_Anbar_2.jpg,Has Arch,1,train,has_arch/Seyyed_Fath_al-Din_Reza_Ab_Anbar_2.jpg
TRAIN_02885,Caravanserai_Sangi-Mohammadabad.jpg,Has Arch,1,train,has_arch/Caravanserai_Sangi-Mohammadabad.jpg
TRAIN_02886,Izadkhast_Carvanseray_by_Hadi_Karimi.jpg,Has Arch,1,train,has_arch/Izadkhast_Carvanseray_by_Hadi_Karimi.jpg
TRAIN_02887,201312_iran_yazd_01_(12467457455).jpg,Has Arch,1,train,has_arch/201312_iran_yazd_01_(12467457455).jpg
TRAIN_02888,Shah_Abbasi_Caravanserai_of_Bisotun2023-10-09_25.jpg,Has Arch,1,train,has_arch/Shah_Abbasi_Caravanserai_of_Bisotun2023-10-09_25.jpg
TRAIN_02889,Alexander's_Prison_13960103_02.jpg,Has Arch,1,train,has_arch/Alexander's_Prison_13960103_02.jpg
TRAIN_02890,20180316_175645Ganjali_Khan_Complex.jpg,Has Arch,1,train,has_arch/20180316_175645Ganjali_Khan_Complex.jpg
TRAIN_02891,Arg_Googad_-_panoramio_(1).jpg,No Arch,0,train,no_arch/Arg_Googad_-_panoramio_(1).jpg
TRAIN_02892,Kont_Castle_قلعه_کُنت_(نمای_داخلی).jpg,No Arch,0,train,no_arch/Kont_Castle_قلعه_کُنت_(نمای_داخلی).jpg
TRAIN_02893,Urmia_Bazaar_13970126_09.jpg,Has Arch,1,train,has_arch/Urmia_Bazaar_13970126_09.jpg
TRAIN_02894,Imamzadeh_Morteza2024-06-18_11.jpg,No Arch,0,train,no_arch/Imamzadeh_Morteza2024-06-18_11.jpg
TRAIN_02895,Do-Bar-House-in-Tehran-by-AMA-studio---30037.jpg,No Arch,0,train,no_arch/Do-Bar-House-in-Tehran-by-AMA-studio---30037.jpg
TRAIN_02896,مجموعه_بازار_قزوین03.jpg,Has Arch,1,train,has_arch/مجموعه_بازار_قزوین03.jpg
TRAIN_02897,Ghasr_Bahram_4_Mehrdad_Mokhtarizadeh.jpg,Has Arch,1,train,has_arch/Ghasr_Bahram_4_Mehrdad_Mokhtarizadeh.jpg
TRAIN_02898,Atigh_Jame'_Mosque_139902112314360520266904.jpg,Has Arch,1,train,has_arch/Atigh_Jame'_Mosque_139902112314360520266904.jpg
TRAIN_02899,Seyyed_Fath_al-Din_Reza_Ab_Anbar_1.jpg,No Arch,0,train,no_arch/Seyyed_Fath_al-Din_Reza_Ab_Anbar_1.jpg
TRAIN_02900,Winter-house-in-Bukan-Iran-by-Shoresh-Abed-CAOI---25497.jpg,No Arch,0,train,no_arch/Winter-house-in-Bukan-Iran-by-Shoresh-Abed-CAOI---25497.jpg
TRAIN_02901,AminAbad94_(2).jpg,Has Arch,1,train,has_arch/AminAbad94_(2).jpg
TRAIN_02902,IMAG3740.jpg,Has Arch,1,train,has_arch/IMAG3740.jpg
TRAIN_02903,"The_Abbasi_House_is_a_large_traditional_historical_house_located_in_Kashan,_Isfahan_Province,_Iran._خانه_عباسیان_(عباسی_ها)_در_کاشان-_ایران_04.jpg",Has Arch,1,train,"has_arch/The_Abbasi_House_is_a_large_traditional_historical_house_located_in_Kashan,_Isfahan_Province,_Iran._خانه_عباسیان_(عباسی_ها)_در_کاشان-_ایران_04.jpg"
TRAIN_02904,کاروان_سرای_خواجه_نظر_جلفا.jpg,Has Arch,1,train,has_arch/کاروان_سرای_خواجه_نظر_جلفا.jpg
TRAIN_02905,حیاط_مسجد_جامع.jpg,Has Arch,1,train,has_arch/حیاط_مسجد_جامع.jpg
TRAIN_02906,Ganjali_Khan_caravanserai.jpg,Has Arch,1,train,has_arch/Ganjali_Khan_caravanserai.jpg
TRAIN_02907,Naqsh-e_Jahan_Square_Isfahan_Aarash_(16).jpg,Has Arch,1,train,has_arch/Naqsh-e_Jahan_Square_Isfahan_Aarash_(16).jpg
TRAIN_02908,Shahi_Bridge2024-10-31_6.jpg,Has Arch,1,train,has_arch/Shahi_Bridge2024-10-31_6.jpg
TRAIN_02909,مسجد_اشترجان_2.jpg,No Arch,0,train,no_arch/مسجد_اشترجان_2.jpg
TRAIN_02910,Kordasht_old_bath_-_panoramio.jpg,Has Arch,1,train,has_arch/Kordasht_old_bath_-_panoramio.jpg
TRAIN_02911,Masjed-e_Hakim.jpg,Has Arch,1,train,has_arch/Masjed-e_Hakim.jpg
TRAIN_02912,آهوان1.jpg,Has Arch,1,train,has_arch/آهوان1.jpg
TRAIN_02913,20231117_parvin.jpg,No Arch,0,train,no_arch/20231117_parvin.jpg
TRAIN_02914,پنجره_های_سه_دری_حجره_های_بازار_نراق.jpg,No Arch,0,train,no_arch/پنجره_های_سه_دری_حجره_های_بازار_نراق.jpg
TRAIN_02915,Pahne_Bath._Semnan_4.jpg,No Arch,0,train,no_arch/Pahne_Bath._Semnan_4.jpg
TRAIN_02916,بیمارستان_بقیةالله.jpg,No Arch,0,train,no_arch/بیمارستان_بقیةالله.jpg
TRAIN_02917,سرای_مشیر_شیراز_ایران.-Saraye_Moshir_shiraz_iran_02.jpg,No Arch,0,train,no_arch/سرای_مشیر_شیراز_ایران.-Saraye_Moshir_shiraz_iran_02.jpg
TRAIN_02918,Bahram224.jpg,No Arch,0,train,no_arch/Bahram224.jpg
TRAIN_02919,کاروانسرای_خانه_سرخ2.jpg,Has Arch,1,train,has_arch/کاروانسرای_خانه_سرخ2.jpg
TRAIN_02920,1396121211130677113497534_بهارستان.jpg,No Arch,0,train,no_arch/1396121211130677113497534_بهارستان.jpg
TRAIN_02921,Mohammad_Abad_stony_caravanserai_2020-05-31_03.jpg,Has Arch,1,train,has_arch/Mohammad_Abad_stony_caravanserai_2020-05-31_03.jpg
TRAIN_02922,"Isfahan,_Masjed-e_Shah_10.jpg",Has Arch,1,train,"has_arch/Isfahan,_Masjed-e_Shah_10.jpg"
TRAIN_02923,Tabriz_Bazaar_2020-01-04_06.jpg,No Arch,0,train,no_arch/Tabriz_Bazaar_2020-01-04_06.jpg
TRAIN_02924,مناره_پامنار.jpg,No Arch,0,train,no_arch/مناره_پامنار.jpg
TRAIN_02925,Sa'd_al-Saltaneh_Carvansarai_(43273890532).jpg,Has Arch,1,train,has_arch/Sa'd_al-Saltaneh_Carvansarai_(43273890532).jpg
TRAIN_02926,Khavidak_old_castle_-_panoramio_(1).jpg,No Arch,0,train,no_arch/Khavidak_old_castle_-_panoramio_(1).jpg
TRAIN_02927,Ghasem_Anvar_Tomb.jpg,Has Arch,1,train,has_arch/Ghasem_Anvar_Tomb.jpg
TRAIN_02928,Vank_Cathedral_(16965092585).jpg,No Arch,0,train,no_arch/Vank_Cathedral_(16965092585).jpg
TRAIN_02929,Dehnamak_Caravanserai_20190618_15.jpg,Has Arch,1,train,has_arch/Dehnamak_Caravanserai_20190618_15.jpg
TRAIN_02930,سردر_مدرسه_عباسلیخان.jpg,No Arch,0,train,no_arch/سردر_مدرسه_عباسلیخان.jpg
TRAIN_02931,خلوتگاه_مندر_نوشیروان_جی_تاتا.jpg,No Arch,0,train,no_arch/خلوتگاه_مندر_نوشیروان_جی_تاتا.jpg
TRAIN_02932,Nabi_Mosque_in_QAZVIN.jpg,Has Arch,1,train,has_arch/Nabi_Mosque_in_QAZVIN.jpg
TRAIN_02933,Shah_Abbasi_Caravanserai_of_Karaj_22.jpg,Has Arch,1,train,has_arch/Shah_Abbasi_Caravanserai_of_Karaj_22.jpg
TRAIN_02934,Russian_Caravanserai_of_Sabzevar_03.jpg,No Arch,0,train,no_arch/Russian_Caravanserai_of_Sabzevar_03.jpg
TRAIN_02935,Meybod_Caravanserai2023-03-23_3.jpg,No Arch,0,train,no_arch/Meybod_Caravanserai2023-03-23_3.jpg
TRAIN_02936,بقعه_خواجه_تاج_الدین.jpg,Has Arch,1,train,has_arch/بقعه_خواجه_تاج_الدین.jpg
TRAIN_02937,Dardasht_Hammam.jpg,No Arch,0,train,no_arch/Dardasht_Hammam.jpg
TRAIN_02938,Mehr_padin_castle2.jpg,No Arch,0,train,no_arch/Mehr_padin_castle2.jpg
TRAIN_02939,Jolfa-Aras-3.jpg,No Arch,0,train,no_arch/Jolfa-Aras-3.jpg
TRAIN_02940,Abbasian_House_04.jpg,No Arch,0,train,no_arch/Abbasian_House_04.jpg
TRAIN_02941,Shah_Mosque_1375.jpg,Has Arch,1,train,has_arch/Shah_Mosque_1375.jpg
TRAIN_02942,بازار_تهران_XXII.jpg,Has Arch,1,train,has_arch/بازار_تهران_XXII.jpg
TRAIN_02943,1777777.jpg,Has Arch,1,train,has_arch/1777777.jpg
TRAIN_02944,Mirza-Mohammad-e-Pedar-Boutique-Hotel-in-Yazd--Renovation----30560.jpg,No Arch,0,train,no_arch/Mirza-Mohammad-e-Pedar-Boutique-Hotel-in-Yazd--Renovation----30560.jpg
TRAIN_02945,سرپوشیده،_حاج_شهباز_بیجار.jpg,No Arch,0,train,no_arch/سرپوشیده،_حاج_شهباز_بیجار.jpg
TRAIN_02946,Nozhan-Residential-Apartment-Shiraz-Maan-Studio---30175.jpg,No Arch,0,train,no_arch/Nozhan-Residential-Apartment-Shiraz-Maan-Studio---30175.jpg
TRAIN_02947,Mojtahidi_(Mojtahedi)_House_-_Nishapur_04.jpg,No Arch,0,train,no_arch/Mojtahidi_(Mojtahedi)_House_-_Nishapur_04.jpg
TRAIN_02948,کاروانسرای_خانات_.H.Jafari_-_panoramio_(3).jpg,No Arch,0,train,no_arch/کاروانسرای_خانات_.H.Jafari_-_panoramio_(3).jpg
TRAIN_02949,ایران-خراسان_رضوی_-نیشابور-_بازار_سر_پوشیده_نیشابور_-خروجی_ظلع_جنوبی.jpg,Has Arch,1,train,has_arch/ایران-خراسان_رضوی_-نیشابور-_بازار_سر_پوشیده_نیشابور_-خروجی_ظلع_جنوبی.jpg
TRAIN_02950,Tehran_Stock_Exchange_Building.jpg,No Arch,0,train,no_arch/Tehran_Stock_Exchange_Building.jpg
TRAIN_02951,Atigh_Jame'_Mosque_139902112313547220266904.jpg,Has Arch,1,train,has_arch/Atigh_Jame'_Mosque_139902112313547220266904.jpg
TRAIN_02952,Kheirabad_school_20170327_22.jpg,No Arch,0,train,no_arch/Kheirabad_school_20170327_22.jpg
TRAIN_02953,Brick_dome_and_decoration.jpg,No Arch,0,train,no_arch/Brick_dome_and_decoration.jpg
TRAIN_02954,Interior_of_Honar_Bazaar.jpg,Has Arch,1,train,has_arch/Interior_of_Honar_Bazaar.jpg
TRAIN_02955,Jameh_Mosque_of_Varamin_20190514_06.jpg,Has Arch,1,train,has_arch/Jameh_Mosque_of_Varamin_20190514_06.jpg
TRAIN_02956,954I6291_نمایی_از_ساختمان_هتل_رامسر.jpg,No Arch,0,train,no_arch/954I6291_نمایی_از_ساختمان_هتل_رامسر.jpg
TRAIN_02957,Molla_Abdullah_school.jpg,Has Arch,1,train,has_arch/Molla_Abdullah_school.jpg
TRAIN_02958,Abbasian_House_05.jpg,No Arch,0,train,no_arch/Abbasian_House_05.jpg
TRAIN_02959,Vank_Cathedral6_-_Esfahan_-_03-30-2013.jpg,Has Arch,1,train,has_arch/Vank_Cathedral6_-_Esfahan_-_03-30-2013.jpg
TRAIN_02960,"Saint_Mesrop_Armenian_Church,_Mashhad,_Iran_-_28_April_2025_(20).jpg",No Arch,0,train,"no_arch/Saint_Mesrop_Armenian_Church,_Mashhad,_Iran_-_28_April_2025_(20).jpg"
TRAIN_02961,Kharaghan_Twin_Towers.jpg,No Arch,0,train,no_arch/Kharaghan_Twin_Towers.jpg
TRAIN_02962,iranian-office-building-design-idea-782096-1.jpg,No Arch,0,train,no_arch/iranian-office-building-design-idea-782096-1.jpg
TRAIN_02963,پل_جویی۱_01.jpg,Has Arch,1,train,has_arch/پل_جویی۱_01.jpg
TRAIN_02964,"Chahar-Bagh_School3,_16th_Cent,_Esfahan_-_03-30-2013.jpg",No Arch,0,train,"no_arch/Chahar-Bagh_School3,_16th_Cent,_Esfahan_-_03-30-2013.jpg"
TRAIN_02965,پایه_ستونهای_رباط_شرف.jpg,Has Arch,1,train,has_arch/پایه_ستونهای_رباط_شرف.jpg
TRAIN_02966,Jamee_mosque_01.jpg,Has Arch,1,train,has_arch/Jamee_mosque_01.jpg
TRAIN_02967,"Tekyeh_Amir_Chakhmagh,_Yazd,_Iran_(تکیه_امیرچخماق)_-_panoramio_(2).jpg",Has Arch,1,train,"has_arch/Tekyeh_Amir_Chakhmagh,_Yazd,_Iran_(تکیه_امیرچخماق)_-_panoramio_(2).jpg"
TRAIN_02968,"گنبد_امامزاده_قاسم_,_ازنا.jpg",No Arch,0,train,"no_arch/گنبد_امامزاده_قاسم_,_ازنا.jpg"
TRAIN_02969,Sarsang_Reservoir_of_Sabzevar.jpg,Has Arch,1,train,has_arch/Sarsang_Reservoir_of_Sabzevar.jpg
TRAIN_02970,Fakhr_al-Dawla_mosque_4.jpg,No Arch,0,train,no_arch/Fakhr_al-Dawla_mosque_4.jpg
TRAIN_02971,گنبد_زنگولۀ_دامغان.jpg,Has Arch,1,train,has_arch/گنبد_زنگولۀ_دامغان.jpg
TRAIN_02972,1-semnan0012A.jpg,Has Arch,1,train,has_arch/1-semnan0012A.jpg
TRAIN_02973,سردر_اصلی.jpg,No Arch,0,train,no_arch/سردر_اصلی.jpg
TRAIN_02974,Varamin_Grand_Mosque_-_Mihrab.jpg,No Arch,0,train,no_arch/Varamin_Grand_Mosque_-_Mihrab.jpg
TRAIN_02975,یاقوت.jpg,No Arch,0,train,no_arch/یاقوت.jpg
TRAIN_02976,Masjed_jame_yazd_(79).jpg,Has Arch,1,train,has_arch/Masjed_jame_yazd_(79).jpg
TRAIN_02977,"Caravanserai_Zein-o-din,_Yazd,_Iran_(1258979134).jpg",Has Arch,1,train,"has_arch/Caravanserai_Zein-o-din,_Yazd,_Iran_(1258979134).jpg"
TRAIN_02978,Imamzadeh_Abdullah_Shushtar_Darafsh_(51).jpg,No Arch,0,train,no_arch/Imamzadeh_Abdullah_Shushtar_Darafsh_(51).jpg
TRAIN_02979,بازار_قیصریه_لار.jpg,Has Arch,1,train,has_arch/بازار_قیصریه_لار.jpg
TRAIN_02980,"National_Garden,_Tehran_17.jpg",No Arch,0,train,"no_arch/National_Garden,_Tehran_17.jpg"
TRAIN_02981,Khajeh_Nazar_Carvansary_04.jpg,Has Arch,1,train,has_arch/Khajeh_Nazar_Carvansary_04.jpg
TRAIN_02982,Gon_bad_alavian.jpg,No Arch,0,train,no_arch/Gon_bad_alavian.jpg
TRAIN_02983,تخت_فولاد89.jpg,No Arch,0,train,no_arch/تخت_فولاد89.jpg
TRAIN_02984,Aliabad_Tower2022-05-22_15.jpg,Has Arch,1,train,has_arch/Aliabad_Tower2022-05-22_15.jpg
TRAIN_02985,Entrance_of_Bayazid_Shrine.jpg,Has Arch,1,train,has_arch/Entrance_of_Bayazid_Shrine.jpg
TRAIN_02986,بازار_تهران_III.jpg,Has Arch,1,train,has_arch/بازار_تهران_III.jpg
TRAIN_02987,Aghabozorg_mosque_kashan_iran_29032010856.jpg,Has Arch,1,train,has_arch/Aghabozorg_mosque_kashan_iran_29032010856.jpg
TRAIN_02988,قلعه_گنجعلیخان_13.jpg,No Arch,0,train,no_arch/قلعه_گنجعلیخان_13.jpg
TRAIN_02989,950490_9f83a559-1aac-4adf-a935-c5360a3f2253.jpg,Has Arch,1,train,has_arch/950490_9f83a559-1aac-4adf-a935-c5360a3f2253.jpg
TRAIN_02990,City-Theater-of-Qazvin-CAOI--6-30209.jpg,No Arch,0,train,no_arch/City-Theater-of-Qazvin-CAOI--6-30209.jpg
TRAIN_02991,Yazd2024-03-19_3.jpg,No Arch,0,train,no_arch/Yazd2024-03-19_3.jpg
TRAIN_02992,Sharife_aliabadi_14.jpg,No Arch,0,train,no_arch/Sharife_aliabadi_14.jpg
TRAIN_02993,قلعه_کرشاهی_کاشان1.jpg,No Arch,0,train,no_arch/قلعه_کرشاهی_کاشان1.jpg
TRAIN_02994,Danesh_House2021-04-04_7_(cropped).jpg,No Arch,0,train,no_arch/Danesh_House2021-04-04_7_(cropped).jpg
TRAIN_02995,Chahar_Padeshah_1.jpg,Has Arch,1,train,has_arch/Chahar_Padeshah_1.jpg
TRAIN_02996,Beautiful_architecture_tabriz_bazaar_-_Business.jpg,Has Arch,1,train,has_arch/Beautiful_architecture_tabriz_bazaar_-_Business.jpg
TRAIN_02997,"Alexander's_Prison,_Yazd_-_Windtower.jpg",No Arch,0,train,"no_arch/Alexander's_Prison,_Yazd_-_Windtower.jpg"
TRAIN_02998,تخت_فولاد90.jpg,No Arch,0,train,no_arch/تخت_فولاد90.jpg
TRAIN_02999,بازار_تهران_XXVIII.jpg,No Arch,0,train,no_arch/بازار_تهران_XXVIII.jpg
TRAIN_03000,Shah_Abbasi_Caravanserai_of_Karaj_13.jpg,No Arch,0,train,no_arch/Shah_Abbasi_Caravanserai_of_Karaj_13.jpg
TRAIN_03001,"Al-Nabi_Mosque,_Qazvin_13960125_01.jpg",Has Arch,1,train,"has_arch/Al-Nabi_Mosque,_Qazvin_13960125_01.jpg"
TRAIN_03002,Qaem_Bridge2024-11-07_7.jpg,Has Arch,1,train,has_arch/Qaem_Bridge2024-11-07_7.jpg
TRAIN_03003,6491.Gonbad-eToghrol_(1380811492).jpg,Has Arch,1,train,has_arch/6491.Gonbad-eToghrol_(1380811492).jpg
TRAIN_03004,Antoin-Sevruguin-Blick-auf-das-Eingangsportal-des-Schreins-von-Fatima-Masuma-(gest.-817)-in-Qum-Museum-Rietberg-2023.00010.47.jpg,Has Arch,1,train,has_arch/Antoin-Sevruguin-Blick-auf-das-Eingangsportal-des-Schreins-von-Fatima-Masuma-(gest.-817)-in-Qum-Museum-Rietberg-2023.00010.47.jpg
TRAIN_03005,Bazaar_of_Tabriz055.jpg,No Arch,0,train,no_arch/Bazaar_of_Tabriz055.jpg
TRAIN_03006,Soltaniyeh_dome_by_Mardetanha_6542.jpg,Has Arch,1,train,has_arch/Soltaniyeh_dome_by_Mardetanha_6542.jpg
TRAIN_03007,Haroun-alrashid-prison.jpg,No Arch,0,train,no_arch/Haroun-alrashid-prison.jpg
TRAIN_03008,Bazaro_en_Tabrizo_(Irano)_001.jpg,Has Arch,1,train,has_arch/Bazaro_en_Tabrizo_(Irano)_001.jpg
TRAIN_03009,Abbasi_House20180627_161257.jpg,Has Arch,1,train,has_arch/Abbasi_House20180627_161257.jpg
TRAIN_03010,"Borujerdi_House,_Kashan,_Iran2.jpg",Has Arch,1,train,"has_arch/Borujerdi_House,_Kashan,_Iran2.jpg"
TRAIN_03011,18-10-05-21-59-05-224_deco.jpg,Has Arch,1,train,has_arch/18-10-05-21-59-05-224_deco.jpg
TRAIN_03012,40soton.jpg,Has Arch,1,train,has_arch/40soton.jpg
TRAIN_03013,Natanz_Masid_Jama_(night).jpg,No Arch,0,train,no_arch/Natanz_Masid_Jama_(night).jpg
TRAIN_03014,Entezami_House_2353.jpg,No Arch,0,train,no_arch/Entezami_House_2353.jpg
TRAIN_03015,Caravanserai-of-Shah-Abbas-6.jpg,Has Arch,1,train,has_arch/Caravanserai-of-Shah-Abbas-6.jpg
TRAIN_03016,1962_Isphahan_(2467717929).jpg,Has Arch,1,train,has_arch/1962_Isphahan_(2467717929).jpg
TRAIN_03017,مدرسه_گنجعلیخان_کاروان_سرای_گنجعلی_(2).jpg,Has Arch,1,train,has_arch/مدرسه_گنجعلیخان_کاروان_سرای_گنجعلی_(2).jpg
TRAIN_03018,Mojtahedi_House_-Anbar_e_Amuzesh_Parvaresh_-_Nishapur_4.jpg,No Arch,0,train,no_arch/Mojtahedi_House_-Anbar_e_Amuzesh_Parvaresh_-_Nishapur_4.jpg
TRAIN_03019,آهوان3.jpg,Has Arch,1,train,has_arch/آهوان3.jpg
TRAIN_03020,Shah_Abbasi_Caravanserai_of_Bisotun2021_20.jpg,Has Arch,1,train,has_arch/Shah_Abbasi_Caravanserai_of_Bisotun2021_20.jpg
TRAIN_03021,Ganjali_khan_Plaza.jpg,Has Arch,1,train,has_arch/Ganjali_khan_Plaza.jpg
TRAIN_03022,Qazvin_Bazaar_2020-04-07_06.jpg,No Arch,0,train,no_arch/Qazvin_Bazaar_2020-04-07_06.jpg
TRAIN_03023,Ruye_eyvan.jpg,No Arch,0,train,no_arch/Ruye_eyvan.jpg
TRAIN_03024,Mosque_of_marandiz_(cropped).jpg,Has Arch,1,train,has_arch/Mosque_of_marandiz_(cropped).jpg
TRAIN_03025,Ecbatana2024-07-30_30.jpg,Has Arch,1,train,has_arch/Ecbatana2024-07-30_30.jpg
TRAIN_03026,Screenshot (728).png,Has Arch,1,train,has_arch/Screenshot (728).png
TRAIN_03027,Screenshot (742).png,Has Arch,1,train,has_arch/Screenshot (742).png
TRAIN_03028,The_Tabātabāei_House_-_kashan_-_IRAN_خانه_طباطبایی_های_کاشان-_ایران_13.jpg,No Arch,0,train,no_arch/The_Tabātabāei_House_-_kashan_-_IRAN_خانه_طباطبایی_های_کاشان-_ایران_13.jpg
TRAIN_03029,مدرسه_جهارباغ_اصفهان-9.jpg,Has Arch,1,train,has_arch/مدرسه_جهارباغ_اصفهان-9.jpg
TRAIN_03030,Cheshmeh-Mansion-Lavasan-Amin-Ferdousi-CAOI---30433.jpg,No Arch,0,train,no_arch/Cheshmeh-Mansion-Lavasan-Amin-Ferdousi-CAOI---30433.jpg
TRAIN_03031,Bazare_ARAK_3.jpg,Has Arch,1,train,has_arch/Bazare_ARAK_3.jpg
TRAIN_03032,Kashikari_masjed_atigh.jpg,No Arch,0,train,no_arch/Kashikari_masjed_atigh.jpg
TRAIN_03033,Kazhe-Lounge-Qom-by-Shabahang-Architecture-Office---29810.jpg,No Arch,0,train,no_arch/Kazhe-Lounge-Qom-by-Shabahang-Architecture-Office---29810.jpg
TRAIN_03034,Nima_Yushij_House2022-11-12_5.jpg,No Arch,0,train,no_arch/Nima_Yushij_House2022-11-12_5.jpg
TRAIN_03035,Tomb_of_Emir_Ali_04.jpg,Has Arch,1,train,has_arch/Tomb_of_Emir_Ali_04.jpg
TRAIN_03036,Kharg_Island_in_2020_(10).jpg,No Arch,0,train,no_arch/Kharg_Island_in_2020_(10).jpg
TRAIN_03037,"Chahar-Bagh_School2,_16th_Cent,_Esfahan_-_03-30-2013.jpg",Has Arch,1,train,"has_arch/Chahar-Bagh_School2,_16th_Cent,_Esfahan_-_03-30-2013.jpg"
TRAIN_03038,3Gonbad_Urmia-Kheiri.Ali.jpg,No Arch,0,train,no_arch/3Gonbad_Urmia-Kheiri.Ali.jpg
TRAIN_03039,Shah_Abbasi_Caravanserai_of_Bisotun2021_7.jpg,Has Arch,1,train,has_arch/Shah_Abbasi_Caravanserai_of_Bisotun2021_7.jpg
TRAIN_03040,Bahram_Palace_11.jpg,Has Arch,1,train,has_arch/Bahram_Palace_11.jpg
TRAIN_03041,ورودی_و_جلوی_رباط_زرنوخ.jpg,Has Arch,1,train,has_arch/ورودی_و_جلوی_رباط_زرنوخ.jpg
TRAIN_03042,Chopan_ch.jpg,No Arch,0,train,no_arch/Chopan_ch.jpg
TRAIN_03043,بازار_سردار5.jpg,Has Arch,1,train,has_arch/بازار_سردار5.jpg
TRAIN_03044,Screenshot (730).png,Has Arch,1,train,has_arch/Screenshot (730).png
TRAIN_03045,20231115073419_IMG_7703.jpg,Has Arch,1,train,has_arch/20231115073419_IMG_7703.jpg
TRAIN_03046,Gonbad-e_Ali_03.jpg,No Arch,0,train,no_arch/Gonbad-e_Ali_03.jpg
TRAIN_03047,Mosques_in_Shiraz_09.jpg,Has Arch,1,train,has_arch/Mosques_in_Shiraz_09.jpg
TRAIN_03048,Caravansarai_Karaj.jpg,Has Arch,1,train,has_arch/Caravansarai_Karaj.jpg
TRAIN_03049,"Isfahán,_Mezquita_del_Shah_(2000)_18.jpg",Has Arch,1,train,"has_arch/Isfahán,_Mezquita_del_Shah_(2000)_18.jpg"
TRAIN_03050,Abbasi_House_خانه_عباسیان_کاشان_01.jpg,Has Arch,1,train,has_arch/Abbasi_House_خانه_عباسیان_کاشان_01.jpg
TRAIN_03051,مسجد_جامع_ورامین_2.jpg,No Arch,0,train,no_arch/مسجد_جامع_ورامین_2.jpg
TRAIN_03052,Abbāsi_House_-_1.jpg,Has Arch,1,train,has_arch/Abbāsi_House_-_1.jpg
TRAIN_03053,01_sharaghan_(22).jpg,No Arch,0,train,no_arch/01_sharaghan_(22).jpg
TRAIN_03054,Filsoufodole_school.jpg,Has Arch,1,train,has_arch/Filsoufodole_school.jpg
TRAIN_03055,Tomb_of_Sheikh_Shahabuddin_Ahari2024-03-21_12.jpg,No Arch,0,train,no_arch/Tomb_of_Sheikh_Shahabuddin_Ahari2024-03-21_12.jpg
TRAIN_03056,33_Pol_(1).jpg,Has Arch,1,train,has_arch/33_Pol_(1).jpg
TRAIN_03057,10کاروانسرای_چاله_سیاه.jpg,Has Arch,1,train,has_arch/10کاروانسرای_چاله_سیاه.jpg
TRAIN_03058,Tmp_24831-20140731_111716648631495.jpg,No Arch,0,train,no_arch/Tmp_24831-20140731_111716648631495.jpg
TRAIN_03059,Polidor_Cinema.png,No Arch,0,train,no_arch/Polidor_Cinema.png
TRAIN_03060,Iwan_(4012753633).jpg,Has Arch,1,train,has_arch/Iwan_(4012753633).jpg
TRAIN_03061,SHAABJAREH_OLD_CASTLE_01.jpg,No Arch,0,train,no_arch/SHAABJAREH_OLD_CASTLE_01.jpg
TRAIN_03062,امام_زاده_سید_ولی_در_مجموعه_بازار_تهران_1.jpg,No Arch,0,train,no_arch/امام_زاده_سید_ولی_در_مجموعه_بازار_تهران_1.jpg
TRAIN_03063,شاهزاده_ابراهیم_قم-emamzade_ebrahim_qom_01.jpg,No Arch,0,train,no_arch/شاهزاده_ابراهیم_قم-emamzade_ebrahim_qom_01.jpg
TRAIN_03064,Borje_B3.jpg,No Arch,0,train,no_arch/Borje_B3.jpg
TRAIN_03065,"The_Abbasi_House_is_a_large_traditional_historical_house_located_in_Kashan,_Isfahan_Province,_Iran._خانه_عباسیان_(عباسی_ها)_در_کاشان-_ایران_01.jpg",No Arch,0,train,"no_arch/The_Abbasi_House_is_a_large_traditional_historical_house_located_in_Kashan,_Isfahan_Province,_Iran._خانه_عباسیان_(عباسی_ها)_در_کاشان-_ایران_01.jpg"
TRAIN_03066,Abd_al-Razzaq_Kashani_House_2017-10-09_08.jpg,Has Arch,1,train,has_arch/Abd_al-Razzaq_Kashani_House_2017-10-09_08.jpg
TRAIN_03067,Mir-Gholam_Hashemi_Fort_03.jpg,No Arch,0,train,no_arch/Mir-Gholam_Hashemi_Fort_03.jpg
TRAIN_03068,Fatimah_Ma'sumah_Qom_23.jpg,No Arch,0,train,no_arch/Fatimah_Ma'sumah_Qom_23.jpg
TRAIN_03069,Dehnamak_Caravanserai_20190618_05.jpg,Has Arch,1,train,has_arch/Dehnamak_Caravanserai_20190618_05.jpg
TRAIN_03070,Kabood-gonbad21.jpg,Has Arch,1,train,has_arch/Kabood-gonbad21.jpg
TRAIN_03071,Cubic-Home-Amirdasht-Mazandaran-BOL-Architects--0242.jpg,No Arch,0,train,no_arch/Cubic-Home-Amirdasht-Mazandaran-BOL-Architects--0242.jpg
TRAIN_03072,Kouhan_Castle_2020-04-19_10.jpg,No Arch,0,train,no_arch/Kouhan_Castle_2020-04-19_10.jpg
TRAIN_03073,"Iran_2525_Yazd,_Iran_(8666745692).jpg",No Arch,0,train,"no_arch/Iran_2525_Yazd,_Iran_(8666745692).jpg"
TRAIN_03074,کاروان_سرای_گلو_سفته19.jpg,Has Arch,1,train,has_arch/کاروان_سرای_گلو_سفته19.jpg
TRAIN_03075,بازار_زیبای_خوی.jpg,Has Arch,1,train,has_arch/بازار_زیبای_خوی.jpg
TRAIN_03076,Aligholi_agha_2.jpg,Has Arch,1,train,has_arch/Aligholi_agha_2.jpg
TRAIN_03077,تالارنیلوفر-خانه_تاریخی_ملک-_بازار_بین_الحرمین_تهران.jpg,No Arch,0,train,no_arch/تالارنیلوفر-خانه_تاریخی_ملک-_بازار_بین_الحرمین_تهران.jpg
TRAIN_03078,Shah_mosque_tehran.jpg,No Arch,0,train,no_arch/Shah_mosque_tehran.jpg
TRAIN_03079,20180921_163452_HDR.jpg,Has Arch,1,train,has_arch/20180921_163452_HDR.jpg
TRAIN_03080,یکی_از_بادگیرهای_خانه_تاریخی_بنی_طبا.jpg,No Arch,0,train,no_arch/یکی_از_بادگیرهای_خانه_تاریخی_بنی_طبا.jpg
TRAIN_03081,سی_و_سه_33_پل.jpg,Has Arch,1,train,has_arch/سی_و_سه_33_پل.jpg
TRAIN_03082,Golpayegan.musqe.jpg,No Arch,0,train,no_arch/Golpayegan.musqe.jpg
TRAIN_03083,باغ_نگارستان12.jpg,No Arch,0,train,no_arch/باغ_نگارستان12.jpg
TRAIN_03084,Imamzadeh_Abdullah_Shushtar_Darafsh_(47).jpg,No Arch,0,train,no_arch/Imamzadeh_Abdullah_Shushtar_Darafsh_(47).jpg
TRAIN_03085,حسینیه_سفلی_ندوشن1.jpg,No Arch,0,train,no_arch/حسینیه_سفلی_ندوشن1.jpg
TRAIN_03086,Qizlar_Korpusi_(3).jpg,Has Arch,1,train,has_arch/Qizlar_Korpusi_(3).jpg
TRAIN_03087,Jame_Mosque_Haftshoyeh_2.jpg,Has Arch,1,train,has_arch/Jame_Mosque_Haftshoyeh_2.jpg
TRAIN_03088,Screenshot_20211106-111330_Hakim.jpg,Has Arch,1,train,has_arch/Screenshot_20211106-111330_Hakim.jpg
TRAIN_03089,مسجد_ملک_کرمان_۲۹.jpg,Has Arch,1,train,has_arch/مسجد_ملک_کرمان_۲۹.jpg
TRAIN_03090,گنبد_سبز_کرمان3.jpg,Has Arch,1,train,has_arch/گنبد_سبز_کرمان3.jpg
TRAIN_03091,Anjoman_hekmat_1.jpg,No Arch,0,train,no_arch/Anjoman_hekmat_1.jpg
TRAIN_03092,Shah_Abbasi_Caravanserai_of_Semnan_2018-10-17_22.jpg,Has Arch,1,train,has_arch/Shah_Abbasi_Caravanserai_of_Semnan_2018-10-17_22.jpg
TRAIN_03093,Imamzadeh_Morteza2024-06-18_13.jpg,No Arch,0,train,no_arch/Imamzadeh_Morteza2024-06-18_13.jpg
TRAIN_03094,Pərvin_Etisaminin_evi_(11).jpg,No Arch,0,train,no_arch/Pərvin_Etisaminin_evi_(11).jpg
TRAIN_03095,پل_دوازده_چشمه.jpg,Has Arch,1,train,has_arch/پل_دوازده_چشمه.jpg
TRAIN_03096,ورودی_ساختمان_اصلی_بیمارستان_پهلوی_(امام_خمینی_کنونی).jpg,No Arch,0,train,no_arch/ورودی_ساختمان_اصلی_بیمارستان_پهلوی_(امام_خمینی_کنونی).jpg
TRAIN_03097,Ghafarieh.jpg,No Arch,0,train,no_arch/Ghafarieh.jpg
TRAIN_03098,"Alexander's_Prison,_from_Wiki_Loves_Monuments_2019_in_Iran.jpg",Has Arch,1,train,"has_arch/Alexander's_Prison,_from_Wiki_Loves_Monuments_2019_in_Iran.jpg"
TRAIN_03099,تخت_فولاد85.jpg,No Arch,0,train,no_arch/تخت_فولاد85.jpg
TRAIN_03100,slide18.jpg,Has Arch,1,train,has_arch/slide18.jpg
TRAIN_03101,Iran-Mazandaran-Svadkooh-Shapour_Bridge_(5592449149).jpg,Has Arch,1,train,has_arch/Iran-Mazandaran-Svadkooh-Shapour_Bridge_(5592449149).jpg
TRAIN_03102,Sanandaj-Renovation-Center-by-Shiveh-Architecture-Studio---29903.jpg,No Arch,0,train,no_arch/Sanandaj-Renovation-Center-by-Shiveh-Architecture-Studio---29903.jpg
TRAIN_03103,بقعه_سید_فاضل_.طامه.نطنز.jpg,No Arch,0,train,no_arch/بقعه_سید_فاضل_.طامه.نطنز.jpg
TRAIN_03104,SHAABJAREH_OLD_CASTLE_02.jpg,No Arch,0,train,no_arch/SHAABJAREH_OLD_CASTLE_02.jpg
TRAIN_03105,ورودی_قلعه_دهشاد_شهریار.jpg,Has Arch,1,train,has_arch/ورودی_قلعه_دهشاد_شهریار.jpg
TRAIN_03106,میدان_گنجعلیخان-کرمان.jpg,Has Arch,1,train,has_arch/میدان_گنجعلیخان-کرمان.jpg
TRAIN_03107,Majlese_sena_1.jpg,No Arch,0,train,no_arch/Majlese_sena_1.jpg
TRAIN_03108,5مقبره_شیخ_ابوالحسن_خرقانی.jpg,Has Arch,1,train,has_arch/5مقبره_شیخ_ابوالحسن_خرقانی.jpg
TRAIN_03109,سرای_معین_التجار4.jpg,Has Arch,1,train,has_arch/سرای_معین_التجار4.jpg
TRAIN_03110,Forutqeh_Ab_Anbar2021-07-19_5.jpg,No Arch,0,train,no_arch/Forutqeh_Ab_Anbar2021-07-19_5.jpg
TRAIN_03111,باغ_دولت_آباد_یزد_04.jpg,No Arch,0,train,no_arch/باغ_دولت_آباد_یزد_04.jpg
TRAIN_03112,Qavam_House_باغ_نارنجستان_قوام_در_شیراز_06.jpg,No Arch,0,train,no_arch/Qavam_House_باغ_نارنجستان_قوام_در_شیراز_06.jpg
TRAIN_03113,Bogheye_12_imam_Yazd_by_Mahtab_Keshmiri.jpg,Has Arch,1,train,has_arch/Bogheye_12_imam_Yazd_by_Mahtab_Keshmiri.jpg
TRAIN_03114,سرای_گلشن2.jpg,Has Arch,1,train,has_arch/سرای_گلشن2.jpg
TRAIN_03115,Seh_Kohye_Castle2020_4.jpg,Has Arch,1,train,has_arch/Seh_Kohye_Castle2020_4.jpg
TRAIN_03116,مسجد_ملک_کرمان_۱.jpg,Has Arch,1,train,has_arch/مسجد_ملک_کرمان_۱.jpg
TRAIN_03117,"Agha_Bozorg_Mosque,_Kashan,_Iran.jpg",Has Arch,1,train,"has_arch/Agha_Bozorg_Mosque,_Kashan,_Iran.jpg"
TRAIN_03118,Ganjalikhan2.jpg,Has Arch,1,train,has_arch/Ganjalikhan2.jpg
TRAIN_03119,خانه_مددچی.jpg,Has Arch,1,train,has_arch/خانه_مددچی.jpg
TRAIN_03120,7دیر_گچین.jpg,Has Arch,1,train,has_arch/7دیر_گچین.jpg
TRAIN_03121,قلعه_علی_احمد_دماب.jpg,No Arch,0,train,no_arch/قلعه_علی_احمد_دماب.jpg
TRAIN_03122,امامزاده_جعفر_دامغان.jpg,No Arch,0,train,no_arch/امامزاده_جعفر_دامغان.jpg
TRAIN_03123,Atigh_Jame'_Mosque_1399021123141636520266904.jpg,Has Arch,1,train,has_arch/Atigh_Jame'_Mosque_1399021123141636520266904.jpg
TRAIN_03124,Ardestan-mosque-interior-3.jpg,Has Arch,1,train,has_arch/Ardestan-mosque-interior-3.jpg
TRAIN_03125,Ganjali_khan_bath_4_Duplicate_تصویر_اصلی.jpg,Has Arch,1,train,has_arch/Ganjali_khan_bath_4_Duplicate_تصویر_اصلی.jpg
TRAIN_03126,Khaj_rabi_2.jpg,Has Arch,1,train,has_arch/Khaj_rabi_2.jpg
TRAIN_03127,Shahrood-_bedasht-21.jpg,Has Arch,1,train,has_arch/Shahrood-_bedasht-21.jpg
TRAIN_03128,Pərvin_Etisaminin_evi_(13).jpg,No Arch,0,train,no_arch/Pərvin_Etisaminin_evi_(13).jpg
TRAIN_03129,Bazaar_-Tabriz.jpg,Has Arch,1,train,has_arch/Bazaar_-Tabriz.jpg
TRAIN_03130,DSC_0015_(1600x1200).jpg,Has Arch,1,train,has_arch/DSC_0015_(1600x1200).jpg
TRAIN_03131,"Ganjali_Khan_Bathhouse5,_built_between_1596-1621_Kerman_-_4-6-2013.jpg",Has Arch,1,train,"has_arch/Ganjali_Khan_Bathhouse5,_built_between_1596-1621_Kerman_-_4-6-2013.jpg"
TRAIN_03132,Grand_Timcheh_of_Qom2020-07-20_10.jpg,No Arch,0,train,no_arch/Grand_Timcheh_of_Qom2020-07-20_10.jpg
TRAIN_03133,"Jabalieh,_Kerman,_Irán,_2016-09-22,_DD_02_(cropped).jpg",No Arch,0,train,"no_arch/Jabalieh,_Kerman,_Irán,_2016-09-22,_DD_02_(cropped).jpg"
TRAIN_03134,"Khatoon_Abadi_Mausoleum,_Takht-e_Foulad-_تکیه_خاتون_آبادی_،_تخت_فولاد_اصفهان.jpg",Has Arch,1,train,"has_arch/Khatoon_Abadi_Mausoleum,_Takht-e_Foulad-_تکیه_خاتون_آبادی_،_تخت_فولاد_اصفهان.jpg"
TRAIN_03135,Irnt009-Isfahan-Meczet_Piątkowy.jpg,Has Arch,1,train,has_arch/Irnt009-Isfahan-Meczet_Piątkowy.jpg
TRAIN_03136,Khan_school_headquarters2.jpg,Has Arch,1,train,has_arch/Khan_school_headquarters2.jpg
TRAIN_03137,Meybod_Caravanserai2023-03-23_7.jpg,Has Arch,1,train,has_arch/Meybod_Caravanserai2023-03-23_7.jpg
TRAIN_03138,"Ardabil,_Iran_2013_(23)_(15025513495).jpg",Has Arch,1,train,"has_arch/Ardabil,_Iran_2013_(23)_(15025513495).jpg"
TRAIN_03139,25کاروانسرای_چاله_سیاه.jpg,No Arch,0,train,no_arch/25کاروانسرای_چاله_سیاه.jpg
TRAIN_03140,"Fatima_Masumeh_Shrine,_Qom_14.jpg",No Arch,0,train,"no_arch/Fatima_Masumeh_Shrine,_Qom_14.jpg"
TRAIN_03141,درب_عمارت_دماب.jpg,No Arch,0,train,no_arch/درب_عمارت_دماب.jpg
TRAIN_03142,Cehr_Bridge.jpg,Has Arch,1,train,has_arch/Cehr_Bridge.jpg
TRAIN_03143,City-Theater-of-Qazvin-CAOI---30113.jpg,No Arch,0,train,no_arch/City-Theater-of-Qazvin-CAOI---30113.jpg
TRAIN_03144,Shah_Mosque_Isfahan_Aarash_(75).jpg,Has Arch,1,train,has_arch/Shah_Mosque_Isfahan_Aarash_(75).jpg
TRAIN_03145,Deh-e_Mohammad_Caravanserai2023-09-26_13.jpg,Has Arch,1,train,has_arch/Deh-e_Mohammad_Caravanserai2023-09-26_13.jpg
TRAIN_03146,Titi_carvansary.jpg,Has Arch,1,train,has_arch/Titi_carvansary.jpg
TRAIN_03147,Fazeli_house_27.jpg,No Arch,0,train,no_arch/Fazeli_house_27.jpg
TRAIN_03148,Iranian-office-building-design-987-21.jpg,No Arch,0,train,no_arch/Iranian-office-building-design-987-21.jpg
TRAIN_03149,محراب_و_مقرنس.jpg,Has Arch,1,train,has_arch/محراب_و_مقرنس.jpg
TRAIN_03150,تیمچه_ملک_التجار_2.jpg,No Arch,0,train,no_arch/تیمچه_ملک_التجار_2.jpg
TRAIN_03151,1752336.jpg,Has Arch,1,train,has_arch/1752336.jpg
TRAIN_03152,Dehnamak_Caravanserai_2020-01-18_02.jpg,Has Arch,1,train,has_arch/Dehnamak_Caravanserai_2020-01-18_02.jpg
TRAIN_03153,Ariz_Ecocastle.jpg,No Arch,0,train,no_arch/Ariz_Ecocastle.jpg
TRAIN_03154,Deire_Gachin_Caravansarai_-_Sasanian_dating_-_Iran._Qom_Province_-_Dayr-e_Gachin_11.jpg,Has Arch,1,train,has_arch/Deire_Gachin_Caravansarai_-_Sasanian_dating_-_Iran._Qom_Province_-_Dayr-e_Gachin_11.jpg
TRAIN_03155,Wall_detail_of_Caravanserai_Sangi-Aliabad.jpg,No Arch,0,train,no_arch/Wall_detail_of_Caravanserai_Sangi-Aliabad.jpg
TRAIN_03156,بازار_قلعه_محمود4.jpg,Has Arch,1,train,has_arch/بازار_قلعه_محمود4.jpg
TRAIN_03157,Soltanieh_02.jpg,Has Arch,1,train,has_arch/Soltanieh_02.jpg
TRAIN_03158,Dardasht_Minaret-1.jpg,Has Arch,1,train,has_arch/Dardasht_Minaret-1.jpg
TRAIN_03159,"Bazaar_of_Tabriz_,_Nowruz_2018_(13970103000241636574082417583368_91000).jpg",Has Arch,1,train,"has_arch/Bazaar_of_Tabriz_,_Nowruz_2018_(13970103000241636574082417583368_91000).jpg"
TRAIN_03160,Kashaneh_Tower_of_Bastam_2015-05-25_08.jpg,No Arch,0,train,no_arch/Kashaneh_Tower_of_Bastam_2015-05-25_08.jpg
TRAIN_03161,Mazare_Shahmir0 (1).jpg,No Arch,0,train,no_arch/Mazare_Shahmir0 (1).jpg
TRAIN_03162,"Fin_bathroom_in_Fin_garden2,_Kashan,_Iran.jpg",Has Arch,1,train,"has_arch/Fin_bathroom_in_Fin_garden2,_Kashan,_Iran.jpg"
TRAIN_03163,"Great_Mosque_of_Yazd_(Jame_mosque_of_Yazd),Yazd,_Iran_(مسجد_جامع_یزد)_-_panoramio_(4).jpg",Has Arch,1,train,"has_arch/Great_Mosque_of_Yazd_(Jame_mosque_of_Yazd),Yazd,_Iran_(مسجد_جامع_یزد)_-_panoramio_(4).jpg"
TRAIN_03164,Ferdows_Congregation_Mosque.jpg,Has Arch,1,train,has_arch/Ferdows_Congregation_Mosque.jpg
TRAIN_03165,Mosques_in_Yazd_01.jpg,No Arch,0,train,no_arch/Mosques_in_Yazd_01.jpg
TRAIN_03166,Panorama1_copy.jpg,Has Arch,1,train,has_arch/Panorama1_copy.jpg
TRAIN_03167,"Qavam_Home_,_living_room.jpg",No Arch,0,train,"no_arch/Qavam_Home_,_living_room.jpg"
TRAIN_03168,Gonbad_soltanie_zanjan.jpg,Has Arch,1,train,has_arch/Gonbad_soltanie_zanjan.jpg
TRAIN_03169,Imamzade_Saleh5.jpg,Has Arch,1,train,has_arch/Imamzade_Saleh5.jpg
TRAIN_03170,1396010612502140310379894_خیابان_۳۰_تیر.jpg,No Arch,0,train,no_arch/1396010612502140310379894_خیابان_۳۰_تیر.jpg
TRAIN_03171,حمام_جولان_همدان.jpg,No Arch,0,train,no_arch/حمام_جولان_همدان.jpg
TRAIN_03172,Abbasid_Caravanseray_of_Nishapur_(Ribati-i-Abbasi_of_Nishapur)_-_Morning_002.jpg,Has Arch,1,train,has_arch/Abbasid_Caravanseray_of_Nishapur_(Ribati-i-Abbasi_of_Nishapur)_-_Morning_002.jpg
TRAIN_03173,Jolfa_-_Khaje_nazar_caravanserai_-_panoramio.jpg,Has Arch,1,train,has_arch/Jolfa_-_Khaje_nazar_caravanserai_-_panoramio.jpg
TRAIN_03174,Golpayegan_712.jpg,No Arch,0,train,no_arch/Golpayegan_712.jpg
TRAIN_03175,Eskandar's_jailhouse_(left)_^_12_Imam_Shrine_(right)_-_panoramio.jpg,No Arch,0,train,no_arch/Eskandar's_jailhouse_(left)_^_12_Imam_Shrine_(right)_-_panoramio.jpg
TRAIN_03176,20180330_182116_Pano.jpg,Has Arch,1,train,has_arch/20180330_182116_Pano.jpg
TRAIN_03177,Ministerstvo_spravedlnosti_2.jpg,No Arch,0,train,no_arch/Ministerstvo_spravedlnosti_2.jpg
TRAIN_03178,Deire_Gachin_Caravansarai_-_Sasanian_dating_-_Iran._Qom_Province_-_Dayr-e_Gachin_03.jpg,Has Arch,1,train,has_arch/Deire_Gachin_Caravansarai_-_Sasanian_dating_-_Iran._Qom_Province_-_Dayr-e_Gachin_03.jpg
TRAIN_03179,کاروانسرای_شاه_عباسی_1.jpg,Has Arch,1,train,has_arch/کاروانسرای_شاه_عباسی_1.jpg
TRAIN_03180,"Abbasian_Historical_House7,_late_18th_century,_Kashan_-_03-26-2013.jpg",Has Arch,1,train,"has_arch/Abbasian_Historical_House7,_late_18th_century,_Kashan_-_03-26-2013.jpg"
TRAIN_03181,Ovlia_Caravanserai_of_Sabzevar_02.jpg,No Arch,0,train,no_arch/Ovlia_Caravanserai_of_Sabzevar_02.jpg
TRAIN_03182,3کاروان_سرای_شاه_عباسی_عباس_آباد.jpg,Has Arch,1,train,has_arch/3کاروان_سرای_شاه_عباسی_عباس_آباد.jpg
TRAIN_03183,Art_of_Geometry.jpg,No Arch,0,train,no_arch/Art_of_Geometry.jpg
TRAIN_03184,Tehran_Grand_Bazaar_2020-04-13_24.jpg,No Arch,0,train,no_arch/Tehran_Grand_Bazaar_2020-04-13_24.jpg
TRAIN_03185,Amirabad_Castle_(Varamin_County)_2.jpg,No Arch,0,train,no_arch/Amirabad_Castle_(Varamin_County)_2.jpg
TRAIN_03186,Qajar_Hammam2022-03-09_14.jpg,Has Arch,1,train,has_arch/Qajar_Hammam2022-03-09_14.jpg
TRAIN_03187,Jameh_Mosque_of_Yazd_-_18_December_2017_16.jpg,Has Arch,1,train,has_arch/Jameh_Mosque_of_Yazd_-_18_December_2017_16.jpg
TRAIN_03188,Kharaneq.jpg,Has Arch,1,train,has_arch/Kharaneq.jpg
TRAIN_03189,اتراق_گاهی_در_مسیر_آبشار.jpg,Has Arch,1,train,has_arch/اتراق_گاهی_در_مسیر_آبشار.jpg
TRAIN_03190,ZuzanMosque99.jpg,Has Arch,1,train,has_arch/ZuzanMosque99.jpg
TRAIN_03191,Image_of_shah_mosque.jpg,Has Arch,1,train,has_arch/Image_of_shah_mosque.jpg
TRAIN_03192,Another_view_of_once_prosperous_bazaar.jpg,Has Arch,1,train,has_arch/Another_view_of_once_prosperous_bazaar.jpg
TRAIN_03193,Enteshar_Publications.jpg,No Arch,0,train,no_arch/Enteshar_Publications.jpg
TRAIN_03194,Gonabad_mosque_main_yard_close_view.jpg,Has Arch,1,train,has_arch/Gonabad_mosque_main_yard_close_view.jpg
TRAIN_03195,Mausoleum_of_Sheikh_Ala_ud-Daula_Simnani_2020-04-06_14.jpg,Has Arch,1,train,has_arch/Mausoleum_of_Sheikh_Ala_ud-Daula_Simnani_2020-04-06_14.jpg
TRAIN_03196,"Abbasi_Hotel,_Esfahan-4945035281.jpg",Has Arch,1,train,"has_arch/Abbasi_Hotel,_Esfahan-4945035281.jpg"
TRAIN_03197,Gonbadkabod9.jpg,No Arch,0,train,no_arch/Gonbadkabod9.jpg
TRAIN_03198,Imamsquare2.jpg,Has Arch,1,train,has_arch/Imamsquare2.jpg
TRAIN_03199,بازار_قلعه_محمود1.jpg,Has Arch,1,train,has_arch/بازار_قلعه_محمود1.jpg
TRAIN_03200,Bayazid-mosque-1.jpg,Has Arch,1,train,has_arch/Bayazid-mosque-1.jpg
TRAIN_03201,Mehrab_madreseh_kashan.jpg,Has Arch,1,train,has_arch/Mehrab_madreseh_kashan.jpg
TRAIN_03202,1243.Bazaar.Tabriz_(1470548939).jpg,Has Arch,1,train,has_arch/1243.Bazaar.Tabriz_(1470548939).jpg
TRAIN_03203,Haftshooyeh_Jame_mosque-Negin_Mohamadi_Fard-07.jpg,Has Arch,1,train,has_arch/Haftshooyeh_Jame_mosque-Negin_Mohamadi_Fard-07.jpg
TRAIN_03204,حجره_ی_مسجد.jpg,Has Arch,1,train,has_arch/حجره_ی_مسجد.jpg
TRAIN_03205,My_House_13.jpg,No Arch,0,train,no_arch/My_House_13.jpg
TRAIN_03206,Sa'd_al-Saltaneh_Caravanserai_2020-01-31_06.jpg,Has Arch,1,train,has_arch/Sa'd_al-Saltaneh_Caravanserai_2020-01-31_06.jpg
TRAIN_03207,20180406_183539Tomb_of_Khajeh_Atabak_-_Kerman.jpg,No Arch,0,train,no_arch/20180406_183539Tomb_of_Khajeh_Atabak_-_Kerman.jpg
TRAIN_03208,Ali_Gholi_Agha_Hammam_13961225_15.jpg,Has Arch,1,train,has_arch/Ali_Gholi_Agha_Hammam_13961225_15.jpg
TRAIN_03209,"Fatima_Masumeh_Shrine,_Qom_13.jpg",No Arch,0,train,"no_arch/Fatima_Masumeh_Shrine,_Qom_13.jpg"
TRAIN_03210,Ghari_Bridge_2.jpg,Has Arch,1,train,has_arch/Ghari_Bridge_2.jpg
TRAIN_03211,"Tomb_of_Ferdowsi_Tus,_Iran.jpg",No Arch,0,train,"no_arch/Tomb_of_Ferdowsi_Tus,_Iran.jpg"
TRAIN_03212,Ak_Tepe_East_side_walk_in_2011_0052.jpg,Has Arch,1,train,has_arch/Ak_Tepe_East_side_walk_in_2011_0052.jpg
TRAIN_03213,Nikon_5300_140.jpg,Has Arch,1,train,has_arch/Nikon_5300_140.jpg
TRAIN_03214,Alborz_HighSchool_SouthFacade_Tehran_Iran_001.jpg,Has Arch,1,train,has_arch/Alborz_HighSchool_SouthFacade_Tehran_Iran_001.jpg
TRAIN_03215,کاروان_سرای_سعدالسلطنه_6.jpg,Has Arch,1,train,has_arch/کاروان_سرای_سعدالسلطنه_6.jpg
TRAIN_03216,Seyed_salah_aldin_mohamad-abdanan12.jpg,Has Arch,1,train,has_arch/Seyed_salah_aldin_mohamad-abdanan12.jpg
TRAIN_03217,SDC15423_karvansarai_zanjan_(1).jpg,Has Arch,1,train,has_arch/SDC15423_karvansarai_zanjan_(1).jpg
TRAIN_03218,Soltan_Ebrahim_(cropped)_2.jpg,No Arch,0,train,no_arch/Soltan_Ebrahim_(cropped)_2.jpg
TRAIN_03219,058_نمای_عمومی_برج_طغرل_02.jpg,Has Arch,1,train,has_arch/058_نمای_عمومی_برج_طغرل_02.jpg
TRAIN_03220,Kharanagh_caravansary_02.jpg,Has Arch,1,train,has_arch/Kharanagh_caravansary_02.jpg
TRAIN_03221,"Grand_Bazaar,_Tehran_(41905709974).jpg",Has Arch,1,train,"has_arch/Grand_Bazaar,_Tehran_(41905709974).jpg"
TRAIN_03222,بادگیر_آب_انبار.jpg,Has Arch,1,train,has_arch/بادگیر_آب_انبار.jpg
TRAIN_03223,Interior_Jameh_Mosque_of_Isfahan_2015.jpg,Has Arch,1,train,has_arch/Interior_Jameh_Mosque_of_Isfahan_2015.jpg
TRAIN_03224,"Isfahan,_Masjed-e_Shah_13.jpg",Has Arch,1,train,"has_arch/Isfahan,_Masjed-e_Shah_13.jpg"
TRAIN_03225,کاروان_سرای_گلو_سفته.jpg,Has Arch,1,train,has_arch/کاروان_سرای_گلو_سفته.jpg
TRAIN_03226,Qajar_Hammam2022-03-09_8.jpg,Has Arch,1,train,has_arch/Qajar_Hammam2022-03-09_8.jpg
TRAIN_03227,Saveh_Mosque_8.jpg,Has Arch,1,train,has_arch/Saveh_Mosque_8.jpg
TRAIN_03228,Caravanserai_Sangi-Zanjan_13970121_16.jpg,No Arch,0,train,no_arch/Caravanserai_Sangi-Zanjan_13970121_16.jpg
TRAIN_03229,Jameh_Mosque_of_Varamin_20190514_17.jpg,Has Arch,1,train,has_arch/Jameh_Mosque_of_Varamin_20190514_17.jpg
TRAIN_03230,8کوچه_باغ_دماب.jpg,No Arch,0,train,no_arch/8کوچه_باغ_دماب.jpg
TRAIN_03231,IranKermanGanjaliKhanKaravanserei3.jpg,Has Arch,1,train,has_arch/IranKermanGanjaliKhanKaravanserei3.jpg
TRAIN_03232,Kelvan_2.jpg,Has Arch,1,train,has_arch/Kelvan_2.jpg
TRAIN_03233,Borujerd_Iran_11.jpg,No Arch,0,train,no_arch/Borujerd_Iran_11.jpg
TRAIN_03234,بازار_قدیمی_کرمان.jpg,No Arch,0,train,no_arch/بازار_قدیمی_کرمان.jpg
TRAIN_03235,بازار_مسگرهای_یزد.jpg,Has Arch,1,train,has_arch/بازار_مسگرهای_یزد.jpg
TRAIN_03236,Vank_Cathedral_Isfahan_Aarash_(181).jpg,Has Arch,1,train,has_arch/Vank_Cathedral_Isfahan_Aarash_(181).jpg
TRAIN_03237,Kenargerd_Caravanserai_by_Mardetanha_(1)_32.jpg,Has Arch,1,train,has_arch/Kenargerd_Caravanserai_by_Mardetanha_(1)_32.jpg
TRAIN_03238,خانه_ظهیرالاسلام_1.jpg,No Arch,0,train,no_arch/خانه_ظهیرالاسلام_1.jpg
TRAIN_03239,Kenargerd_Caravanserai_2019-07-10_21.jpg,Has Arch,1,train,has_arch/Kenargerd_Caravanserai_2019-07-10_21.jpg
TRAIN_03240,Gate_of_Qwysarie_Bazaar.jpg,Has Arch,1,train,has_arch/Gate_of_Qwysarie_Bazaar.jpg
TRAIN_03241,Chehel_Dokhtaran_Tower2018.jpg,No Arch,0,train,no_arch/Chehel_Dokhtaran_Tower2018.jpg
TRAIN_03242,نمایی_از_حیاط_مدرسه_کاسه_گران.jpg,Has Arch,1,train,has_arch/نمایی_از_حیاط_مدرسه_کاسه_گران.jpg
TRAIN_03243,009_نمای_داخلی_مسجد_جامع_ورامین.jpg,Has Arch,1,train,has_arch/009_نمای_داخلی_مسجد_جامع_ورامین.jpg
TRAIN_03244,Jameh_mosques_05.jpg,Has Arch,1,train,has_arch/Jameh_mosques_05.jpg
TRAIN_03245,Chehel_Dokhtaran_Tower2018_11.jpg,No Arch,0,train,no_arch/Chehel_Dokhtaran_Tower2018_11.jpg
TRAIN_03246,نمای_ورودی_تیمچه.jpg,Has Arch,1,train,has_arch/نمای_ورودی_تیمچه.jpg
TRAIN_03247,"Ali_Gholi_Agha_Bathhouse,_18th_century,_Esfahan_-_3-19-2013.jpg",Has Arch,1,train,"has_arch/Ali_Gholi_Agha_Bathhouse,_18th_century,_Esfahan_-_3-19-2013.jpg"
TRAIN_03248,Farzane11.jpg,Has Arch,1,train,has_arch/Farzane11.jpg
TRAIN_03249,"Meidan_Emam,_Esfahan-107907.jpg",Has Arch,1,train,"has_arch/Meidan_Emam,_Esfahan-107907.jpg"
TRAIN_03250,داخلی_موزه_دو.jpg,Has Arch,1,train,has_arch/داخلی_موزه_دو.jpg
TRAIN_03251,Shahreza_shrine.jpg,Has Arch,1,train,has_arch/Shahreza_shrine.jpg
TRAIN_03252,Saman_Twin_Towers_from_Laleh_International_Hotel.png,No Arch,0,train,no_arch/Saman_Twin_Towers_from_Laleh_International_Hotel.png
TRAIN_03253,"Surb_Sargis_church,_Khoy_05.jpg",No Arch,0,train,"no_arch/Surb_Sargis_church,_Khoy_05.jpg"
TRAIN_03254,ZuzanMosque12.jpg,Has Arch,1,train,has_arch/ZuzanMosque12.jpg
TRAIN_03255,Masjed-e_Jameh_&_Imamzadeh-ye_Abd_al-Samad_(20395307114).jpg,No Arch,0,train,no_arch/Masjed-e_Jameh_&_Imamzadeh-ye_Abd_al-Samad_(20395307114).jpg
TRAIN_03256,Jameh_Mosque_Ashtarjan.jpg,Has Arch,1,train,has_arch/Jameh_Mosque_Ashtarjan.jpg
TRAIN_03257,نمایی_از_داخل_ساختمان_عالی_قاپو_اصفهان.jpg,Has Arch,1,train,has_arch/نمایی_از_داخل_ساختمان_عالی_قاپو_اصفهان.jpg
TRAIN_03258,آرامستان.jpg,No Arch,0,train,no_arch/آرامستان.jpg
TRAIN_03259,ایوان_شمالی.jpg,Has Arch,1,train,has_arch/ایوان_شمالی.jpg
TRAIN_03260,Khan_Caravanserai.jpg,No Arch,0,train,no_arch/Khan_Caravanserai.jpg
TRAIN_03261,Inner_Courtyard_-_East_Wall_-_Moghaddam_House.jpg,Has Arch,1,train,has_arch/Inner_Courtyard_-_East_Wall_-_Moghaddam_House.jpg
TRAIN_03262,مجموعه_پاچیان.jpg,Has Arch,1,train,has_arch/مجموعه_پاچیان.jpg
TRAIN_03263,Dehnamak_Caravanserai_20190618_07.jpg,Has Arch,1,train,has_arch/Dehnamak_Caravanserai_20190618_07.jpg
TRAIN_03264,داخل_کاروانسرا_کا_در_حال_حاضر_رستوران_گردیده_است.jpg,Has Arch,1,train,has_arch/داخل_کاروانسرا_کا_در_حال_حاضر_رستوران_گردیده_است.jpg
TRAIN_03265,Chors_Central_mosque_03.jpg,Has Arch,1,train,has_arch/Chors_Central_mosque_03.jpg
TRAIN_03266,کاروان_سرای_شاه_عباسی،_ایزدخواست.jpg,Has Arch,1,train,has_arch/کاروان_سرای_شاه_عباسی،_ایزدخواست.jpg
TRAIN_03267,Meybod_historical_inn_(carvansary).jpg,No Arch,0,train,no_arch/Meybod_historical_inn_(carvansary).jpg
TRAIN_03268,Masjed_shah_2013_Isfahan_46.jpg,Has Arch,1,train,has_arch/Masjed_shah_2013_Isfahan_46.jpg
TRAIN_03269,مسجد_مشیر21.jpg,Has Arch,1,train,has_arch/مسجد_مشیر21.jpg
TRAIN_03270,Baghe_negarestan3.jpg,No Arch,0,train,no_arch/Baghe_negarestan3.jpg
TRAIN_03271,نه_دری_خانه.jpg,No Arch,0,train,no_arch/نه_دری_خانه.jpg
TRAIN_03272,بازار_خوی.jpg,Has Arch,1,train,has_arch/بازار_خوی.jpg
TRAIN_03273,"Narin_Citadel_of_Meybod_(Narin_Ghale),_Meybod,_Yazd,_Iran_(نارین_قلعه_میبد)_-_panoramio_(7).jpg",Has Arch,1,train,"has_arch/Narin_Citadel_of_Meybod_(Narin_Ghale),_Meybod,_Yazd,_Iran_(نارین_قلعه_میبد)_-_panoramio_(7).jpg"
TRAIN_03274,2018-9-77dccba9-73d7-4202-bdc1-5d0dc27546cb-67c460f8c1067c5ba764b46a.jpg,Has Arch,1,train,has_arch/2018-9-77dccba9-73d7-4202-bdc1-5d0dc27546cb-67c460f8c1067c5ba764b46a.jpg
TRAIN_03275,Nasirolmolk_mosque_shiraz_17.jpg,Has Arch,1,train,has_arch/Nasirolmolk_mosque_shiraz_17.jpg
TRAIN_03276,آب_انبار_حاج_سید_حسین_(cropped).jpg,No Arch,0,train,no_arch/آب_انبار_حاج_سید_حسین_(cropped).jpg
TRAIN_03277,در،_کاروانسرا_در_بازار_سر_پوشیده_نیشابور.jpg,Has Arch,1,train,has_arch/در،_کاروانسرا_در_بازار_سر_پوشیده_نیشابور.jpg
TRAIN_03278,Bibi_Shatia_Moque_and_mausoleum_-_Nishapur_52.jpg,Has Arch,1,train,has_arch/Bibi_Shatia_Moque_and_mausoleum_-_Nishapur_52.jpg
TRAIN_03279,بازار_نراق1.jpg,Has Arch,1,train,has_arch/بازار_نراق1.jpg
TRAIN_03280,Bahram237.jpg,Has Arch,1,train,has_arch/Bahram237.jpg
TRAIN_03281,Tehran's_St._George_Church_9285.jpg,Has Arch,1,train,has_arch/Tehran's_St._George_Church_9285.jpg
TRAIN_03282,The_minaret_of_the_Shah's_mother_school.jpg,No Arch,0,train,no_arch/The_minaret_of_the_Shah's_mother_school.jpg
TRAIN_03283,Muqarnas_(9214647639).jpg,Has Arch,1,train,has_arch/Muqarnas_(9214647639).jpg
TRAIN_03284,"Brick,_two_story_chambers.jpg",Has Arch,1,train,"has_arch/Brick,_two_story_chambers.jpg"
TRAIN_03285,Etehad_printing_house.jpg,No Arch,0,train,no_arch/Etehad_printing_house.jpg
TRAIN_03286,آب_انبار_وکیل_کرمان.jpg,Has Arch,1,train,has_arch/آب_انبار_وکیل_کرمان.jpg
TRAIN_03287,Old_City_Na'in_Iran.jpg,Has Arch,1,train,has_arch/Old_City_Na'in_Iran.jpg
TRAIN_03288,61-Isfahan_(15653890613).jpg,Has Arch,1,train,has_arch/61-Isfahan_(15653890613).jpg
TRAIN_03289,Kassegaran-630x420.jpg,Has Arch,1,train,has_arch/Kassegaran-630x420.jpg
TRAIN_03290,iranian-residental-building-97456.jpg,No Arch,0,train,no_arch/iranian-residental-building-97456.jpg
TRAIN_03291,Rashnan-Villa-House-Hamaan-Studio---27743.jpg,No Arch,0,train,no_arch/Rashnan-Villa-House-Hamaan-Studio---27743.jpg
TRAIN_03292,Winter-house-in-Bukan-Iran-by-Shoresh-Abed-CAOI---25506.jpg,No Arch,0,train,no_arch/Winter-house-in-Bukan-Iran-by-Shoresh-Abed-CAOI---25506.jpg
TRAIN_03293,Cinema_pars.jpg,No Arch,0,train,no_arch/Cinema_pars.jpg
TRAIN_03294,Khaf-khargerd-ghyasiye_school1.jpg,Has Arch,1,train,has_arch/Khaf-khargerd-ghyasiye_school1.jpg
TRAIN_03295,Molla_Hassan_Kashi_Mausoleum_13961025_18.jpg,Has Arch,1,train,has_arch/Molla_Hassan_Kashi_Mausoleum_13961025_18.jpg
TRAIN_03296,Jahan_Nama_Garden_09.jpg,No Arch,0,train,no_arch/Jahan_Nama_Garden_09.jpg
TRAIN_03297,Googad_castle_230.jpg,No Arch,0,train,no_arch/Googad_castle_230.jpg
TRAIN_03298,Bazare_Naeen_Isfahan2.jpg,Has Arch,1,train,has_arch/Bazare_Naeen_Isfahan2.jpg
TRAIN_03299,امامزاده_سلطان_سید_هارون.jpg,Has Arch,1,train,has_arch/امامزاده_سلطان_سید_هارون.jpg
TRAIN_03300,1433471 (1)52515.jpg,Has Arch,1,train,has_arch/1433471 (1)52515.jpg
TRAIN_03301,"Bagh-e_Tarikhi-ye_Fin_Pavilion_Ceiling,_Kashan_004_(4164458040).jpg",No Arch,0,train,"no_arch/Bagh-e_Tarikhi-ye_Fin_Pavilion_Ceiling,_Kashan_004_(4164458040).jpg"
TRAIN_03302,Khavidak_old_castle_-_panoramio_(5).jpg,No Arch,0,train,no_arch/Khavidak_old_castle_-_panoramio_(5).jpg
TRAIN_03303,مسجد_ملک_کرمان_۱۵.jpg,Has Arch,1,train,has_arch/مسجد_ملک_کرمان_۱۵.jpg
TRAIN_03304,پل_سنگی_-_panoramio.jpg,Has Arch,1,train,has_arch/پل_سنگی_-_panoramio.jpg
TRAIN_03305,UTEH_FA1.jpg,No Arch,0,train,no_arch/UTEH_FA1.jpg
TRAIN_03306,Khargoshi-ghale.jpg,Has Arch,1,train,has_arch/Khargoshi-ghale.jpg
TRAIN_03307,Ganjali_khan_karvanseray2.jpg,Has Arch,1,train,has_arch/Ganjali_khan_karvanseray2.jpg
TRAIN_03308,Rasteh_Bazar_Jadid-_Tabriz_Bazar.jpg,Has Arch,1,train,has_arch/Rasteh_Bazar_Jadid-_Tabriz_Bazar.jpg
TRAIN_03309,قلعه_دختر_دوم_کرمان_17.jpg,No Arch,0,train,no_arch/قلعه_دختر_دوم_کرمان_17.jpg
TRAIN_03310,کاروان_سرای_میامی.jpg,Has Arch,1,train,has_arch/کاروان_سرای_میامی.jpg
TRAIN_03311,History-of-Dardash-bath-Isfahan.jpg,Has Arch,1,train,has_arch/History-of-Dardash-bath-Isfahan.jpg
TRAIN_03312,Sa'd_al-Saltaneh_Caravanserai2019_21.jpg,Has Arch,1,train,has_arch/Sa'd_al-Saltaneh_Caravanserai2019_21.jpg
TRAIN_03313,Ispahan_mosquee_imam.jpg,Has Arch,1,train,has_arch/Ispahan_mosquee_imam.jpg
TRAIN_03314,Hossein_Khodadad's_House_in_Tehran_prior_to_Islamic_Revoloution.jpg,No Arch,0,train,no_arch/Hossein_Khodadad's_House_in_Tehran_prior_to_Islamic_Revoloution.jpg
TRAIN_03315,شبستان_مسجد_سپسالار.jpg,Has Arch,1,train,has_arch/شبستان_مسجد_سپسالار.jpg
TRAIN_03316,آرامگاه_بی_بی_دختران_شیراز-bib_dokhtaran_shiraz_02.jpg,No Arch,0,train,no_arch/آرامگاه_بی_بی_دختران_شیراز-bib_dokhtaran_shiraz_02.jpg
TRAIN_03317,Imamzeid1.jpg,Has Arch,1,train,has_arch/Imamzeid1.jpg
TRAIN_03318,مجموعه_گ_ن_ج_علی_خ_ا_ن.jpg,Has Arch,1,train,has_arch/مجموعه_گ_ن_ج_علی_خ_ا_ن.jpg
TRAIN_03319,20180816094434_IMG_1167.jpg,Has Arch,1,train,has_arch/20180816094434_IMG_1167.jpg
TRAIN_03320,History-of-Shah-Abbasi-Caravanserai-Damghan.jpg,Has Arch,1,train,has_arch/History-of-Shah-Abbasi-Caravanserai-Damghan.jpg
TRAIN_03321,قلعه_دختر_دوم_کرمان_19.jpg,No Arch,0,train,no_arch/قلعه_دختر_دوم_کرمان_19.jpg
TRAIN_03322,Screenshot (738).png,Has Arch,1,train,has_arch/Screenshot (738).png
TRAIN_03323,"Pasargadae,_Irán,_2016-09-24,_DD_09.jpg",No Arch,0,train,"no_arch/Pasargadae,_Irán,_2016-09-24,_DD_09.jpg"
TRAIN_03324,نمای_قسمتی_از_حمام_باغ_فین_کاشان.jpg,Has Arch,1,train,has_arch/نمای_قسمتی_از_حمام_باغ_فین_کاشان.jpg
TRAIN_03325,Sa'dabad_Complex_3355732.jpg,No Arch,0,train,no_arch/Sa'dabad_Complex_3355732.jpg
TRAIN_03326,Ziaeie_madrese3.jpg,No Arch,0,train,no_arch/Ziaeie_madrese3.jpg
TRAIN_03327,Atigh_mosques.jpg,Has Arch,1,train,has_arch/Atigh_mosques.jpg
TRAIN_03328,Khoy_Old_Bazaar.jpg,Has Arch,1,train,has_arch/Khoy_Old_Bazaar.jpg
TRAIN_03329,20180316_181655Kerman_Bazar.jpg,Has Arch,1,train,has_arch/20180316_181655Kerman_Bazar.jpg
TRAIN_03330,Kouhan_Castle_2020-04-19_01.jpg,No Arch,0,train,no_arch/Kouhan_Castle_2020-04-19_01.jpg
TRAIN_03331,Chalapy_oghly_mausoleum_13961025_21.jpg,No Arch,0,train,no_arch/Chalapy_oghly_mausoleum_13961025_21.jpg
TRAIN_03332,تالار_قصر_آینه.jpg,No Arch,0,train,no_arch/تالار_قصر_آینه.jpg
TRAIN_03333,Hakim_Mosque_2019-07-28_15.jpg,Has Arch,1,train,has_arch/Hakim_Mosque_2019-07-28_15.jpg
TRAIN_03334,Shah_Abbasi_Caravanserai_of_Karaj_05.jpg,Has Arch,1,train,has_arch/Shah_Abbasi_Caravanserai_of_Karaj_05.jpg
TRAIN_03335,نمای_پانومارای_کلیسای_کاتولیک_ها_از_حیاط_مدرسه_فرانسوی_ها.jpg,Has Arch,1,train,has_arch/نمای_پانومارای_کلیسای_کاتولیک_ها_از_حیاط_مدرسه_فرانسوی_ها.jpg
TRAIN_03336,SDC15423_karvansarai_zanjan_(2).jpg,No Arch,0,train,no_arch/SDC15423_karvansarai_zanjan_(2).jpg
TRAIN_03337,1396091810151221212728334_تجریش.jpg,Has Arch,1,train,has_arch/1396091810151221212728334_تجریش.jpg
TRAIN_03338,slide16.jpg,Has Arch,1,train,has_arch/slide16.jpg
TRAIN_03339,قلعه_کرشاهی_ابوزید_آباد.jpg,No Arch,0,train,no_arch/قلعه_کرشاهی_ابوزید_آباد.jpg
TRAIN_03340,خانه_زینت_الملک_شیراز_jwdab3.jpg,No Arch,0,train,no_arch/خانه_زینت_الملک_شیراز_jwdab3.jpg
TRAIN_03341,990803-Khash-IMG_5965-2.jpg,No Arch,0,train,no_arch/990803-Khash-IMG_5965-2.jpg
TRAIN_03342,امامزاده_جعفر.jpg,No Arch,0,train,no_arch/امامزاده_جعفر.jpg
TRAIN_03343,Jahan_Nama_Garden_10.jpg,No Arch,0,train,no_arch/Jahan_Nama_Garden_10.jpg
TRAIN_03344,Qysarie_gate.jpg,Has Arch,1,train,has_arch/Qysarie_gate.jpg
TRAIN_03345,Blue_Mosque_33.jpg,Has Arch,1,train,has_arch/Blue_Mosque_33.jpg
TRAIN_03346,Seh_Kohye_Castle2020_14.jpg,Has Arch,1,train,has_arch/Seh_Kohye_Castle2020_14.jpg
TRAIN_03347,University_of_Tehran_0517.jpg,No Arch,0,train,no_arch/University_of_Tehran_0517.jpg
TRAIN_03348,images (2).jpg,Has Arch,1,train,has_arch/images (2).jpg
TRAIN_03349,Screenshot (735).png,Has Arch,1,train,has_arch/Screenshot (735).png
TRAIN_03350,گنبد_سبز4.jpg,Has Arch,1,train,has_arch/گنبد_سبز4.jpg
TRAIN_03351,آب_انبار_عمرانی_3.jpg,No Arch,0,train,no_arch/آب_انبار_عمرانی_3.jpg
TRAIN_03352,Polkalle.jpg,Has Arch,1,train,has_arch/Polkalle.jpg
TRAIN_03353,گنبد_اصلی_چهارسوق_بازار_لار.jpg,Has Arch,1,train,has_arch/گنبد_اصلی_چهارسوق_بازار_لار.jpg
TRAIN_03354,White_palace.jpg,No Arch,0,train,no_arch/White_palace.jpg
TRAIN_03355,"Saint_Minas_church,_Tehran.jpg",No Arch,0,train,"no_arch/Saint_Minas_church,_Tehran.jpg"
TRAIN_03356,"Khaju_Bridge,_Isfahan_01.jpg",Has Arch,1,train,"has_arch/Khaju_Bridge,_Isfahan_01.jpg"
TRAIN_03357,Ab_Anbar2.jpg,Has Arch,1,train,has_arch/Ab_Anbar2.jpg
TRAIN_03358,Al-Nabi_Mosque2020-05-19_25.jpg,Has Arch,1,train,has_arch/Al-Nabi_Mosque2020-05-19_25.jpg
TRAIN_03359,Nasrabad_Ab_Anbar_(Yazd)_3.jpg,Has Arch,1,train,has_arch/Nasrabad_Ab_Anbar_(Yazd)_3.jpg
TRAIN_03360,Azimian_Historical_House_of_Sabzevar.jpg,No Arch,0,train,no_arch/Azimian_Historical_House_of_Sabzevar.jpg
TRAIN_03361,Shesh_Nav.jpg,Has Arch,1,train,has_arch/Shesh_Nav.jpg
TRAIN_03362,Shah_Abbasi_Caravanserai_of_Semnan_2018-10-17_23.jpg,No Arch,0,train,no_arch/Shah_Abbasi_Caravanserai_of_Semnan_2018-10-17_23.jpg
TRAIN_03363,کاروانسرای_خانات_.H.Jafari_-_panoramio.jpg,Has Arch,1,train,has_arch/کاروانسرای_خانات_.H.Jafari_-_panoramio.jpg
TRAIN_03364,Sa'd_al-Saltaneh_Caravanserai2019_13.jpg,Has Arch,1,train,has_arch/Sa'd_al-Saltaneh_Caravanserai2019_13.jpg
TRAIN_03365,Caravanserai-of-Shah-Abbas-1.jpg,Has Arch,1,train,has_arch/Caravanserai-of-Shah-Abbas-1.jpg
TRAIN_03366,Deire_Gachin_Caravansarai_-_Sasanian_dating_-_Iran._Qom_Province_-_Dayr-e_Gachin_46.jpg,Has Arch,1,train,has_arch/Deire_Gachin_Caravansarai_-_Sasanian_dating_-_Iran._Qom_Province_-_Dayr-e_Gachin_46.jpg
TRAIN_03367,امامزاده_یحیی_(سبزوار).jpg,No Arch,0,train,no_arch/امامزاده_یحیی_(سبزوار).jpg
TRAIN_03368,1907597.jpg,No Arch,0,train,no_arch/1907597.jpg
TRAIN_03369,"Jameh_Mosque,_Kerman_06.jpg",Has Arch,1,train,"has_arch/Jameh_Mosque,_Kerman_06.jpg"
TRAIN_03370,Nasirolmolk_mosque_warm_light.jpg,Has Arch,1,train,has_arch/Nasirolmolk_mosque_warm_light.jpg
TRAIN_03371,Z1A9757.jpg,Has Arch,1,train,has_arch/Z1A9757.jpg
TRAIN_03372,Mohammadiyeh_School_01.jpg,Has Arch,1,train,has_arch/Mohammadiyeh_School_01.jpg
TRAIN_03373,Caravanserai-of-Shah-Abbas-3.jpg,Has Arch,1,train,has_arch/Caravanserai-of-Shah-Abbas-3.jpg
TRAIN_03374,"Dome,_iwans,_tower,_brick_parapets_from_outside.jpg",No Arch,0,train,"no_arch/Dome,_iwans,_tower,_brick_parapets_from_outside.jpg"
TRAIN_03375,نمای_مسجد_جامع_زواره_از_ایوان.jpg,Has Arch,1,train,has_arch/نمای_مسجد_جامع_زواره_از_ایوان.jpg
TRAIN_03376,مدرسه_علیا_نمادی_از_علم_پیشین.jpg,Has Arch,1,train,has_arch/مدرسه_علیا_نمادی_از_علم_پیشین.jpg
TRAIN_03377,Dehnamak_Caravanserai_20190618_02.jpg,Has Arch,1,train,has_arch/Dehnamak_Caravanserai_20190618_02.jpg
TRAIN_03378,Choobi_Bridge.jpg,Has Arch,1,train,has_arch/Choobi_Bridge.jpg
TRAIN_03379,Qal'eh_Nassir_Caravanserai2017_3.jpg,No Arch,0,train,no_arch/Qal'eh_Nassir_Caravanserai2017_3.jpg
TRAIN_03380,City-Theater-of-Qazvin-CAOI---30112.jpg,No Arch,0,train,no_arch/City-Theater-of-Qazvin-CAOI---30112.jpg
TRAIN_03381,Firuz_Bahram_High_School_8413.jpg,No Arch,0,train,no_arch/Firuz_Bahram_High_School_8413.jpg
TRAIN_03382,Rehnan_mosque1.jpg,No Arch,0,train,no_arch/Rehnan_mosque1.jpg
TRAIN_03383,Exterior_view_of_Astara_cinema.jpg,No Arch,0,train,no_arch/Exterior_view_of_Astara_cinema.jpg
TRAIN_03384,امامزاده_یحیی_ورامین_6.jpg,Has Arch,1,train,has_arch/امامزاده_یحیی_ورامین_6.jpg
TRAIN_03385,01_sharaghan_(30).jpg,No Arch,0,train,no_arch/01_sharaghan_(30).jpg
TRAIN_03386,مسجد_امام_علی_تصویر_از_رویا_اسمعیل_زاده.jpg,Has Arch,1,train,has_arch/مسجد_امام_علی_تصویر_از_رویا_اسمعیل_زاده.jpg
TRAIN_03387,Museum_of_Contemporary_Art_(8754609022).jpg,No Arch,0,train,no_arch/Museum_of_Contemporary_Art_(8754609022).jpg
TRAIN_03388,Ghalehatam_Bridge_from_sky.jpg,Has Arch,1,train,has_arch/Ghalehatam_Bridge_from_sky.jpg
TRAIN_03389,Al-Nabi_Mosque2020-05-19_18.jpg,No Arch,0,train,no_arch/Al-Nabi_Mosque2020-05-19_18.jpg
TRAIN_03390,Varamin_sugar_refinery_3.jpg,No Arch,0,train,no_arch/Varamin_sugar_refinery_3.jpg
TRAIN_03391,1396120512301714813437544_امامزاده_سید_ولی.jpg,Has Arch,1,train,has_arch/1396120512301714813437544_امامزاده_سید_ولی.jpg
TRAIN_03392,Moqadam3.jpg,No Arch,0,train,no_arch/Moqadam3.jpg
TRAIN_03393,Hnfh000_20210618_122211.jpg,Has Arch,1,train,has_arch/Hnfh000_20210618_122211.jpg
TRAIN_03394,کاروانسرای_باغ_شیخ۲.jpg,Has Arch,1,train,has_arch/کاروانسرای_باغ_شیخ۲.jpg
TRAIN_03395,"Jameh_Mosque,_Kerman_05.jpg",Has Arch,1,train,"has_arch/Jameh_Mosque,_Kerman_05.jpg"
TRAIN_03396,Ghiaasie_khargerd_(cropped).jpg,Has Arch,1,train,has_arch/Ghiaasie_khargerd_(cropped).jpg
TRAIN_03397,Jameh_Mosque_of_Gorgan_13970530_19.jpg,No Arch,0,train,no_arch/Jameh_Mosque_of_Gorgan_13970530_19.jpg
TRAIN_03398,Ardabil_Bazaar_2020-04-09_07.jpg,Has Arch,1,train,has_arch/Ardabil_Bazaar_2020-04-09_07.jpg
TRAIN_03399,Mirsaeidhadian009.jpg,Has Arch,1,train,has_arch/Mirsaeidhadian009.jpg
TRAIN_03400,AminAbad94_(4).jpg,Has Arch,1,train,has_arch/AminAbad94_(4).jpg
TRAIN_03401,Ali_Qapoo_-4.jpg,No Arch,0,train,no_arch/Ali_Qapoo_-4.jpg
TRAIN_03402,Elmi_House2022-01-24_46.jpg,No Arch,0,train,no_arch/Elmi_House2022-01-24_46.jpg
TRAIN_03403,Zanjan_Bazaar_2020-03-14_16.jpg,Has Arch,1,train,has_arch/Zanjan_Bazaar_2020-03-14_16.jpg
TRAIN_03404,Minaei's_House_-_Tehran-_2014.jpg,No Arch,0,train,no_arch/Minaei's_House_-_Tehran-_2014.jpg
TRAIN_03405,Zanjan_Bazaar_2020-03-14_05.jpg,Has Arch,1,train,has_arch/Zanjan_Bazaar_2020-03-14_05.jpg
TRAIN_03406,Isfahan_Coppersmith_Bazaar_1.jpg,Has Arch,1,train,has_arch/Isfahan_Coppersmith_Bazaar_1.jpg
TRAIN_03407,مناره_مسجد_جامع_ساوه_از_دور.jpg,Has Arch,1,train,has_arch/مناره_مسجد_جامع_ساوه_از_دور.jpg
TRAIN_03408,Masjed-e_Jomeh_in_Yazd_16.jpg,Has Arch,1,train,has_arch/Masjed-e_Jomeh_in_Yazd_16.jpg
TRAIN_03409,۲۰۱۹۱۰۰۱_۰۹۱۲۴۵صویر_ساختمان_ثبت_اسناد_و_املاک_کشور_توسط_محمدرضا_بنانی.jpg,No Arch,0,train,no_arch/۲۰۱۹۱۰۰۱_۰۹۱۲۴۵صویر_ساختمان_ثبت_اسناد_و_املاک_کشور_توسط_محمدرضا_بنانی.jpg
TRAIN_03410,Nik_Pei_Caravanserai_13970422_15.jpg,No Arch,0,train,no_arch/Nik_Pei_Caravanserai_13970422_15.jpg
TRAIN_03411,مقبره_شیخ_عبدالسلام_3.jpg,Has Arch,1,train,has_arch/مقبره_شیخ_عبدالسلام_3.jpg
TRAIN_03412,Hakim_Mosque_2019-07-28_26.jpg,Has Arch,1,train,has_arch/Hakim_Mosque_2019-07-28_26.jpg
TRAIN_03413,Farasfaj_caravanserai_20190507_13.jpg,Has Arch,1,train,has_arch/Farasfaj_caravanserai_20190507_13.jpg
TRAIN_03414,بازار_بزرگ_کرمان5.jpg,Has Arch,1,train,has_arch/بازار_بزرگ_کرمان5.jpg
TRAIN_03415,Bethlehem_Church2021.jpg,No Arch,0,train,no_arch/Bethlehem_Church2021.jpg
TRAIN_03416,Plus-Mashin-Industrial-Building-TDC-office---30596.jpg,No Arch,0,train,no_arch/Plus-Mashin-Industrial-Building-TDC-office---30596.jpg
TRAIN_03417,Armenian_Surb_Amenaprkich_church_in_Esfahan.jpg,No Arch,0,train,no_arch/Armenian_Surb_Amenaprkich_church_in_Esfahan.jpg
TRAIN_03418,IrShirazSaadiMausoleum1.jpg,No Arch,0,train,no_arch/IrShirazSaadiMausoleum1.jpg
TRAIN_03419,آب_انبار_دوره_صفویه_جهرم.jpg,No Arch,0,train,no_arch/آب_انبار_دوره_صفویه_جهرم.jpg
TRAIN_03420,Borj-aghonshah.jpg,No Arch,0,train,no_arch/Borj-aghonshah.jpg
TRAIN_03421,iranian-building-design-idea-739372-5.jpg,No Arch,0,train,no_arch/iranian-building-design-idea-739372-5.jpg
TRAIN_03422,Nasr_ol_Molk_mosque2.jpg,Has Arch,1,train,has_arch/Nasr_ol_Molk_mosque2.jpg
TRAIN_03423,Roofed_Bazaar_of_Nishapur_(Bazaar_e_Sarpushideh-souq)_31.jpg,Has Arch,1,train,has_arch/Roofed_Bazaar_of_Nishapur_(Bazaar_e_Sarpushideh-souq)_31.jpg
TRAIN_03424,Imamzadeh_Abdullah_Shushtar_Darafsh_(49).jpg,Has Arch,1,train,has_arch/Imamzadeh_Abdullah_Shushtar_Darafsh_(49).jpg
TRAIN_03425,مسجد_خان_(1).jpg,No Arch,0,train,no_arch/مسجد_خان_(1).jpg
TRAIN_03426,Farasfaj_caravanserai_20190507_01.jpg,Has Arch,1,train,has_arch/Farasfaj_caravanserai_20190507_01.jpg
TRAIN_03427,Caravansary_Madarshah_1030147.jpg,Has Arch,1,train,has_arch/Caravansary_Madarshah_1030147.jpg
TRAIN_03428,Sa'd_al-Saltaneh_Caravanserai2024-03-28_3.jpg,Has Arch,1,train,has_arch/Sa'd_al-Saltaneh_Caravanserai2024-03-28_3.jpg
TRAIN_03429,Closer_view_of_the_upper_gallery_from_outside.jpg,Has Arch,1,train,has_arch/Closer_view_of_the_upper_gallery_from_outside.jpg
TRAIN_03430,Qavam_house_-_stucca.jpg,No Arch,0,train,no_arch/Qavam_house_-_stucca.jpg
TRAIN_03431,Peleye_emarat.jpg,No Arch,0,train,no_arch/Peleye_emarat.jpg
TRAIN_03432,Jameh_Mosque_of_Isfahan_2019-06-30_26 (1).jpg,Has Arch,1,train,has_arch/Jameh_Mosque_of_Isfahan_2019-06-30_26 (1).jpg
TRAIN_03433,33_Bridges_1.jpg,Has Arch,1,train,has_arch/33_Bridges_1.jpg
TRAIN_03434,A_Davani.jpg,Has Arch,1,train,has_arch/A_Davani.jpg
TRAIN_03435,1280px-پله_های_ورودی_آب_انبار_حاج_آقا_شهاب_الدین_بنی_طبا.jpg,Has Arch,1,train,has_arch/1280px-پله_های_ورودی_آب_انبار_حاج_آقا_شهاب_الدین_بنی_طبا.jpg
TRAIN_03436,Sepahsalar.jpg,Has Arch,1,train,has_arch/Sepahsalar.jpg
TRAIN_03437,Caravansary_Madarshah_1030140.jpg,Has Arch,1,train,has_arch/Caravansary_Madarshah_1030140.jpg
TRAIN_03438,Shahfiruz_0_(6).jpg,Has Arch,1,train,has_arch/Shahfiruz_0_(6).jpg
TRAIN_03439,Hotel_Ghoo_20180723_27.jpg,No Arch,0,train,no_arch/Hotel_Ghoo_20180723_27.jpg
TRAIN_03440,MG_6350-2.jpg,Has Arch,1,train,has_arch/MG_6350-2.jpg
TRAIN_03441,Chahar_Bagh_Theological_School.jpg,Has Arch,1,train,has_arch/Chahar_Bagh_Theological_School.jpg
TRAIN_03442,Kabood-gonbad30.jpg,Has Arch,1,train,has_arch/Kabood-gonbad30.jpg
TRAIN_03443,مدرسه_جهارباغ_اصفهان-22.jpg,Has Arch,1,train,has_arch/مدرسه_جهارباغ_اصفهان-22.jpg
TRAIN_03444,Mehdi_Qoli_Beyk_Hammam2022-08-13_13.jpg,Has Arch,1,train,has_arch/Mehdi_Qoli_Beyk_Hammam2022-08-13_13.jpg
TRAIN_03445,Esfahan_bazaar_entrance.jpg,Has Arch,1,train,has_arch/Esfahan_bazaar_entrance.jpg
TRAIN_03446,نمای_داخلی.jpg,No Arch,0,train,no_arch/نمای_داخلی.jpg
TRAIN_03447,40girls.jpg,Has Arch,1,train,has_arch/40girls.jpg
TRAIN_03448,"Faculty_of_Agriculture,_University_of_Tehran_-_13,_2024.jpg",No Arch,0,train,"no_arch/Faculty_of_Agriculture,_University_of_Tehran_-_13,_2024.jpg"
TRAIN_03449,Nimavard_Madrasa_3.jpg,Has Arch,1,train,has_arch/Nimavard_Madrasa_3.jpg
TRAIN_03450,Imam_Khomeini_Mosque_(Shah_Mosque)25.jpg,Has Arch,1,train,has_arch/Imam_Khomeini_Mosque_(Shah_Mosque)25.jpg
TRAIN_03451,تزیینات_معماری_کاشی_و_سنگ_در_ازاره_مزار_مولانا_همراه_با_یادگار_نوشته_های_تاریخی.jpg,No Arch,0,train,no_arch/تزیینات_معماری_کاشی_و_سنگ_در_ازاره_مزار_مولانا_همراه_با_یادگار_نوشته_های_تاریخی.jpg
TRAIN_03452,Karevansaraye_Mazinan.jpg,No Arch,0,train,no_arch/Karevansaraye_Mazinan.jpg
TRAIN_03453,Church_20176565.jpg,Has Arch,1,train,has_arch/Church_20176565.jpg
TRAIN_03454,National_Art_Museum_1.jpg,Has Arch,1,train,has_arch/National_Art_Museum_1.jpg
TRAIN_03455,"Casa_histórica_de_Abbasi,_Kashan,_Irán,_2016-09-19,_DD_74.jpg",Has Arch,1,train,"has_arch/Casa_histórica_de_Abbasi,_Kashan,_Irán,_2016-09-19,_DD_74.jpg"
TRAIN_03456,Fixed_tilt.png,Has Arch,1,train,has_arch/Fixed_tilt.png
TRAIN_03457,1-110-miandasht.jpg,Has Arch,1,train,has_arch/1-110-miandasht.jpg
TRAIN_03458,سرای_گلشن3.jpg,No Arch,0,train,no_arch/سرای_گلشن3.jpg
TRAIN_03459,نمای_داخلی_کاروانسرای_نیک_پی.jpg,Has Arch,1,train,has_arch/نمای_داخلی_کاروانسرای_نیک_پی.jpg
TRAIN_03460,نمای_داخلی_حمام_توده_-_1.jpg,Has Arch,1,train,has_arch/نمای_داخلی_حمام_توده_-_1.jpg
TRAIN_03461,Grand_Timcheh_of_Qom_2007_and_2009_Photographer_Mostafa_Meraji_06.jpg,No Arch,0,train,no_arch/Grand_Timcheh_of_Qom_2007_and_2009_Photographer_Mostafa_Meraji_06.jpg
TRAIN_03462,Agha_khan_Liravi_Castle_20170330_07.jpg,Has Arch,1,train,has_arch/Agha_khan_Liravi_Castle_20170330_07.jpg
TRAIN_03463,Moshir_Inn_patio.jpg,No Arch,0,train,no_arch/Moshir_Inn_patio.jpg
TRAIN_03464,Facade_in_Old_City_-_Yazd_-_Central_Iran_-_02_(7429793142)_(2).jpg,No Arch,0,train,no_arch/Facade_in_Old_City_-_Yazd_-_Central_Iran_-_02_(7429793142)_(2).jpg
TRAIN_03465,Meysam3.jpg,No Arch,0,train,no_arch/Meysam3.jpg
TRAIN_03466,نمای_داخلی_حمام_کردشت_-جلفا-آذربایجان_شرقی-ایران_02.jpg,Has Arch,1,train,has_arch/نمای_داخلی_حمام_کردشت_-جلفا-آذربایجان_شرقی-ایران_02.jpg
TRAIN_03467,Naghshejahan.jpg,Has Arch,1,train,has_arch/Naghshejahan.jpg
TRAIN_03468,20181026_195615_HDR_Film1.jpg,Has Arch,1,train,has_arch/20181026_195615_HDR_Film1.jpg
TRAIN_03469,شهرستان_سرخه_صوفی_آباد.jpg,Has Arch,1,train,has_arch/شهرستان_سرخه_صوفی_آباد.jpg
TRAIN_03470,Khaju_Bridge_Isfahan_Aarash_(37).jpg,Has Arch,1,train,has_arch/Khaju_Bridge_Isfahan_Aarash_(37).jpg
TRAIN_03471,Qasr_Museum_(Qasr_Prison)_3.png,No Arch,0,train,no_arch/Qasr_Museum_(Qasr_Prison)_3.png
TRAIN_03472,Bistoon_Karvansary._plane_view.jpg,Has Arch,1,train,has_arch/Bistoon_Karvansary._plane_view.jpg
TRAIN_03473,مقبره_شیخ_عبدالسلام.jpg,Has Arch,1,train,has_arch/مقبره_شیخ_عبدالسلام.jpg
TRAIN_03474,5کاروانسرای_چاله_سیاه.jpg,No Arch,0,train,no_arch/5کاروانسرای_چاله_سیاه.jpg
TRAIN_03475,"Corridor_-_Old_Bazar,_Qazvin,_Ira_(29453695988).jpg",Has Arch,1,train,"has_arch/Corridor_-_Old_Bazar,_Qazvin,_Ira_(29453695988).jpg"
TRAIN_03476,Kashan_panjeh_shah.jpg,Has Arch,1,train,has_arch/Kashan_panjeh_shah.jpg
TRAIN_03477,Hakim.jpg,Has Arch,1,train,has_arch/Hakim.jpg
TRAIN_03478,Grand_Timcheh_of_Qom_2007_and_2009_Photographer_Mostafa_Meraji_15.jpg,Has Arch,1,train,has_arch/Grand_Timcheh_of_Qom_2007_and_2009_Photographer_Mostafa_Meraji_15.jpg
TRAIN_03479,Amirali.8257.jpg,Has Arch,1,train,has_arch/Amirali.8257.jpg
TRAIN_03480,Wiki_Loves_Monuments_2020_Iran_Zendan_eskandar.jpg,No Arch,0,train,no_arch/Wiki_Loves_Monuments_2020_Iran_Zendan_eskandar.jpg
TRAIN_03481,Shah_Mosque_Isfahan_Aarash_(96).jpg,Has Arch,1,train,has_arch/Shah_Mosque_Isfahan_Aarash_(96).jpg
TRAIN_03482,Kakh_Shahrbani_Bagh-e_Melli.jpg,No Arch,0,train,no_arch/Kakh_Shahrbani_Bagh-e_Melli.jpg
TRAIN_03483,Charbagh-01.jpg,Has Arch,1,train,has_arch/Charbagh-01.jpg
TRAIN_03484,Pole_kheshti_niyakoo_4.jpg,Has Arch,1,train,has_arch/Pole_kheshti_niyakoo_4.jpg
TRAIN_03485,021_Yazd_(9).jpg,No Arch,0,train,no_arch/021_Yazd_(9).jpg
TRAIN_03486,Mirza-Mohammad-e-Pedar-Boutique-Hotel-in-Yazd--Renovation----30568.jpg,No Arch,0,train,no_arch/Mirza-Mohammad-e-Pedar-Boutique-Hotel-in-Yazd--Renovation----30568.jpg
TRAIN_03487,Noushabad_street_(41194988130).jpg,No Arch,0,train,no_arch/Noushabad_street_(41194988130).jpg
TRAIN_03488,"Abbasian_Historical_House,_late_18th_century,_Kashan_-03-26-2013.jpg",Has Arch,1,train,"has_arch/Abbasian_Historical_House,_late_18th_century,_Kashan_-03-26-2013.jpg"
TRAIN_03489,Miandasht_Caravanserai2023-07-31_26.jpg,No Arch,0,train,no_arch/Miandasht_Caravanserai2023-07-31_26.jpg
TRAIN_03490,Vank_Cathedral_Entrace.jpg,No Arch,0,train,no_arch/Vank_Cathedral_Entrace.jpg
TRAIN_03491,Ardabil_Bazaar_2020-04-09_21.jpg,Has Arch,1,train,has_arch/Ardabil_Bazaar_2020-04-09_21.jpg
TRAIN_03492,Jame_Mosque_of_Kerman_08.jpg,Has Arch,1,train,has_arch/Jame_Mosque_of_Kerman_08.jpg
TRAIN_03493,نور_محراب.jpg,Has Arch,1,train,has_arch/نور_محراب.jpg
TRAIN_03494,20191003_111104_HDR.jpg,No Arch,0,train,no_arch/20191003_111104_HDR.jpg
TRAIN_03495,Dolat_Abad_Garden_102.jpg,No Arch,0,train,no_arch/Dolat_Abad_Garden_102.jpg
TRAIN_03496,آبی_ترین.jpg,Has Arch,1,train,has_arch/آبی_ترین.jpg
TRAIN_03497,Architecture-of-Dardash-bath-Isfahan.jpg,No Arch,0,train,no_arch/Architecture-of-Dardash-bath-Isfahan.jpg
TRAIN_03498,مدرسه_گنجعلیخان_کاروان_سرای_گنجعلی_(12).jpg,No Arch,0,train,no_arch/مدرسه_گنجعلیخان_کاروان_سرای_گنجعلی_(12).jpg
TRAIN_03499,ورودی_کاروانسرای_وکیل.jpg,Has Arch,1,train,has_arch/ورودی_کاروانسرای_وکیل.jpg
TRAIN_03500,ورودی_آرامگاه_شهنشاه.jpg,No Arch,0,train,no_arch/ورودی_آرامگاه_شهنشاه.jpg
TRAIN_03501,Sakhtemane_kooshk_4.jpg,No Arch,0,train,no_arch/Sakhtemane_kooshk_4.jpg
TRAIN_03502,Gonbade_jabaliyeh.jpg,No Arch,0,train,no_arch/Gonbade_jabaliyeh.jpg
TRAIN_03503,Abbasian-House-Kashan-Iran-By-MaryamForoughi_01.jpg,Has Arch,1,train,has_arch/Abbasian-House-Kashan-Iran-By-MaryamForoughi_01.jpg
TRAIN_03504,Khaju_Bridge_Isfahan_Aarash_(20).jpg,Has Arch,1,train,has_arch/Khaju_Bridge_Isfahan_Aarash_(20).jpg
TRAIN_03505,Interior_of_17th-Century_Caravanserai_Zein-o-din_-_Central_Iran_-_01_(7427966618)_(2).jpg,Has Arch,1,train,has_arch/Interior_of_17th-Century_Caravanserai_Zein-o-din_-_Central_Iran_-_01_(7427966618)_(2).jpg
TRAIN_03506,سردر_عالی_قاپو_قزوین_ایران_02.jpg,Has Arch,1,train,has_arch/سردر_عالی_قاپو_قزوین_ایران_02.jpg
TRAIN_03507,بنایی_به_نام_پیرمرادآباد.jpg,Has Arch,1,train,has_arch/بنایی_به_نام_پیرمرادآباد.jpg
TRAIN_03508,Cheshmeh-Mansion-Lavasan-Amin-Ferdousi-CAOI---30427.jpg,No Arch,0,train,no_arch/Cheshmeh-Mansion-Lavasan-Amin-Ferdousi-CAOI---30427.jpg
TRAIN_03509,نمای_جنوبی_خانه_شهید_منتظرقائم.jpg,No Arch,0,train,no_arch/نمای_جنوبی_خانه_شهید_منتظرقائم.jpg
TRAIN_03510,170648458-mazinan.jpg,Has Arch,1,train,has_arch/170648458-mazinan.jpg
TRAIN_03511,"Iran_7949_Shiraz,_Iran_(14015052436).jpg",Has Arch,1,train,"has_arch/Iran_7949_Shiraz,_Iran_(14015052436).jpg"
TRAIN_03512,Deire_Gachin_Caravansarai_-_Sasanian_dating_-_Iran._Qom_Province_-_Dayr-e_Gachin_23.jpg,Has Arch,1,train,has_arch/Deire_Gachin_Caravansarai_-_Sasanian_dating_-_Iran._Qom_Province_-_Dayr-e_Gachin_23.jpg
TRAIN_03513,Nik_Pei_Caravanserai_13970422_05.jpg,No Arch,0,train,no_arch/Nik_Pei_Caravanserai_13970422_05.jpg
TRAIN_03514,Kharghni.jpg,Has Arch,1,train,has_arch/Kharghni.jpg
TRAIN_03515,Looking_from_the_rooftop_of_the_mosque_to_the_courtyard.jpg,Has Arch,1,train,has_arch/Looking_from_the_rooftop_of_the_mosque_to_the_courtyard.jpg
TRAIN_03516,Khaju_Bridge_Isfahan_Aarash_(14).jpg,Has Arch,1,train,has_arch/Khaju_Bridge_Isfahan_Aarash_(14).jpg
TRAIN_03517,Catholic_Church2.jpg,Has Arch,1,train,has_arch/Catholic_Church2.jpg
TRAIN_03518,Jameh_Mosque_of_Bastam_2015-05-25_03.jpg,No Arch,0,train,no_arch/Jameh_Mosque_of_Bastam_2015-05-25_03.jpg
TRAIN_03519,Kenargerd_Caravanserai_by_Mardetanha_(1)_33.jpg,Has Arch,1,train,has_arch/Kenargerd_Caravanserai_by_Mardetanha_(1)_33.jpg
TRAIN_03520,Shah_Abbasi_Caravanserai_of_Bisotun2021_19.jpg,Has Arch,1,train,has_arch/Shah_Abbasi_Caravanserai_of_Bisotun2021_19.jpg
TRAIN_03521,Mausoleum_of_Sheikh_Ala_ud-Daula_Simnani_2020-04-06_17.jpg,Has Arch,1,train,has_arch/Mausoleum_of_Sheikh_Ala_ud-Daula_Simnani_2020-04-06_17.jpg
TRAIN_03522,Mosquée_de_l'Imam_(30730368164).jpg,Has Arch,1,train,has_arch/Mosquée_de_l'Imam_(30730368164).jpg
TRAIN_03523,DSC_0348_(NXPowerLite)_(1600x1200).jpg,No Arch,0,train,no_arch/DSC_0348_(NXPowerLite)_(1600x1200).jpg
TRAIN_03524,Nik_Pei_Caravanserai_13970422_04.jpg,Has Arch,1,train,has_arch/Nik_Pei_Caravanserai_13970422_04.jpg
TRAIN_03525,"Casa_histórica_de_Abbasi,_Kashan,_Irán,_2016-09-19,_DD_78.jpg",Has Arch,1,train,"has_arch/Casa_histórica_de_Abbasi,_Kashan,_Irán,_2016-09-19,_DD_78.jpg"
TRAIN_03526,Zahedan_Roofed_Bazaar2023-04-01_(2).jpg,Has Arch,1,train,has_arch/Zahedan_Roofed_Bazaar2023-04-01_(2).jpg
TRAIN_03527,Sheikhlotfallah2.jpg,No Arch,0,train,no_arch/Sheikhlotfallah2.jpg
TRAIN_03528,هتل_دربند.jpg,No Arch,0,train,no_arch/هتل_دربند.jpg
TRAIN_03529,TabatabaeisHistoricHouse2.jpg,Has Arch,1,train,has_arch/TabatabaeisHistoricHouse2.jpg
TRAIN_03530,Dairəvi_günbəz_türbəsi_202209_(5).jpg,No Arch,0,train,no_arch/Dairəvi_günbəz_türbəsi_202209_(5).jpg
TRAIN_03531,"Aali_Qapu,_End_of_ceiling_restoration_-_23_January_2018_03.jpg",No Arch,0,train,"no_arch/Aali_Qapu,_End_of_ceiling_restoration_-_23_January_2018_03.jpg"
TRAIN_03532,Gonbad_Ali_in_a_cloudy_day.jpg,Has Arch,1,train,has_arch/Gonbad_Ali_in_a_cloudy_day.jpg
TRAIN_03533,مجموعه_گنج_علی_خان12.jpg,Has Arch,1,train,has_arch/مجموعه_گنج_علی_خان12.jpg
TRAIN_03534,Mazraeh-ye_Jamshid_Ab_Anbar_1.jpg,No Arch,0,train,no_arch/Mazraeh-ye_Jamshid_Ab_Anbar_1.jpg
TRAIN_03535,امامزاده_جعفر،شکل_کلی_بنا.jpg,No Arch,0,train,no_arch/امامزاده_جعفر،شکل_کلی_بنا.jpg
TRAIN_03536,Before-Renovation---Cubic-Home-Amirdasht---30280.jpg,No Arch,0,train,no_arch/Before-Renovation---Cubic-Home-Amirdasht---30280.jpg
TRAIN_03537,Ardabil_Bazaar_2020-04-09_17.jpg,Has Arch,1,train,has_arch/Ardabil_Bazaar_2020-04-09_17.jpg
TRAIN_03538,Tabātabāei_House_خانه_طباطبایی_های_کاشان_04.jpg,Has Arch,1,train,has_arch/Tabātabāei_House_خانه_طباطبایی_های_کاشان_04.jpg
TRAIN_03539,مسجد_خان_(2).jpg,Has Arch,1,train,has_arch/مسجد_خان_(2).jpg
TRAIN_03540,Dolat_Abad_Garden_102.jpg,Has Arch,1,train,has_arch/Dolat_Abad_Garden_102.jpg
TRAIN_03541,Kenargerd_Caravanserai_by_Mardetanha_(1)_39.jpg,Has Arch,1,train,has_arch/Kenargerd_Caravanserai_by_Mardetanha_(1)_39.jpg
TRAIN_03542,Khaneh_Taj_Kashan-Iran_خانه_تاریخی_تاج_از_خانه_های_کاشان_23.jpg,Has Arch,1,train,has_arch/Khaneh_Taj_Kashan-Iran_خانه_تاریخی_تاج_از_خانه_های_کاشان_23.jpg
TRAIN_03543,Qırmızı_günbəz_türbəsi_202209_(16).jpg,Has Arch,1,train,has_arch/Qırmızı_günbəz_türbəsi_202209_(16).jpg
TRAIN_03544,Caravanserai-of-Shah-Abbas-7.jpg,Has Arch,1,train,has_arch/Caravanserai-of-Shah-Abbas-7.jpg
TRAIN_03545,Gate_of_Citadel_of_semnan_18.jpg,Has Arch,1,train,has_arch/Gate_of_Citadel_of_semnan_18.jpg
TRAIN_03546,پله_پله_تا_خدا.jpg,No Arch,0,train,no_arch/پله_پله_تا_خدا.jpg
TRAIN_03547,پل_کله.jpg,Has Arch,1,train,has_arch/پل_کله.jpg
TRAIN_03548,Rezarafieiraad1368-AAsAS.jpg,No Arch,0,train,no_arch/Rezarafieiraad1368-AAsAS.jpg
TRAIN_03549,Aminabad_Caravansarai.jpg,Has Arch,1,train,has_arch/Aminabad_Caravansarai.jpg
TRAIN_03550,نمای_داخلی_و_مجسمه_ی_اسطوره_های_ارامگاه_حکیم_ابوالقاسم_فردوسی1.jpg,No Arch,0,train,no_arch/نمای_داخلی_و_مجسمه_ی_اسطوره_های_ارامگاه_حکیم_ابوالقاسم_فردوسی1.jpg
TRAIN_03551,بقعه_سید_اسماعیل_2.jpg,Has Arch,1,train,has_arch/بقعه_سید_اسماعیل_2.jpg
TRAIN_03552,647386_11snADd0Sf.jpg,Has Arch,1,train,has_arch/647386_11snADd0Sf.jpg
TRAIN_03553,مدرسه_علیا_فردوس_01.jpg,Has Arch,1,train,has_arch/مدرسه_علیا_فردوس_01.jpg
TRAIN_03554,East_Azerbaijan_Governance_palace.jpg,No Arch,0,train,no_arch/East_Azerbaijan_Governance_palace.jpg
TRAIN_03555,Khadju_Bridge._Isfahan_8.jpg,Has Arch,1,train,has_arch/Khadju_Bridge._Isfahan_8.jpg
TRAIN_03556,Allah_allah_dome2.jpg,No Arch,0,train,no_arch/Allah_allah_dome2.jpg
TRAIN_03557,Aliabad_Tower2012-04-01.jpg,No Arch,0,train,no_arch/Aliabad_Tower2012-04-01.jpg
TRAIN_03558,Irnr148-Isfahan-Meczet_Sułtana_Lotfollaha.jpg,Has Arch,1,train,has_arch/Irnr148-Isfahan-Meczet_Sułtana_Lotfollaha.jpg
TRAIN_03559,سردر____ورودی_کاروانسرا.jpg,Has Arch,1,train,has_arch/سردر____ورودی_کاروانسرا.jpg
TRAIN_03560,buildings.jpg,No Arch,0,train,no_arch/buildings.jpg
TRAIN_03561,Borujerd-Iran_39.jpg,Has Arch,1,train,has_arch/Borujerd-Iran_39.jpg
TRAIN_03562,Tehran_ghadim_gate_2.jpg,Has Arch,1,train,has_arch/Tehran_ghadim_gate_2.jpg
TRAIN_03563,3کلیسای_وانک.jpg,Has Arch,1,train,has_arch/3کلیسای_وانک.jpg
TRAIN_03564,"Ciudadela_de_Meybod,_Irán,_2016-09-20,_DD_23.jpg",Has Arch,1,train,"has_arch/Ciudadela_de_Meybod,_Irán,_2016-09-20,_DD_23.jpg"
TRAIN_03565,3364808_azam-1-_19.jpg,Has Arch,1,train,has_arch/3364808_azam-1-_19.jpg
TRAIN_03566,"Sheikh_Bastami_Mosque_(Bastam,_Semnan)_-_11.jpg",Has Arch,1,train,"has_arch/Sheikh_Bastami_Mosque_(Bastam,_Semnan)_-_11.jpg"
TRAIN_03567,Deyr_Gachin_Caravansary_by_Mardetanha_(1)_49.jpg,Has Arch,1,train,has_arch/Deyr_Gachin_Caravansary_by_Mardetanha_(1)_49.jpg
TRAIN_03568,Aali_ghapo.jpg,Has Arch,1,train,has_arch/Aali_ghapo.jpg
TRAIN_03569,اصفهان2.jpg,No Arch,0,train,no_arch/اصفهان2.jpg
TRAIN_03570,A_Cat_at_Tabriz_Grand_Bazar.jpg,Has Arch,1,train,has_arch/A_Cat_at_Tabriz_Grand_Bazar.jpg
TRAIN_03571,Tomb_of_Ostad_and_Shagerd_3.jpg,No Arch,0,train,no_arch/Tomb_of_Ostad_and_Shagerd_3.jpg
TRAIN_03572,نمایی_از_قلعه.jpg,No Arch,0,train,no_arch/نمایی_از_قلعه.jpg
TRAIN_03573,Shah_Abbasi_Caravanserai_of_Bisotun2021_14.jpg,Has Arch,1,train,has_arch/Shah_Abbasi_Caravanserai_of_Bisotun2021_14.jpg
TRAIN_03574,Urmia_Bazaar-05.jpg,Has Arch,1,train,has_arch/Urmia_Bazaar-05.jpg
TRAIN_03575,"Jame_mosque,_natanz3.jpg",Has Arch,1,train,"has_arch/Jame_mosque,_natanz3.jpg"
TRAIN_03576,Pol-e-Davazdah_Cheshmeh.jpg,Has Arch,1,train,has_arch/Pol-e-Davazdah_Cheshmeh.jpg
TRAIN_03577,قلعه_گنجعلیخان_3.jpg,No Arch,0,train,no_arch/قلعه_گنجعلیخان_3.jpg
TRAIN_03578,Aji_chay2.jpg,Has Arch,1,train,has_arch/Aji_chay2.jpg
TRAIN_03579,Mohammad_Moin_house_in_Tehran_7362.jpg,No Arch,0,train,no_arch/Mohammad_Moin_house_in_Tehran_7362.jpg
TRAIN_03580,Tomb_of_Sheikh_Yoosof_Sarvestani4.jpg,Has Arch,1,train,has_arch/Tomb_of_Sheikh_Yoosof_Sarvestani4.jpg
TRAIN_03581,Pərvin_Etisaminin_evi_(9).jpg,No Arch,0,train,no_arch/Pərvin_Etisaminin_evi_(9).jpg
TRAIN_03582,Aria-Sanat-Industrial-Administrative-Project-Nobico-Studio---29978.jpg,No Arch,0,train,no_arch/Aria-Sanat-Industrial-Administrative-Project-Nobico-Studio---29978.jpg
TRAIN_03583,Isfahan_1210921_nevit.jpg,Has Arch,1,train,has_arch/Isfahan_1210921_nevit.jpg
TRAIN_03584,Jalal_al-Din_Castle2014-03-24_4.jpg,No Arch,0,train,no_arch/Jalal_al-Din_Castle2014-03-24_4.jpg
TRAIN_03585,Bahram223.jpg,No Arch,0,train,no_arch/Bahram223.jpg
TRAIN_03586,Jalali_Castle_And_adjacent_Icehouses2019_10.jpg,No Arch,0,train,no_arch/Jalali_Castle_And_adjacent_Icehouses2019_10.jpg
TRAIN_03587,بنای_تاریخی_امامزاده_سلطان_مطهر_بومهن.jpg,No Arch,0,train,no_arch/بنای_تاریخی_امامزاده_سلطان_مطهر_بومهن.jpg
TRAIN_03588,بادگیر_چپقی_خانه_سید_علی_اصغر_رضوی_سیرجان3.jpg,No Arch,0,train,no_arch/بادگیر_چپقی_خانه_سید_علی_اصغر_رضوی_سیرجان3.jpg
TRAIN_03589,کاروانسرای_کنارگرد_3.jpg,Has Arch,1,train,has_arch/کاروانسرای_کنارگرد_3.jpg
TRAIN_03590,"Alexander's_Prison,_Yazd,_Iran_(1258737648).jpg",No Arch,0,train,"no_arch/Alexander's_Prison,_Yazd,_Iran_(1258737648).jpg"
TRAIN_03591,Iranian-residental-building-876.jpg,No Arch,0,train,no_arch/Iranian-residental-building-876.jpg
TRAIN_03592,ظهیر_الاسلام.jpg,No Arch,0,train,no_arch/ظهیر_الاسلام.jpg
TRAIN_03593,Amin_Al-Islami_Mansion_1.jpg,No Arch,0,train,no_arch/Amin_Al-Islami_Mansion_1.jpg
TRAIN_03594,Ganjali_Khan_Complex_13961227_12.jpg,Has Arch,1,train,has_arch/Ganjali_Khan_Complex_13961227_12.jpg
TRAIN_03595,Jameh_Mosque_of_Gorgan_13970530_20.jpg,No Arch,0,train,no_arch/Jameh_Mosque_of_Gorgan_13970530_20.jpg
TRAIN_03596,Orthodox_Church_(Holy_Nicholas_Church).TEHRAN.IRAN7.jpg,No Arch,0,train,no_arch/Orthodox_Church_(Holy_Nicholas_Church).TEHRAN.IRAN7.jpg
TRAIN_03597,Minaret_of_Saveh_Square_Mosque.jpg,No Arch,0,train,no_arch/Minaret_of_Saveh_Square_Mosque.jpg
TRAIN_03598,نمای_کلی_کاروان_سرای_میاندشت.jpg,Has Arch,1,train,has_arch/نمای_کلی_کاروان_سرای_میاندشت.jpg
TRAIN_03599,Jaameh_mosque_of_Urmia_-_Sassanian_Period_-_panoramio.jpg,Has Arch,1,train,has_arch/Jaameh_mosque_of_Urmia_-_Sassanian_Period_-_panoramio.jpg
TRAIN_03600,Feyziyeh_School_by_Tasnim02.jpg,Has Arch,1,train,has_arch/Feyziyeh_School_by_Tasnim02.jpg
TRAIN_03601,Saint_Mary_Church_of_Tabriz_12.jpg,No Arch,0,train,no_arch/Saint_Mary_Church_of_Tabriz_12.jpg
TRAIN_03602,Mahrouq_Shrine_II_-_panoramio.jpg,Has Arch,1,train,has_arch/Mahrouq_Shrine_II_-_panoramio.jpg
TRAIN_03603,Kolah_Farangi_Arg_(cropped)_2.jpg,Has Arch,1,train,has_arch/Kolah_Farangi_Arg_(cropped)_2.jpg
TRAIN_03604,مسجد_آقابزرگ_کاشان_ایران-Agha_Bozorg_mosque_KASHAN_03.jpg,Has Arch,1,train,has_arch/مسجد_آقابزرگ_کاشان_ایران-Agha_Bozorg_mosque_KASHAN_03.jpg
TRAIN_03605,Tmp_24831-20140731_112613-1842017980.jpg,No Arch,0,train,no_arch/Tmp_24831-20140731_112613-1842017980.jpg
TRAIN_03606,Dehnamak_Caravanserai_20190618_09.jpg,Has Arch,1,train,has_arch/Dehnamak_Caravanserai_20190618_09.jpg
TRAIN_03607,بازار_بزرگ_کرمان1.jpg,Has Arch,1,train,has_arch/بازار_بزرگ_کرمان1.jpg
TRAIN_03608,Oldest_Room_in_Sepahsalar_High_School.jpg,Has Arch,1,train,has_arch/Oldest_Room_in_Sepahsalar_High_School.jpg
TRAIN_03609,Ali_Qapu_isfahan_عمارت_عالی_قاپو_در_اصفهان_02.jpg,Has Arch,1,train,has_arch/Ali_Qapu_isfahan_عمارت_عالی_قاپو_در_اصفهان_02.jpg
TRAIN_03610,آرامگاه_خواجه_اتابک.jpg,No Arch,0,train,no_arch/آرامگاه_خواجه_اتابک.jpg
TRAIN_03611,کاروانسرای_گنجعلی_خان3.jpg,Has Arch,1,train,has_arch/کاروانسرای_گنجعلی_خان3.jpg
TRAIN_03612,Sa'dabad_Palace_Darafshs_(5).jpg,No Arch,0,train,no_arch/Sa'dabad_Palace_Darafshs_(5).jpg
TRAIN_03613,AkhoundMosque2.jpg,No Arch,0,train,no_arch/AkhoundMosque2.jpg
TRAIN_03614,Winter-house-in-Bukan-Iran-by-Shoresh-Abed-CAOI---25498.jpg,No Arch,0,train,no_arch/Winter-house-in-Bukan-Iran-by-Shoresh-Abed-CAOI---25498.jpg
TRAIN_03615,قاب_در_قاب.jpg,Has Arch,1,train,has_arch/قاب_در_قاب.jpg
TRAIN_03616,Jame-shafeie-mosque.jpg,Has Arch,1,train,has_arch/Jame-shafeie-mosque.jpg
TRAIN_03617,Saveh_Mosque_7.jpg,Has Arch,1,train,has_arch/Saveh_Mosque_7.jpg
TRAIN_03618,Zayanderud_20190221_11.jpg,Has Arch,1,train,has_arch/Zayanderud_20190221_11.jpg
TRAIN_03619,Naraq_bazaar_419.jpg,Has Arch,1,train,has_arch/Naraq_bazaar_419.jpg
TRAIN_03620,DSC_0003-.jpg,No Arch,0,train,no_arch/DSC_0003-.jpg
TRAIN_03621,Exterior_view_and_architectural_style_of_Abul_Mofakher_Qaini_tomb.jpg,No Arch,0,train,no_arch/Exterior_view_and_architectural_style_of_Abul_Mofakher_Qaini_tomb.jpg
TRAIN_03622,Bazaar_of_Tabriz_2020-03-13_08.jpg,No Arch,0,train,no_arch/Bazaar_of_Tabriz_2020-03-13_08.jpg
TRAIN_03623,Old_Reservoir_in_Aradan_-_Garmsar_-_panoramio_(1).jpg,Has Arch,1,train,has_arch/Old_Reservoir_in_Aradan_-_Garmsar_-_panoramio_(1).jpg
TRAIN_03624,Joubi_Bridge_Isfahan_Aarash_(7).jpg,Has Arch,1,train,has_arch/Joubi_Bridge_Isfahan_Aarash_(7).jpg
TRAIN_03625,Jameh_Mosque_of_Farumad_2020-02-17_02.jpg,Has Arch,1,train,has_arch/Jameh_Mosque_of_Farumad_2020-02-17_02.jpg
TRAIN_03626,Iranian_national_Museum_of_Medical_Sciences;_Tehran;_Iran-3.jpg,Has Arch,1,train,has_arch/Iranian_national_Museum_of_Medical_Sciences;_Tehran;_Iran-3.jpg
TRAIN_03627,Aminabad_water_reservoir_-_panoramio.jpg,Has Arch,1,train,has_arch/Aminabad_water_reservoir_-_panoramio.jpg
TRAIN_03628,Sa'd_al-Saltaneh_Caravanserai2024-03-28_8.jpg,Has Arch,1,train,has_arch/Sa'd_al-Saltaneh_Caravanserai2024-03-28_8.jpg
TRAIN_03629,"Grand_Bazaar,_Tehran_11.jpg",Has Arch,1,train,"has_arch/Grand_Bazaar,_Tehran_11.jpg"
TRAIN_03630,Jameh_Mosque_of_Abyaneh.jpg,No Arch,0,train,no_arch/Jameh_Mosque_of_Abyaneh.jpg
TRAIN_03631,آب_انبار2.jpg,Has Arch,1,train,has_arch/آب_انبار2.jpg
TRAIN_03632,Monar_Jonban_Isfahan_Aarash_(20).jpg,No Arch,0,train,no_arch/Monar_Jonban_Isfahan_Aarash_(20).jpg
TRAIN_03633,کاخ_شاه_نازدشت_23.jpg,No Arch,0,train,no_arch/کاخ_شاه_نازدشت_23.jpg
TRAIN_03634,Dehnamak_Caravanserai_2020-01-18_01.jpg,Has Arch,1,train,has_arch/Dehnamak_Caravanserai_2020-01-18_01.jpg
TRAIN_03635,Zanjan_Bazaar_2020-03-14_01.jpg,Has Arch,1,train,has_arch/Zanjan_Bazaar_2020-03-14_01.jpg
TRAIN_03636,ساده_مثل_چوپانان.jpg,No Arch,0,train,no_arch/ساده_مثل_چوپانان.jpg
TRAIN_03637,Hnfh000_20210329_181610.jpg,Has Arch,1,train,has_arch/Hnfh000_20210329_181610.jpg
TRAIN_03638,Payagene-Daroo-Kooshk-Design-Studio-CAOI---23824.jpg,No Arch,0,train,no_arch/Payagene-Daroo-Kooshk-Design-Studio-CAOI---23824.jpg
TRAIN_03639,"Ciudadela_de_Meybod,_Irán,_2016-09-20,_DD_10.jpg",No Arch,0,train,"no_arch/Ciudadela_de_Meybod,_Irán,_2016-09-20,_DD_10.jpg"
TRAIN_03640,1مسجد_شیخ_بسطامی.jpg,Has Arch,1,train,has_arch/1مسجد_شیخ_بسطامی.jpg
TRAIN_03641,96_مسجد_علی_و_مناره_اصفهان.jpg,Has Arch,1,train,has_arch/96_مسجد_علی_و_مناره_اصفهان.jpg
TRAIN_03642,Panorama_of_Rasht_municipality_1_(cropped).jpg,No Arch,0,train,no_arch/Panorama_of_Rasht_municipality_1_(cropped).jpg
TRAIN_03643,Attar_Mausoleum_295A2272.jpg,Has Arch,1,train,has_arch/Attar_Mausoleum_295A2272.jpg
TRAIN_03644,کاروان_سرای_جر.jpg,Has Arch,1,train,has_arch/کاروان_سرای_جر.jpg
TRAIN_03645,Farahabad_Mosque_-_28_March_2018_03.jpg,Has Arch,1,train,has_arch/Farahabad_Mosque_-_28_March_2018_03.jpg
TRAIN_03646,Meybod_Caravanserai2023-03-23_8.jpg,No Arch,0,train,no_arch/Meybod_Caravanserai2023-03-23_8.jpg
TRAIN_03647,The_Islamic_Museum_Of_National_Museum_of_Iran_Darafsh_(03).jpg,No Arch,0,train,no_arch/The_Islamic_Museum_Of_National_Museum_of_Iran_Darafsh_(03).jpg
TRAIN_03648,No.Zero-Apartment.jpg,No Arch,0,train,no_arch/No.Zero-Apartment.jpg
TRAIN_03649,Sadolsaltaneh_caravanserai.jpg,Has Arch,1,train,has_arch/Sadolsaltaneh_caravanserai.jpg
TRAIN_03650,AbuZeidAbad_Caravanserai_3.jpg,Has Arch,1,train,has_arch/AbuZeidAbad_Caravanserai_3.jpg
TRAIN_03651,عکس_از_مسعود_ادیبان.jpg,No Arch,0,train,no_arch/عکس_از_مسعود_ادیبان.jpg
TRAIN_03652,Mir_Bahauddin_Bridge2024-04-25_14.jpg,Has Arch,1,train,has_arch/Mir_Bahauddin_Bridge2024-04-25_14.jpg
TRAIN_03653,مدرسه-ملا-عبـدالله.jpg,Has Arch,1,train,has_arch/مدرسه-ملا-عبـدالله.jpg
TRAIN_03654,Shah_Abbasi_Caravanserai_of_Semnan_2018-10-17_10.jpg,Has Arch,1,train,has_arch/Shah_Abbasi_Caravanserai_of_Semnan_2018-10-17_10.jpg
TRAIN_03655,Moghaddam1142.jpg,Has Arch,1,train,has_arch/Moghaddam1142.jpg
TRAIN_03656,Ribat-i_Sharaf_-_1_June_2011_07.jpg,Has Arch,1,train,has_arch/Ribat-i_Sharaf_-_1_June_2011_07.jpg
TRAIN_03657,Tomb_of_Sheikh_Yoosof_Sarvestani3.jpg,No Arch,0,train,no_arch/Tomb_of_Sheikh_Yoosof_Sarvestani3.jpg
TRAIN_03658,DSC_0029-amirarsalan.jpg,Has Arch,1,train,has_arch/DSC_0029-amirarsalan.jpg
TRAIN_03659,کوشک_سلامی.jpg,Has Arch,1,train,has_arch/کوشک_سلامی.jpg
TRAIN_03660,"Masjed-e_Imam_(Imam_Mosque),_Isfahan_(5113732633).jpg",Has Arch,1,train,"has_arch/Masjed-e_Imam_(Imam_Mosque),_Isfahan_(5113732633).jpg"
TRAIN_03661,Arslan_Jazeb_Mausoleum2022-07-19_9.jpg,No Arch,0,train,no_arch/Arslan_Jazeb_Mausoleum2022-07-19_9.jpg
TRAIN_03662,Ganjali_Khan_Bathhouse_04.jpg,Has Arch,1,train,has_arch/Ganjali_Khan_Bathhouse_04.jpg
TRAIN_03663,Hajib_Caravansarai2020_8.jpg,Has Arch,1,train,has_arch/Hajib_Caravansarai2020_8.jpg
TRAIN_03664,Fadhl_Ibn_Shazan_Hawza_-_Door_-_tile_-_Nishapur_03.jpg,No Arch,0,train,no_arch/Fadhl_Ibn_Shazan_Hawza_-_Door_-_tile_-_Nishapur_03.jpg
TRAIN_03665,مدرسه-ملا-عبـدالله2.jpg,Has Arch,1,train,has_arch/مدرسه-ملا-عبـدالله2.jpg
TRAIN_03666,Khaatoon_aabadi_3.jpg,Has Arch,1,train,has_arch/Khaatoon_aabadi_3.jpg
TRAIN_03667,Moghaddam1111.jpg,No Arch,0,train,no_arch/Moghaddam1111.jpg
TRAIN_03668,پل_خشتی_لاهیجان_02.jpg,Has Arch,1,train,has_arch/پل_خشتی_لاهیجان_02.jpg
TRAIN_03669,کویر.jpg,Has Arch,1,train,has_arch/کویر.jpg
TRAIN_03670,Avicenna_Mausoleum_Hamedan_Iran.jpg,No Arch,0,train,no_arch/Avicenna_Mausoleum_Hamedan_Iran.jpg
TRAIN_03671,آب_انبار_رستم_گیو.jpg,No Arch,0,train,no_arch/آب_انبار_رستم_گیو.jpg
TRAIN_03672,295A0420.jpg,Has Arch,1,train,has_arch/295A0420.jpg
TRAIN_03673,آرامگاه_ابن_یمین.jpg,No Arch,0,train,no_arch/آرامگاه_ابن_یمین.jpg
TRAIN_03674,"St._Mary_Church,_Isfahan_1.jpg",Has Arch,1,train,"has_arch/St._Mary_Church,_Isfahan_1.jpg"
TRAIN_03675,Jameh_Mosque_of_Varamin_20190514_09.jpg,Has Arch,1,train,has_arch/Jameh_Mosque_of_Varamin_20190514_09.jpg
TRAIN_03676,18022014216طباطبایی.jpg,Has Arch,1,train,has_arch/18022014216طباطبایی.jpg
TRAIN_03677,"Tabātabāei_House,_Kashan_02.jpg",Has Arch,1,train,"has_arch/Tabātabāei_House,_Kashan_02.jpg"
TRAIN_03678,مسجدباباعبدالله.jpg,Has Arch,1,train,has_arch/مسجدباباعبدالله.jpg
TRAIN_03679,Anglo-Persian_Oil_Company_former_building_in_Tehran_2 (1).jpg,No Arch,0,train,no_arch/Anglo-Persian_Oil_Company_former_building_in_Tehran_2 (1).jpg
TRAIN_03680,Subsidence_in_Esfahan.jpg,No Arch,0,train,no_arch/Subsidence_in_Esfahan.jpg
TRAIN_03681,امامزاده_شاه_احمد_قاسم_قم_(9).jpg,No Arch,0,train,no_arch/امامزاده_شاه_احمد_قاسم_قم_(9).jpg
TRAIN_03682,Molla_Hassan_Kashi_Mausoleum.jpg,Has Arch,1,train,has_arch/Molla_Hassan_Kashi_Mausoleum.jpg
TRAIN_03683,برج_آرامگاه_بابا_محمود_4.jpg,No Arch,0,train,no_arch/برج_آرامگاه_بابا_محمود_4.jpg
TRAIN_03684,Khajeh_Atabak_Mausoleum.jpg,No Arch,0,train,no_arch/Khajeh_Atabak_Mausoleum.jpg
TRAIN_03685,بازار_چه_سرپوشیده،_حاج_شهباز_بیجار.jpg,Has Arch,1,train,has_arch/بازار_چه_سرپوشیده،_حاج_شهباز_بیجار.jpg
TRAIN_03686,Haroon_Prison.jpg,No Arch,0,train,no_arch/Haroon_Prison.jpg
TRAIN_03687,"Fatima_Masumeh_Shrine,_Qom_16.jpg",Has Arch,1,train,"has_arch/Fatima_Masumeh_Shrine,_Qom_16.jpg"
TRAIN_03688,Abasi_caravanserai.jpg,Has Arch,1,train,has_arch/Abasi_caravanserai.jpg
TRAIN_03689,عکس_هوایی_مناره_مسجد_جامع_دامغان.jpg,No Arch,0,train,no_arch/عکس_هوایی_مناره_مسجد_جامع_دامغان.jpg
TRAIN_03690,Irnl048-Oaza_Charanak.jpg,No Arch,0,train,no_arch/Irnl048-Oaza_Charanak.jpg
TRAIN_03691,میدان_نقش_جهان(42).jpg,Has Arch,1,train,has_arch/میدان_نقش_جهان(42).jpg
TRAIN_03692,iranian-commercial-building-design-39477-4.jpg,No Arch,0,train,no_arch/iranian-commercial-building-design-39477-4.jpg
TRAIN_03693,Imamzadeh_Morteza2021-05-14_18.jpg,No Arch,0,train,no_arch/Imamzadeh_Morteza2021-05-14_18.jpg
TRAIN_03694,Chapel_of_Chupan_2016-12-10_11.jpg,No Arch,0,train,no_arch/Chapel_of_Chupan_2016-12-10_11.jpg
TRAIN_03695,میدان_نقش_جهان(33).jpg,Has Arch,1,train,has_arch/میدان_نقش_جهان(33).jpg
TRAIN_03696,نمای_قلعه.jpg,No Arch,0,train,no_arch/نمای_قلعه.jpg
TRAIN_03697,"Ciudadela_de_Meybod,_Irán,_2016-09-20,_DD_04.jpg",No Arch,0,train,"no_arch/Ciudadela_de_Meybod,_Irán,_2016-09-20,_DD_04.jpg"
TRAIN_03698,Miandasht_Caravanserai2023-07-31_37.jpg,Has Arch,1,train,has_arch/Miandasht_Caravanserai2023-07-31_37.jpg
TRAIN_03699,Khaje_Nazar_Caravanserai2.jpg,Has Arch,1,train,has_arch/Khaje_Nazar_Caravanserai2.jpg
TRAIN_03700,مناره_مسجد_علی_در_شهر_اصفهان_در_شب_مورخ_۲۰۲۱-۰۶-۲۹_-_ساعت_۲۱-۱۶-۲۰.jpg,Has Arch,1,train,has_arch/مناره_مسجد_علی_در_شهر_اصفهان_در_شب_مورخ_۲۰۲۱-۰۶-۲۹_-_ساعت_۲۱-۱۶-۲۰.jpg
TRAIN_03701,Assarkhaneh.jpg,Has Arch,1,train,has_arch/Assarkhaneh.jpg
TRAIN_03702,Arak_Bazaar2023-01-21_17.jpg,Has Arch,1,train,has_arch/Arak_Bazaar2023-01-21_17.jpg
TRAIN_03703,خانه_مهربان_آباده.jpg,Has Arch,1,train,has_arch/خانه_مهربان_آباده.jpg
TRAIN_03704,"Imamzadeh_Saleh,_Tehran_05.jpg",No Arch,0,train,"no_arch/Imamzadeh_Saleh,_Tehran_05.jpg"
TRAIN_03705,Ali_Qapu_Palace_(6223379939).jpg,Has Arch,1,train,has_arch/Ali_Qapu_Palace_(6223379939).jpg
TRAIN_03706,"Iran_Kerman_,_Malek_Mosque_,_Eastern_Ivan.jpg",Has Arch,1,train,"has_arch/Iran_Kerman_,_Malek_Mosque_,_Eastern_Ivan.jpg"
TRAIN_03707,امامزاده_هارون_(7).jpg,Has Arch,1,train,has_arch/امامزاده_هارون_(7).jpg
TRAIN_03708,East_Azarbaijan_State_Capital.jpg,No Arch,0,train,no_arch/East_Azarbaijan_State_Capital.jpg
TRAIN_03709,Irnt047-Isfahan-Meczet_Piątkowy.jpg,Has Arch,1,train,has_arch/Irnt047-Isfahan-Meczet_Piątkowy.jpg
TRAIN_03710,2کاروانسرای_میامی_شاهرود.jpg,Has Arch,1,train,has_arch/2کاروانسرای_میامی_شاهرود.jpg
TRAIN_03711,Iran_-_Ispahan_(9259631429).jpg,Has Arch,1,train,has_arch/Iran_-_Ispahan_(9259631429).jpg
TRAIN_03712,-_زیر_گنبد_خانه_مسجد_جامع_یزد.jpg,Has Arch,1,train,has_arch/-_زیر_گنبد_خانه_مسجد_جامع_یزد.jpg
TRAIN_03713,مسجد_خان_(3).jpg,Has Arch,1,train,has_arch/مسجد_خان_(3).jpg
TRAIN_03714,Amirdasht-Tennis-Court-Kelarabad-BOL-Architects---28228.jpg,No Arch,0,train,no_arch/Amirdasht-Tennis-Court-Kelarabad-BOL-Architects---28228.jpg
TRAIN_03715,"SadKharve,_Razavi_Khorasan_Province,_Iran_-_panoramio.jpg",No Arch,0,train,"no_arch/SadKharve,_Razavi_Khorasan_Province,_Iran_-_panoramio.jpg"
TRAIN_03716,Hnfh000_20200821_101113.jpg,No Arch,0,train,no_arch/Hnfh000_20200821_101113.jpg
TRAIN_03717,Emamzadeh_Jafar.jpg,No Arch,0,train,no_arch/Emamzadeh_Jafar.jpg
TRAIN_03718,Abbasid_Caravanseray_of_Nishapur_(Ribati-i-Abbasi_of_Nishapur)_-_Morning_010.jpg,No Arch,0,train,no_arch/Abbasid_Caravanseray_of_Nishapur_(Ribati-i-Abbasi_of_Nishapur)_-_Morning_010.jpg
TRAIN_03719,امامزاده_یحیی_ورامین_3.jpg,No Arch,0,train,no_arch/امامزاده_یحیی_ورامین_3.jpg
TRAIN_03720,مجموعه_قلعه_جلالی.jpg,No Arch,0,train,no_arch/مجموعه_قلعه_جلالی.jpg
TRAIN_03721,20190610-_MG_9342.jpg,No Arch,0,train,no_arch/20190610-_MG_9342.jpg
TRAIN_03722,Jameh_Mosque_of_Urmia-4.jpg,Has Arch,1,train,has_arch/Jameh_Mosque_of_Urmia-4.jpg
TRAIN_03723,یکی_از_اتاق_های_کاروانسرا.jpg,Has Arch,1,train,has_arch/یکی_از_اتاق_های_کاروانسرا.jpg
TRAIN_03724,Ali_Qapu_isfahan_عمارت_عالی_قاپو_در_اصفهان_02.jpg,No Arch,0,train,no_arch/Ali_Qapu_isfahan_عمارت_عالی_قاپو_در_اصفهان_02.jpg
TRAIN_03725,Anjoman_hekmat_2.jpg,No Arch,0,train,no_arch/Anjoman_hekmat_2.jpg
TRAIN_03726,Shah_Mosque_Isfahan_Aarash_(117).jpg,Has Arch,1,train,has_arch/Shah_Mosque_Isfahan_Aarash_(117).jpg
TRAIN_03727,پل_زمانخان۱.jpg,Has Arch,1,train,has_arch/پل_زمانخان۱.jpg
TRAIN_03728,Nasir-ol-molk_mosque_cloister.jpg,Has Arch,1,train,has_arch/Nasir-ol-molk_mosque_cloister.jpg
TRAIN_03729,مسجد_جامع_عتیق_شیراز_ایران-Atigh_Jame'_Mosque_shiraz_iran_04.jpg,No Arch,0,train,no_arch/مسجد_جامع_عتیق_شیراز_ایران-Atigh_Jame'_Mosque_shiraz_iran_04.jpg
TRAIN_03730,رباط_زرنوخ.jpg,Has Arch,1,train,has_arch/رباط_زرنوخ.jpg
TRAIN_03731,Tomb_of_Sheikh_Mansour_Khazaee.jpg,No Arch,0,train,no_arch/Tomb_of_Sheikh_Mansour_Khazaee.jpg
TRAIN_03732,Museum_of_Zoroastrians_-_Kerman.jpg,No Arch,0,train,no_arch/Museum_of_Zoroastrians_-_Kerman.jpg
TRAIN_03733,Interior_of_a_room_near_bazaar.jpg,No Arch,0,train,no_arch/Interior_of_a_room_near_bazaar.jpg
TRAIN_03734,Bazaar_of_Tabriz044.jpg,No Arch,0,train,no_arch/Bazaar_of_Tabriz044.jpg
TRAIN_03735,Narin_Castle_20190322_17.jpg,No Arch,0,train,no_arch/Narin_Castle_20190322_17.jpg
TRAIN_03736,Bank_Melli_Building_-_Ferdowsi_Ave..jpg,No Arch,0,train,no_arch/Bank_Melli_Building_-_Ferdowsi_Ave..jpg
TRAIN_03737,Sakhtemane_kooshk_1.jpg,No Arch,0,train,no_arch/Sakhtemane_kooshk_1.jpg
TRAIN_03738,Imamzadeh_Abdullah_Shushtar_Darafsh_(55).jpg,No Arch,0,train,no_arch/Imamzadeh_Abdullah_Shushtar_Darafsh_(55).jpg
TRAIN_03739,Alborz_under_iranian_flag.jpg,Has Arch,1,train,has_arch/Alborz_under_iranian_flag.jpg
TRAIN_03740,Koohravan-villa-Damavand-Hypertext-Architecture-Studio---28858.jpg,No Arch,0,train,no_arch/Koohravan-villa-Damavand-Hypertext-Architecture-Studio---28858.jpg
TRAIN_03741,Kenargerd_Caravanserai_by_Mardetanha_(1)_21.jpg,Has Arch,1,train,has_arch/Kenargerd_Caravanserai_by_Mardetanha_(1)_21.jpg
TRAIN_03742,امامزاده_یحیی_ورامین_1.jpg,No Arch,0,train,no_arch/امامزاده_یحیی_ورامین_1.jpg
TRAIN_03743,Nasirolmolk_mosque_shiraz_02.jpg,Has Arch,1,train,has_arch/Nasirolmolk_mosque_shiraz_02.jpg
TRAIN_03744,قلعه_افین_از_بالا.jpg,Has Arch,1,train,has_arch/قلعه_افین_از_بالا.jpg
TRAIN_03745,قلعه_گنجعلیخان_10.jpg,No Arch,0,train,no_arch/قلعه_گنجعلیخان_10.jpg
TRAIN_03746,Pol-e_Khajoo_(Isfahan)_009.jpg,Has Arch,1,train,has_arch/Pol-e_Khajoo_(Isfahan)_009.jpg
TRAIN_03747,2-46.jpg,Has Arch,1,train,has_arch/2-46.jpg
TRAIN_03748,"Jameh_Mosque,_Kerman_01.jpg",Has Arch,1,train,"has_arch/Jameh_Mosque,_Kerman_01.jpg"
TRAIN_03749,Abbasid_Caravanseray_of_Nishapur_(Ribati-i-Abbasi_of_Nishapur)_-_Morning_119.jpg,Has Arch,1,train,has_arch/Abbasid_Caravanseray_of_Nishapur_(Ribati-i-Abbasi_of_Nishapur)_-_Morning_119.jpg
TRAIN_03750,Nimavard_Madrasa_2.jpg,No Arch,0,train,no_arch/Nimavard_Madrasa_2.jpg
TRAIN_03751,Courtyard_of_a_silk_road_caravanserail_at_Meybod.jpg,Has Arch,1,train,has_arch/Courtyard_of_a_silk_road_caravanserail_at_Meybod.jpg
TRAIN_03752,Imamzadeh_Yahya_2.jpg,No Arch,0,train,no_arch/Imamzadeh_Yahya_2.jpg
TRAIN_03753,بازار_تهران_XXIV.jpg,No Arch,0,train,no_arch/بازار_تهران_XXIV.jpg
TRAIN_03754,Emamzadeh_Qasem.jpg,Has Arch,1,train,has_arch/Emamzadeh_Qasem.jpg
TRAIN_03755,"Bazaar_de_Teherán,_Teherán,_Irán,_2016-09-17,_DD_57.jpg",Has Arch,1,train,"has_arch/Bazaar_de_Teherán,_Teherán,_Irán,_2016-09-17,_DD_57.jpg"
TRAIN_03756,Detail_of_the_domed_chamber_brick_and_tile_decoration (1).jpg,Has Arch,1,train,has_arch/Detail_of_the_domed_chamber_brick_and_tile_decoration (1).jpg
TRAIN_03757,"Khan_School_(Shiraz,_Iran)_(28641232666).jpg",No Arch,0,train,"no_arch/Khan_School_(Shiraz,_Iran)_(28641232666).jpg"
TRAIN_03758,قدمگاه_ایلخانیان.jpg,Has Arch,1,train,has_arch/قدمگاه_ایلخانیان.jpg
TRAIN_03759,Shah_Abbasi_Caravanserai_of_Karaj_21.jpg,Has Arch,1,train,has_arch/Shah_Abbasi_Caravanserai_of_Karaj_21.jpg
TRAIN_03760,مسجدامام(شاه)اصفهان-21.jpg,Has Arch,1,train,has_arch/مسجدامام(شاه)اصفهان-21.jpg
TRAIN_03761,Irnt048-Isfahan-Meczet_Piątkowy.jpg,No Arch,0,train,no_arch/Irnt048-Isfahan-Meczet_Piątkowy.jpg
TRAIN_03762,Aria-Sanat-Industrial-Administrative-Project-Nobico-Studio---30000.jpg,No Arch,0,train,no_arch/Aria-Sanat-Industrial-Administrative-Project-Nobico-Studio---30000.jpg
TRAIN_03763,Bazaar_of_Tabriz022.jpg,No Arch,0,train,no_arch/Bazaar_of_Tabriz022.jpg
TRAIN_03764,Masjed_jame_arsanjan.jpg,Has Arch,1,train,has_arch/Masjed_jame_arsanjan.jpg
TRAIN_03765,Dalaki_-_Moshir_bridge_-_panoramio.jpg,Has Arch,1,train,has_arch/Dalaki_-_Moshir_bridge_-_panoramio.jpg
TRAIN_03766,Malek_Mosque_Northern_Eivan.jpg,Has Arch,1,train,has_arch/Malek_Mosque_Northern_Eivan.jpg
TRAIN_03767,پشت_بام_خانه_ملاباشی.jpg,No Arch,0,train,no_arch/پشت_بام_خانه_ملاباشی.jpg
TRAIN_03768,مناره_مسجد_جامع_ساوه.jpg,No Arch,0,train,no_arch/مناره_مسجد_جامع_ساوه.jpg
TRAIN_03769,Kenargerd_Caravanserai_2019-07-10_10.jpg,Has Arch,1,train,has_arch/Kenargerd_Caravanserai_2019-07-10_10.jpg
TRAIN_03770,Allahverdi_Khan_Bridge_4.jpg,Has Arch,1,train,has_arch/Allahverdi_Khan_Bridge_4.jpg
TRAIN_03771,IranIsfahanImamMoschee5.jpg,Has Arch,1,train,has_arch/IranIsfahanImamMoschee5.jpg
TRAIN_03772,Qavam_House_(11993763534).jpg,No Arch,0,train,no_arch/Qavam_House_(11993763534).jpg
TRAIN_03773,عکس_از_مسعود_ادیبان_5 (1).jpg,No Arch,0,train,no_arch/عکس_از_مسعود_ادیبان_5 (1).jpg
TRAIN_03774,Qavam_House_باغ_نارنجستان_قوام_در_شیراز_38.jpg,No Arch,0,train,no_arch/Qavam_House_باغ_نارنجستان_قوام_در_شیراز_38.jpg
TRAIN_03775,2راه_روي_غربي_معين_التجار.jpg,Has Arch,1,train,has_arch/2راه_روي_غربي_معين_التجار.jpg
TRAIN_03776,Qasr_Prison_1.jpg,No Arch,0,train,no_arch/Qasr_Prison_1.jpg
TRAIN_03777,"Bazaar_de_Kerman,_Irán,_2016-09-22,_DD_37.jpg",Has Arch,1,train,"has_arch/Bazaar_de_Kerman,_Irán,_2016-09-22,_DD_37.jpg"
TRAIN_03778,حیات_ورودی.jpg,Has Arch,1,train,has_arch/حیات_ورودی.jpg
TRAIN_03779,بازار_سردار6.jpg,Has Arch,1,train,has_arch/بازار_سردار6.jpg
TRAIN_03780,"Bazaar_de_Teherán,_Teherán,_Irán,_2016-09-17,_DD_46.jpg",Has Arch,1,train,"has_arch/Bazaar_de_Teherán,_Teherán,_Irán,_2016-09-17,_DD_46.jpg"
TRAIN_03781,سایه_های_عصرگاهی.jpg,No Arch,0,train,no_arch/سایه_های_عصرگاهی.jpg
TRAIN_03782,20190130_165219آرامگاه_شاه_نعمت_الله_ولی.jpg,Has Arch,1,train,has_arch/20190130_165219آرامگاه_شاه_نعمت_الله_ولی.jpg
TRAIN_03783,بازار.jpg,Has Arch,1,train,has_arch/بازار.jpg
TRAIN_03784,Caravan_Serai_(49687066637).jpg,Has Arch,1,train,has_arch/Caravan_Serai_(49687066637).jpg
TRAIN_03785,Mosque_damage.jpg,No Arch,0,train,no_arch/Mosque_damage.jpg
TRAIN_03786,دالان_های_مدرسه_شاهرخیه.jpg,No Arch,0,train,no_arch/دالان_های_مدرسه_شاهرخیه.jpg
TRAIN_03787,13775858.jpg,No Arch,0,train,no_arch/13775858.jpg
TRAIN_03788,Khoday_khane_2.jpg,Has Arch,1,train,has_arch/Khoday_khane_2.jpg
TRAIN_03789,Imamzadeh_Abdullah_Shushtar_Darafsh_(53).jpg,No Arch,0,train,no_arch/Imamzadeh_Abdullah_Shushtar_Darafsh_(53).jpg
TRAIN_03790,Zaid_bazar.jpg,Has Arch,1,train,has_arch/Zaid_bazar.jpg
TRAIN_03791,Kenargerd_Caravanserai_2019-07-10_25.jpg,Has Arch,1,train,has_arch/Kenargerd_Caravanserai_2019-07-10_25.jpg
TRAIN_03792,4_Jameh_Mosque_of_Farumad_south_portal.jpg,Has Arch,1,train,has_arch/4_Jameh_Mosque_of_Farumad_south_portal.jpg
TRAIN_03793,Hakim_Mosque_2019-07-28_11.jpg,Has Arch,1,train,has_arch/Hakim_Mosque_2019-07-28_11.jpg
TRAIN_03794,کلیسای_مریم_مقدس_(تهران)-محراب.jpg,Has Arch,1,train,has_arch/کلیسای_مریم_مقدس_(تهران)-محراب.jpg
TRAIN_03795,Mur_et_plafond_de_la_terrasse_d'Ali_Qāpu.jpg,Has Arch,1,train,has_arch/Mur_et_plafond_de_la_terrasse_d'Ali_Qāpu.jpg
TRAIN_03796,Bidkhori_Historic_House_01.jpg,Has Arch,1,train,has_arch/Bidkhori_Historic_House_01.jpg
TRAIN_03797,Ganjali_Khan_Complex_13961227_02.jpg,Has Arch,1,train,has_arch/Ganjali_Khan_Complex_13961227_02.jpg
TRAIN_03798,Ardabil_Bazaar_2020-04-09_05.jpg,Has Arch,1,train,has_arch/Ardabil_Bazaar_2020-04-09_05.jpg
TRAIN_03799,Dehnamak_Caravansary_4.jpg,Has Arch,1,train,has_arch/Dehnamak_Caravansary_4.jpg
TRAIN_03800,Ali_Akbar_Sana'ti_Museum_of_Tehran_MSH_(6).jpg,No Arch,0,train,no_arch/Ali_Akbar_Sana'ti_Museum_of_Tehran_MSH_(6).jpg
TRAIN_03801,قلعه_خویدک.jpg,Has Arch,1,train,has_arch/قلعه_خویدک.jpg
TRAIN_03802,Ghandjali_khan_komplex_._kerman.png,Has Arch,1,train,has_arch/Ghandjali_khan_komplex_._kerman.png
TRAIN_03803,6_Jameh_Mosque_of_Farumad_north_portal.jpg,Has Arch,1,train,has_arch/6_Jameh_Mosque_of_Farumad_north_portal.jpg
TRAIN_03804,Iran_-_Mazandaran_-_Polour_-_Shahi_Bridge.jpg,Has Arch,1,train,has_arch/Iran_-_Mazandaran_-_Polour_-_Shahi_Bridge.jpg
TRAIN_03805,Masjaed_balasar.jpg,Has Arch,1,train,has_arch/Masjaed_balasar.jpg
TRAIN_03806,Alighapu_1._Isfahan.jpg,No Arch,0,train,no_arch/Alighapu_1._Isfahan.jpg
TRAIN_03807,Shah_Mosque_Isfahan_Aarash_(104).jpg,Has Arch,1,train,has_arch/Shah_Mosque_Isfahan_Aarash_(104).jpg
TRAIN_03808,Azna_County_-_Imamzadeh_Qasem_-_Ilkhanid_period.jpg,No Arch,0,train,no_arch/Azna_County_-_Imamzadeh_Qasem_-_Ilkhanid_period.jpg
TRAIN_03809,Tehran_Grand_Bazaar2021_17.jpg,No Arch,0,train,no_arch/Tehran_Grand_Bazaar2021_17.jpg
TRAIN_03810,kafe  khabar_amakene  gardeshgary_esfahan_masjed  aghanor_images.jpg,Has Arch,1,train,has_arch/kafe  khabar_amakene  gardeshgary_esfahan_masjed  aghanor_images.jpg
TRAIN_03811,City-Theater-of-Qazvin-CAOI---30117.jpg,No Arch,0,train,no_arch/City-Theater-of-Qazvin-CAOI---30117.jpg
TRAIN_03812,Abbasid_Caravanseray_of_Nishapur_(Ribati-i-Abbasi_of_Nishapur)_-_Morning_136.jpg,Has Arch,1,train,has_arch/Abbasid_Caravanseray_of_Nishapur_(Ribati-i-Abbasi_of_Nishapur)_-_Morning_136.jpg
TRAIN_03813,مقبره_خواجه_ربیع.jpg,Has Arch,1,train,has_arch/مقبره_خواجه_ربیع.jpg
TRAIN_03814,Ebrahim_Alipoor_(5).jpg,Has Arch,1,train,has_arch/Ebrahim_Alipoor_(5).jpg
TRAIN_03815,گنبد_جبلیه_2.jpg,No Arch,0,train,no_arch/گنبد_جبلیه_2.jpg
TRAIN_03816,جاذبه_های_گردشگری_تاریخی_شهر_زیبای_اصفهان-_پل_خواجوی_اصفهان.jpg,Has Arch,1,train,has_arch/جاذبه_های_گردشگری_تاریخی_شهر_زیبای_اصفهان-_پل_خواجوی_اصفهان.jpg
TRAIN_03817,Joubi_Bridge_Isfahan_Aarash_(4).jpg,Has Arch,1,train,has_arch/Joubi_Bridge_Isfahan_Aarash_(4).jpg
TRAIN_03818,City-Theater-of-Qazvin-CAOI---30122.jpg,No Arch,0,train,no_arch/City-Theater-of-Qazvin-CAOI---30122.jpg
TRAIN_03819,Jame'_Mosque_of_Damghan_2019-04-04_01.jpg,No Arch,0,train,no_arch/Jame'_Mosque_of_Damghan_2019-04-04_01.jpg
TRAIN_03820,Snow_around_Imamzadeh_Hassan_Vaqef.jpg,Has Arch,1,train,has_arch/Snow_around_Imamzadeh_Hassan_Vaqef.jpg
TRAIN_03821,Qaem_Bridge2024-11-07.jpg,Has Arch,1,train,has_arch/Qaem_Bridge2024-11-07.jpg
TRAIN_03822,Kenargerd_Caravanserai_2019-07-10_29.jpg,Has Arch,1,train,has_arch/Kenargerd_Caravanserai_2019-07-10_29.jpg
TRAIN_03823,1399062619121835721222894_کارخانه_سیمان_ری.jpg,No Arch,0,train,no_arch/1399062619121835721222894_کارخانه_سیمان_ری.jpg
TRAIN_03824,Fakhriyeh_School_of_Sabzevar_04.jpg,Has Arch,1,train,has_arch/Fakhriyeh_School_of_Sabzevar_04.jpg
TRAIN_03825,Seh_Kohye_Castle2020_10.jpg,Has Arch,1,train,has_arch/Seh_Kohye_Castle2020_10.jpg
TRAIN_03826,Bethlehem_Church2021_23.jpg,No Arch,0,train,no_arch/Bethlehem_Church2021_23.jpg
TRAIN_03827,میدان_نقش_جهان(32).jpg,Has Arch,1,train,has_arch/میدان_نقش_جهان(32).jpg
TRAIN_03828,کاخ_عالی_قاپو.jpg,No Arch,0,train,no_arch/کاخ_عالی_قاپو.jpg
TRAIN_03829,کاروانسرای_ینگی_امام.jpg,Has Arch,1,train,has_arch/کاروانسرای_ینگی_امام.jpg
TRAIN_03830,Khavidak_old_castle_-_panoramio (1).jpg,No Arch,0,train,no_arch/Khavidak_old_castle_-_panoramio (1).jpg
TRAIN_03831,Sib_and_Suran_Castle.jpg,No Arch,0,train,no_arch/Sib_and_Suran_Castle.jpg
TRAIN_03832,پل_چوبی10.jpg,Has Arch,1,train,has_arch/پل_چوبی10.jpg
TRAIN_03833,Iranian_Foreign_Affaire_Ministry.jpg,No Arch,0,train,no_arch/Iranian_Foreign_Affaire_Ministry.jpg
TRAIN_03834,The_Jameh_mosque_of_Kashan-_Iran_مسجد_جامع_تاریخی_کاشان-_ایران_01.jpg,No Arch,0,train,no_arch/The_Jameh_mosque_of_Kashan-_Iran_مسجد_جامع_تاریخی_کاشان-_ایران_01.jpg
TRAIN_03835,"Isfahán,_Mezquita_del_Shah_(2000)_08.jpg",No Arch,0,train,"no_arch/Isfahán,_Mezquita_del_Shah_(2000)_08.jpg"
TRAIN_03836,Fatima_Masumeh_Shrine_Qom_Iran_Photo_By_Mustafa_Meraji_01.jpg,Has Arch,1,train,has_arch/Fatima_Masumeh_Shrine_Qom_Iran_Photo_By_Mustafa_Meraji_01.jpg
TRAIN_03837,Charsough_6.jpg,Has Arch,1,train,has_arch/Charsough_6.jpg
TRAIN_03838,Itikaf_in_Jameh_Mosque_of_Tehran2023-02-04_2.jpg,Has Arch,1,train,has_arch/Itikaf_in_Jameh_Mosque_of_Tehran2023-02-04_2.jpg
TRAIN_03839,Qazvin_Train_station.jpg,No Arch,0,train,no_arch/Qazvin_Train_station.jpg
TRAIN_03840,Saeb_memorial1.jpg,Has Arch,1,train,has_arch/Saeb_memorial1.jpg
TRAIN_03841,"Jameh_Mosque,_Kerman_03.jpg",Has Arch,1,train,"has_arch/Jameh_Mosque,_Kerman_03.jpg"
TRAIN_03842,Ab_Anbar_(cropped).jpg,No Arch,0,train,no_arch/Ab_Anbar_(cropped).jpg
TRAIN_03843,1399010420070187119971584_تعطیلی_اماکن_تاریخی_و_گردشگری_همدان_در_پی_شیوع_بیماری_کرونا.jpg,Has Arch,1,train,has_arch/1399010420070187119971584_تعطیلی_اماکن_تاریخی_و_گردشگری_همدان_در_پی_شیوع_بیماری_کرونا.jpg
TRAIN_03844,3523437_ARF8258_08.jpg,Has Arch,1,train,has_arch/3523437_ARF8258_08.jpg
TRAIN_03845,"2020-01-07_Iran,_Tehran,_Adrian_Temple_DSC_0257_DxO-1_PS.jpg",No Arch,0,train,"no_arch/2020-01-07_Iran,_Tehran,_Adrian_Temple_DSC_0257_DxO-1_PS.jpg"
TRAIN_03846,Ali_Gholi_Agha_Hammam_13961225_10.jpg,Has Arch,1,train,has_arch/Ali_Gholi_Agha_Hammam_13961225_10.jpg
TRAIN_03847,Ali_Gholi_Agha_Hammam_13961225_19.jpg,Has Arch,1,train,has_arch/Ali_Gholi_Agha_Hammam_13961225_19.jpg
TRAIN_03848,"Kermán,_varios_(2000)_02.jpg",Has Arch,1,train,"has_arch/Kermán,_varios_(2000)_02.jpg"
TRAIN_03849,"Isfahan,_Masjed-e_Shah_30.jpg",Has Arch,1,train,"has_arch/Isfahan,_Masjed-e_Shah_30.jpg"
TRAIN_03850,Avicenna_Mausoleum-picsay.jpg,No Arch,0,train,no_arch/Avicenna_Mausoleum-picsay.jpg
TRAIN_03851,آجرکاری_یک.jpg,Has Arch,1,train,has_arch/آجرکاری_یک.jpg
TRAIN_03852,Kaboud_Dome_Maragheh_02.jpg,No Arch,0,train,no_arch/Kaboud_Dome_Maragheh_02.jpg
TRAIN_03853,کاروان_سرای_کوزه_گران4.jpg,Has Arch,1,train,has_arch/کاروان_سرای_کوزه_گران4.jpg
TRAIN_03854,شبستان_اصلی.jpg,Has Arch,1,train,has_arch/شبستان_اصلی.jpg
TRAIN_03855,Wiki_Loves_Monuments_2018_Iran_-_Yazd_-_Dowlat_Abad_Garden-10.jpg,No Arch,0,train,no_arch/Wiki_Loves_Monuments_2018_Iran_-_Yazd_-_Dowlat_Abad_Garden-10.jpg
TRAIN_03856,Kashan_DSCF8513-2035_(53382470406).jpg,No Arch,0,train,no_arch/Kashan_DSCF8513-2035_(53382470406).jpg
TRAIN_03857,مقبره_الراشد_بالله.jpg,No Arch,0,train,no_arch/مقبره_الراشد_بالله.jpg
TRAIN_03858,مسجد_زیرده_اردکان.jpg,No Arch,0,train,no_arch/مسجد_زیرده_اردکان.jpg
TRAIN_03859,20191106125935_IMG_1473.jpg,No Arch,0,train,no_arch/20191106125935_IMG_1473.jpg
TRAIN_03860,Featured_Image-3.jpg,No Arch,0,train,no_arch/Featured_Image-3.jpg
TRAIN_03861,Abbasid_Caravanseray_of_Nishapur_(Ribati-i-Abbasi_of_Nishapur)_-_Morning_211.jpg,Has Arch,1,train,has_arch/Abbasid_Caravanseray_of_Nishapur_(Ribati-i-Abbasi_of_Nishapur)_-_Morning_211.jpg
TRAIN_03862,مجموعه_گنجعلی_خان_(8).jpg,Has Arch,1,train,has_arch/مجموعه_گنجعلی_خان_(8).jpg
TRAIN_03863,"Khaju_Bridge,_Isfahan_03.jpg",Has Arch,1,train,"has_arch/Khaju_Bridge,_Isfahan_03.jpg"
TRAIN_03864,Qeysarie_Gate_photo1.jpg,Has Arch,1,train,has_arch/Qeysarie_Gate_photo1.jpg
TRAIN_03865,خانه_عباسی_ها_-کاشان-The_Abbasi_House-kashan_12.jpg,Has Arch,1,train,has_arch/خانه_عباسی_ها_-کاشان-The_Abbasi_House-kashan_12.jpg
TRAIN_03866,Narenjestan_e_Ghavam_(18887554682).jpg,No Arch,0,train,no_arch/Narenjestan_e_Ghavam_(18887554682).jpg
TRAIN_03867,Ardabil_bazaar_2020-03-12_01.jpg,Has Arch,1,train,has_arch/Ardabil_bazaar_2020-03-12_01.jpg
TRAIN_03868,بازار_زیبای_نائین.jpg,Has Arch,1,train,has_arch/بازار_زیبای_نائین.jpg
TRAIN_03869,Miandasht_Caravanserai2023-07-31_5.jpg,No Arch,0,train,no_arch/Miandasht_Caravanserai2023-07-31_5.jpg
TRAIN_03870,Ardabil_Bazaar_2020-04-09_15.jpg,Has Arch,1,train,has_arch/Ardabil_Bazaar_2020-04-09_15.jpg
TRAIN_03871,IranIsfahanFreitagsM5.jpg,Has Arch,1,train,has_arch/IranIsfahanFreitagsM5.jpg
TRAIN_03872,Pərvin_Etisaminin_evi_(16).jpg,No Arch,0,train,no_arch/Pərvin_Etisaminin_evi_(16).jpg
TRAIN_03873,در_ورودی_مسجد_جامع_قصبه_شهر_گناباد.jpg,No Arch,0,train,no_arch/در_ورودی_مسجد_جامع_قصبه_شهر_گناباد.jpg
TRAIN_03874,Qeysarie_Gate_photo.jpg,Has Arch,1,train,has_arch/Qeysarie_Gate_photo.jpg
TRAIN_03875,Shah_Abbasi_Karvansary_2.jpg,Has Arch,1,train,has_arch/Shah_Abbasi_Karvansary_2.jpg
TRAIN_03876,امامزاده_علی_بن_جعفر_قم_05.jpg,Has Arch,1,train,has_arch/امامزاده_علی_بن_جعفر_قم_05.jpg
TRAIN_03877,مناره_مسجد_جامع_ساوه_از_بصورت_تک.jpg,No Arch,0,train,no_arch/مناره_مسجد_جامع_ساوه_از_بصورت_تک.jpg
TRAIN_03878,Temple_of_Hindus.jpg,Has Arch,1,train,has_arch/Temple_of_Hindus.jpg
TRAIN_03879,Bagh-e_Dolat_Abad_persian_garden_pavilion_(20476245613).jpg,No Arch,0,train,no_arch/Bagh-e_Dolat_Abad_persian_garden_pavilion_(20476245613).jpg
TRAIN_03880,1396041020154430011279994_خیابان_سپه.jpg,No Arch,0,train,no_arch/1396041020154430011279994_خیابان_سپه.jpg
TRAIN_03881,13عمارت_شاپوری_شیراز.jpg,No Arch,0,train,no_arch/13عمارت_شاپوری_شیراز.jpg
TRAIN_03882,AbuZeidAbad_Caravanserai_4.jpg,Has Arch,1,train,has_arch/AbuZeidAbad_Caravanserai_4.jpg
TRAIN_03883,Miandasht_Caravanserai2023-07-31_30.jpg,No Arch,0,train,no_arch/Miandasht_Caravanserai2023-07-31_30.jpg
TRAIN_03884,Qazvin_Bazar-2.jpg,Has Arch,1,train,has_arch/Qazvin_Bazar-2.jpg
TRAIN_03885,Kenargerd_Caravanserai_2019-07-10_14.jpg,Has Arch,1,train,has_arch/Kenargerd_Caravanserai_2019-07-10_14.jpg
TRAIN_03886,Ali-Qapu_13920419_(7).jpg,Has Arch,1,train,has_arch/Ali-Qapu_13920419_(7).jpg
TRAIN_03887,People_of_Qom_province_01_شهر_قم،_ورودی_مدرسه_فیضیه.jpg,Has Arch,1,train,has_arch/People_of_Qom_province_01_شهر_قم،_ورودی_مدرسه_فیضیه.jpg
TRAIN_03888,IMG_.9134_(1600x1200).jpg,No Arch,0,train,no_arch/IMG_.9134_(1600x1200).jpg
TRAIN_03889,Maryamabad_New_Ab_Anbar_2.jpg,No Arch,0,train,no_arch/Maryamabad_New_Ab_Anbar_2.jpg
TRAIN_03890,Tomb_of_Ostad_and_Shagerd_1.jpg,No Arch,0,train,no_arch/Tomb_of_Ostad_and_Shagerd_1.jpg
TRAIN_03891,داخلی_موزه.jpg,Has Arch,1,train,has_arch/داخلی_موزه.jpg
TRAIN_03892,Jome-mecide4.jpg,Has Arch,1,train,has_arch/Jome-mecide4.jpg
TRAIN_03893,مسجد_جامع_عتیق_شیراز_ایران-Atigh_Jame'_Mosque_shiraz_iran_03.jpg,Has Arch,1,train,has_arch/مسجد_جامع_عتیق_شیراز_ایران-Atigh_Jame'_Mosque_shiraz_iran_03.jpg
TRAIN_03894,Old_Reservoir_in_Aradan_-_Garmsar_-_panoramio.jpg,Has Arch,1,train,has_arch/Old_Reservoir_in_Aradan_-_Garmsar_-_panoramio.jpg
TRAIN_03895,Shesh_Nav_1 (1).jpg,Has Arch,1,train,has_arch/Shesh_Nav_1 (1).jpg
TRAIN_03896,Ali_Mosque_and_its_minaret-Esfahan_(3).jpg,Has Arch,1,train,has_arch/Ali_Mosque_and_its_minaret-Esfahan_(3).jpg
TRAIN_03897,حمام_جولان_همدان_2.jpg,No Arch,0,train,no_arch/حمام_جولان_همدان_2.jpg
TRAIN_03898,حانه_تیمورتاش_-_تهران،_شمال_غرب_پادگان_باغشاه_سابق،_داخل_محوطه_دانشگاه_فرماندهی_و_ستاد_(37).jpg,No Arch,0,train,no_arch/حانه_تیمورتاش_-_تهران،_شمال_غرب_پادگان_باغشاه_سابق،_داخل_محوطه_دانشگاه_فرماندهی_و_ستاد_(37).jpg
TRAIN_03899,"Courtyard,_chambers_and_iwan.jpg",Has Arch,1,train,"has_arch/Courtyard,_chambers_and_iwan.jpg"
TRAIN_03900,خرانق_02+.jpg,No Arch,0,train,no_arch/خرانق_02+.jpg
TRAIN_03901,Hoze_ganjaali_khan_bath2_copy (1).jpg,Has Arch,1,train,has_arch/Hoze_ganjaali_khan_bath2_copy (1).jpg
TRAIN_03902,Iran_monument_85_-_کلیسای_سن_سور-_وانک_1221.jpg,No Arch,0,train,no_arch/Iran_monument_85_-_کلیسای_سن_سور-_وانک_1221.jpg
TRAIN_03903,Irnr137-Isfahan-w_Ali_Qapu_Palace.jpg,Has Arch,1,train,has_arch/Irnr137-Isfahan-w_Ali_Qapu_Palace.jpg
TRAIN_03904,Sheykh_Bastami_Mosque_1.jpg,No Arch,0,train,no_arch/Sheykh_Bastami_Mosque_1.jpg
TRAIN_03905,Deyr_Gachin_Caravansary_by_Mardetanha_(1)_50.jpg,Has Arch,1,train,has_arch/Deyr_Gachin_Caravansary_by_Mardetanha_(1)_50.jpg
TRAIN_03906,Charsough_7.jpg,No Arch,0,train,no_arch/Charsough_7.jpg
TRAIN_03907,Cinema_Karun.jpg,No Arch,0,train,no_arch/Cinema_Karun.jpg
TRAIN_03908,کارخانه_ریسمان_ریسی_نساجی_پارس_02.jpg,No Arch,0,train,no_arch/کارخانه_ریسمان_ریسی_نساجی_پارس_02.jpg
TRAIN_03909,Chartaghi_2.jpg,Has Arch,1,train,has_arch/Chartaghi_2.jpg
TRAIN_03910,Amin_al-Tojar-3_Caravanserai2021_2.jpg,Has Arch,1,train,has_arch/Amin_al-Tojar-3_Caravanserai2021_2.jpg
TRAIN_03911,Mahdi11hashemi11.jpg,Has Arch,1,train,has_arch/Mahdi11hashemi11.jpg
TRAIN_03912,Door_of_Mehrpadin.jpg,Has Arch,1,train,has_arch/Door_of_Mehrpadin.jpg
TRAIN_03913,Bazaro_en_Tabrizo_(Irano)_003.jpg,Has Arch,1,train,has_arch/Bazaro_en_Tabrizo_(Irano)_003.jpg
TRAIN_03914,Meybod_Caravanserai2023-03-23_10.jpg,No Arch,0,train,no_arch/Meybod_Caravanserai2023-03-23_10.jpg
TRAIN_03915,Ali_Qapoo_-11.jpg,Has Arch,1,train,has_arch/Ali_Qapoo_-11.jpg
TRAIN_03916,۲بی_بی_دخترون.jpg,Has Arch,1,train,has_arch/۲بی_بی_دخترون.jpg
TRAIN_03917,Fazeli1.jpg,No Arch,0,train,no_arch/Fazeli1.jpg
TRAIN_03918,Payagene-Daroo-Kooshk-Design-Studio-CAOI--3822.jpg,No Arch,0,train,no_arch/Payagene-Daroo-Kooshk-Design-Studio-CAOI--3822.jpg
TRAIN_03919,Madresyekhaan_(7).jpg,Has Arch,1,train,has_arch/Madresyekhaan_(7).jpg
TRAIN_03920,Shaman_Castle_20190328_05.jpg,No Arch,0,train,no_arch/Shaman_Castle_20190328_05.jpg
TRAIN_03921,"CH-NB_-_Persien,_Babol-_Gebäude_-_Annemarie_Schwarzenbach_-_SLA-Schwarzenbach-A-5-06-079.jpg",Has Arch,1,train,"has_arch/CH-NB_-_Persien,_Babol-_Gebäude_-_Annemarie_Schwarzenbach_-_SLA-Schwarzenbach-A-5-06-079.jpg"
TRAIN_03922,feature_-_pic10_copy-1.jpg,No Arch,0,train,no_arch/feature_-_pic10_copy-1.jpg
TRAIN_03923,A_tourist_lady_in_Jameh_Mosque_of_Isfahan.jpg,Has Arch,1,train,has_arch/A_tourist_lady_in_Jameh_Mosque_of_Isfahan.jpg
TRAIN_03924,20200917_150923_HDR.jpg,No Arch,0,train,no_arch/20200917_150923_HDR.jpg
TRAIN_03925,"Narin_Citadel_of_Meybod_(Narin_Ghale),_Meybod,_Yazd,_Iran_(نارین_قلعه_میبد)_-_panoramio.jpg",Has Arch,1,train,"has_arch/Narin_Citadel_of_Meybod_(Narin_Ghale),_Meybod,_Yazd,_Iran_(نارین_قلعه_میبد)_-_panoramio.jpg"
TRAIN_03926,نمای_بیرونی_از_مسجد_جامع_اردستان_در_بهار.jpg,No Arch,0,train,no_arch/نمای_بیرونی_از_مسجد_جامع_اردستان_در_بهار.jpg
TRAIN_03927,Dakhel.jpg,No Arch,0,train,no_arch/Dakhel.jpg
TRAIN_03928,Roofed_Bazaar_of_nishapur_(3).jpg,Has Arch,1,train,has_arch/Roofed_Bazaar_of_nishapur_(3).jpg
TRAIN_03929,Habaghough.jpg,No Arch,0,train,no_arch/Habaghough.jpg
TRAIN_03930,بازار_نایین1.jpg,Has Arch,1,train,has_arch/بازار_نایین1.jpg
TRAIN_03931,مسجد_جامع_نیریز.jpg,Has Arch,1,train,has_arch/مسجد_جامع_نیریز.jpg
TRAIN_03932,Koohravan-villa-Damavand-Hypertext-Architecture-Studio---28842.jpg,No Arch,0,train,no_arch/Koohravan-villa-Damavand-Hypertext-Architecture-Studio---28842.jpg
TRAIN_03933,png۲۰۱۷۱۱۰۸_۱۷۰۷۱۱-01.jpg,Has Arch,1,train,has_arch/png۲۰۱۷۱۱۰۸_۱۷۰۷۱۱-01.jpg
TRAIN_03934,Grand_Timcheh_of_Qom_2007_and_2009_Photographer_Mostafa_Meraji_16.jpg,Has Arch,1,train,has_arch/Grand_Timcheh_of_Qom_2007_and_2009_Photographer_Mostafa_Meraji_16.jpg
TRAIN_03935,1962_Isphahan_(2467735907).jpg,Has Arch,1,train,has_arch/1962_Isphahan_(2467735907).jpg
TRAIN_03936,Shah_Mosque_Isfahan_Aarash_(118).jpg,Has Arch,1,train,has_arch/Shah_Mosque_Isfahan_Aarash_(118).jpg
TRAIN_03937,Mazraeh-ye_Jamshid_Ab_Anbar_2.jpg,Has Arch,1,train,has_arch/Mazraeh-ye_Jamshid_Ab_Anbar_2.jpg
TRAIN_03938,مسجد_زیرده1.jpg,No Arch,0,train,no_arch/مسجد_زیرده1.jpg
TRAIN_03939,Shah_Abbasi_Caravanserai_of_Bisotun2021_10.jpg,Has Arch,1,train,has_arch/Shah_Abbasi_Caravanserai_of_Bisotun2021_10.jpg
TRAIN_03940,هفت_برکه.jpg,Has Arch,1,train,has_arch/هفت_برکه.jpg
TRAIN_03941,Jameh_Mosque_of_Gorgan_13970530_27.jpg,No Arch,0,train,no_arch/Jameh_Mosque_of_Gorgan_13970530_27.jpg
TRAIN_03942,Tabriz_Bazaar_2020-01-04_05.jpg,No Arch,0,train,no_arch/Tabriz_Bazaar_2020-01-04_05.jpg
TRAIN_03943,Pour-Ashraf_Fort_03.jpg,No Arch,0,train,no_arch/Pour-Ashraf_Fort_03.jpg
TRAIN_03944,DSC_0122_(NXPowerLite)_(1600x1200).jpg,Has Arch,1,train,has_arch/DSC_0122_(NXPowerLite)_(1600x1200).jpg
TRAIN_03945,Hosseiniyeh_Imam_Musa_al-Kadhem_-_Kashmar.jpg,No Arch,0,train,no_arch/Hosseiniyeh_Imam_Musa_al-Kadhem_-_Kashmar.jpg
TRAIN_03946,(Shah_-_Emam)_Reza_1.jpg,No Arch,0,train,no_arch/(Shah_-_Emam)_Reza_1.jpg
TRAIN_03947,بازار_آصف-عطار_فروشی.jpg,Has Arch,1,train,has_arch/بازار_آصف-عطار_فروشی.jpg
TRAIN_03948,Mohammadieh002.jpg,Has Arch,1,train,has_arch/Mohammadieh002.jpg
TRAIN_03949,Kenargerd_Caravanserai_2019-07-10_02.jpg,Has Arch,1,train,has_arch/Kenargerd_Caravanserai_2019-07-10_02.jpg
TRAIN_03950,Shah-abasi.jpg,Has Arch,1,train,has_arch/Shah-abasi.jpg
TRAIN_03951,نمای_بسیار_زیبای_دبیرستان_انوشیروان_دادگر.jpg,No Arch,0,train,no_arch/نمای_بسیار_زیبای_دبیرستان_انوشیروان_دادگر.jpg
TRAIN_03952,Iran_Ministry_of_Foreign_Affairs_building.jpg,No Arch,0,train,no_arch/Iran_Ministry_of_Foreign_Affairs_building.jpg
TRAIN_03953,7_Jameh_Mosque_of_Farumad.jpg,Has Arch,1,train,has_arch/7_Jameh_Mosque_of_Farumad.jpg
TRAIN_03954,Bafte_ghadime_yazd_(123).jpg,No Arch,0,train,no_arch/Bafte_ghadime_yazd_(123).jpg
TRAIN_03955,امامزاده_هارون_(22).jpg,Has Arch,1,train,has_arch/امامزاده_هارون_(22).jpg
TRAIN_03956,وکیل_شیراز_1_(4).jpg,Has Arch,1,train,has_arch/وکیل_شیراز_1_(4).jpg
TRAIN_03957,Adrian_temple_معبد_آدریان_2.jpg,No Arch,0,train,no_arch/Adrian_temple_معبد_آدریان_2.jpg
TRAIN_03958,Dehnamak_Caravanserai_20190618_08.jpg,Has Arch,1,train,has_arch/Dehnamak_Caravanserai_20190618_08.jpg
TRAIN_03959,34کاروانسرای_چاله_سیاه.jpg,Has Arch,1,train,has_arch/34کاروانسرای_چاله_سیاه.jpg
TRAIN_03960,یکی_از_ورودی_های_کاروانسرا.jpg,Has Arch,1,train,has_arch/یکی_از_ورودی_های_کاروانسرا.jpg
TRAIN_03961,Tourism_Inn.jpg,Has Arch,1,train,has_arch/Tourism_Inn.jpg
TRAIN_03962,Ali_Mosque_(Nushabad).jpg,No Arch,0,train,no_arch/Ali_Mosque_(Nushabad).jpg
TRAIN_03963,Saraye_moshir_shiraz.jpg,Has Arch,1,train,has_arch/Saraye_moshir_shiraz.jpg
TRAIN_03964,MIZANI3.jpg,No Arch,0,train,no_arch/MIZANI3.jpg
TRAIN_03965,"Nasir_Al-Molk_Mosque,_Shiraz_(Mosque_of_Colors).jpg",Has Arch,1,train,"has_arch/Nasir_Al-Molk_Mosque,_Shiraz_(Mosque_of_Colors).jpg"
TRAIN_03966,فضای_داخلی_نمازخانه_ی_چوپان،معنویت_ساده_و_پاک_و_خودمانی.jpg,Has Arch,1,train,has_arch/فضای_داخلی_نمازخانه_ی_چوپان،معنویت_ساده_و_پاک_و_خودمانی.jpg
TRAIN_03967,"Negarestan_Garden,_Tehran,_Iran.jpg",No Arch,0,train,"no_arch/Negarestan_Garden,_Tehran,_Iran.jpg"
TRAIN_03968,Masjed_jame_yazd_(15).jpg,Has Arch,1,train,has_arch/Masjed_jame_yazd_(15).jpg
TRAIN_03969,کاروانسرای_باغ_شیخ۱۰.jpg,Has Arch,1,train,has_arch/کاروانسرای_باغ_شیخ۱۰.jpg
TRAIN_03970,Dayr-e_Gachin2022-02-26_25.jpg,Has Arch,1,train,has_arch/Dayr-e_Gachin2022-02-26_25.jpg
TRAIN_03971,Fatima_Masumeh_Shrine_Qom_City_Iran_Photographer_Mostafa_Meraji_09.jpg,Has Arch,1,train,has_arch/Fatima_Masumeh_Shrine_Qom_City_Iran_Photographer_Mostafa_Meraji_09.jpg
TRAIN_03972,Timurid_Mausoleum_(8906011289).jpg,Has Arch,1,train,has_arch/Timurid_Mausoleum_(8906011289).jpg
TRAIN_03973,Fazeli12.jpg,No Arch,0,train,no_arch/Fazeli12.jpg
TRAIN_03974,آجرکاری_دو.jpg,No Arch,0,train,no_arch/آجرکاری_دو.jpg
TRAIN_03975,Tabriz_Bazaar_2020-01-04_01.jpg,Has Arch,1,train,has_arch/Tabriz_Bazaar_2020-01-04_01.jpg
TRAIN_03976,Tehran_Opera.jpg,No Arch,0,train,no_arch/Tehran_Opera.jpg
TRAIN_03977,Abbasid_Caravanseray_of_Nishapur_(Ribati-i-Abbasi_of_Nishapur)_-_Morning_004.jpg,No Arch,0,train,no_arch/Abbasid_Caravanseray_of_Nishapur_(Ribati-i-Abbasi_of_Nishapur)_-_Morning_004.jpg
TRAIN_03978,کاروانسرای_شاه_عباسی_ری.jpg,Has Arch,1,train,has_arch/کاروانسرای_شاه_عباسی_ری.jpg
TRAIN_03979,"Taj-al_Molk_Dome,_Jameh_Mosque,_Esfahan.jpg",No Arch,0,train,"no_arch/Taj-al_Molk_Dome,_Jameh_Mosque,_Esfahan.jpg"
TRAIN_03980,کاروانسرای_شاه_عباسی_شهر_میبد.jpg,Has Arch,1,train,has_arch/کاروانسرای_شاه_عباسی_شهر_میبد.jpg
TRAIN_03981,بقعه_امامزاده_اسماعیل.jpg,Has Arch,1,train,has_arch/بقعه_امامزاده_اسماعیل.jpg
TRAIN_03982,Miandasht_Caravanserai2023-07-31_19.jpg,No Arch,0,train,no_arch/Miandasht_Caravanserai2023-07-31_19.jpg
TRAIN_03983,2011_Main_street_in_Hamoomchaal_Tehran_6140201470_by_Kamyar_Adl.jpg,No Arch,0,train,no_arch/2011_Main_street_in_Hamoomchaal_Tehran_6140201470_by_Kamyar_Adl.jpg
TRAIN_03984,Kenargerd_Caravanserai_by_Mardetanha_(1)_38.jpg,Has Arch,1,train,has_arch/Kenargerd_Caravanserai_by_Mardetanha_(1)_38.jpg
TRAIN_03985,20180316_175722Ganjali_Khan_Complex.jpg,Has Arch,1,train,has_arch/20180316_175722Ganjali_Khan_Complex.jpg
TRAIN_03986,Shah_Mosque_Isfahan_Aarash_(103).jpg,Has Arch,1,train,has_arch/Shah_Mosque_Isfahan_Aarash_(103).jpg
TRAIN_03987,Roofed_Bazaar_of_Nishapur_(Bazaar_e_Sarpushideh-souq)_24.jpg,No Arch,0,train,no_arch/Roofed_Bazaar_of_Nishapur_(Bazaar_e_Sarpushideh-souq)_24.jpg
TRAIN_03988,Haroniyeh_(11)_(پنجره_گلی_قدیمی،_بقعه_هارونیه_در_مشهد).jpg,No Arch,0,train,no_arch/Haroniyeh_(11)_(پنجره_گلی_قدیمی،_بقعه_هارونیه_در_مشهد).jpg
TRAIN_03989,ToranPosh-G-DavoodGholami.jpg,No Arch,0,train,no_arch/ToranPosh-G-DavoodGholami.jpg
TRAIN_03990,Khaju_Bridge_Isfahan_Aarash_(16).jpg,Has Arch,1,train,has_arch/Khaju_Bridge_Isfahan_Aarash_(16).jpg
TRAIN_03991,Kashkool_Collapse.jpg,Has Arch,1,train,has_arch/Kashkool_Collapse.jpg
TRAIN_03992,Jama_Masjid_Isfahan_Aarash_(146).jpg,Has Arch,1,train,has_arch/Jama_Masjid_Isfahan_Aarash_(146).jpg
TRAIN_03993,تصویر_فضای_داخلی_آتشکده_آذرخش.jpg,Has Arch,1,train,has_arch/تصویر_فضای_داخلی_آتشکده_آذرخش.jpg
TRAIN_03994,میبد_کاروانسرا.jpg,No Arch,0,train,no_arch/میبد_کاروانسرا.jpg
TRAIN_03995,Shah_Mosque_Isfahan_Aarash_(224).jpg,Has Arch,1,train,has_arch/Shah_Mosque_Isfahan_Aarash_(224).jpg
TRAIN_03996,Arg_of_Karim_Khan_(22).jpg,No Arch,0,train,no_arch/Arg_of_Karim_Khan_(22).jpg
TRAIN_03997,201312_iran_Shiraz_08_(12475252403).jpg,Has Arch,1,train,has_arch/201312_iran_Shiraz_08_(12475252403).jpg
TRAIN_03998,Chehel_Sotoun_building.jpg,Has Arch,1,train,has_arch/Chehel_Sotoun_building.jpg
TRAIN_03999,"Golshan_Caravanserai,_Kerman_01.jpg",Has Arch,1,train,"has_arch/Golshan_Caravanserai,_Kerman_01.jpg"
TRAIN_04000,Sa’dieh_2.jpg,No Arch,0,train,no_arch/Sa’dieh_2.jpg
TRAIN_04001,Mohsen-salari_(6).jpg,Has Arch,1,train,has_arch/Mohsen-salari_(6).jpg
TRAIN_04002,MohammadAbad_Stony_Caravansary_13970419_04.jpg,Has Arch,1,train,has_arch/MohammadAbad_Stony_Caravansary_13970419_04.jpg
TRAIN_04003,Shah_Abbasi_Caravanserai_of_Bisotun2021_15.jpg,Has Arch,1,train,has_arch/Shah_Abbasi_Caravanserai_of_Bisotun2021_15.jpg
TRAIN_04004,Elmi_House2022-01-24_8.jpg,No Arch,0,train,no_arch/Elmi_House2022-01-24_8.jpg
TRAIN_04005,Attractions-around-Dardash-bath-Isfahan.jpg,Has Arch,1,train,has_arch/Attractions-around-Dardash-bath-Isfahan.jpg
TRAIN_04006,Pir_Bakran_mausoleum_(3).jpg,Has Arch,1,train,has_arch/Pir_Bakran_mausoleum_(3).jpg
TRAIN_04007,13390-خانه_مهربان.jpg,No Arch,0,train,no_arch/13390-خانه_مهربان.jpg
TRAIN_04008,Golestan_Palace_Album_No._199-29.jpg,Has Arch,1,train,has_arch/Golestan_Palace_Album_No._199-29.jpg
TRAIN_04009,Mausoleum_of_Sheikh_Ala_ud-Daula_Simnani_2020-04-06_04.jpg,Has Arch,1,train,has_arch/Mausoleum_of_Sheikh_Ala_ud-Daula_Simnani_2020-04-06_04.jpg
TRAIN_04010,مقبره_چلپي_اوغلو_از_بيرون.jpg,No Arch,0,train,no_arch/مقبره_چلپي_اوغلو_از_بيرون.jpg
TRAIN_04011,Ardabil_Bazaar_2020-04-09_22.jpg,Has Arch,1,train,has_arch/Ardabil_Bazaar_2020-04-09_22.jpg
TRAIN_04012,Teimoori_Hall_interior.jpg,Has Arch,1,train,has_arch/Teimoori_Hall_interior.jpg
TRAIN_04013,Bisetoon_Karvansaray.jpg,Has Arch,1,train,has_arch/Bisetoon_Karvansaray.jpg
TRAIN_04014,Historical_texture_of_Oudlajan_neighborhood5.jpg,No Arch,0,train,no_arch/Historical_texture_of_Oudlajan_neighborhood5.jpg
TRAIN_04015,Nimavard_Madrasa.jpg,No Arch,0,train,no_arch/Nimavard_Madrasa.jpg
TRAIN_04016,نمای_مناره_از_خیابان.jpg,No Arch,0,train,no_arch/نمای_مناره_از_خیابان.jpg
TRAIN_04017,"Casa_histórica_de_Boroujerdi,_Kashan,_Irán,_2016-09-19,_DD_32.jpg",No Arch,0,train,"no_arch/Casa_histórica_de_Boroujerdi,_Kashan,_Irán,_2016-09-19,_DD_32.jpg"
TRAIN_04018,جاپلق_امامزاده_قاسم.jpg,No Arch,0,train,no_arch/جاپلق_امامزاده_قاسم.jpg
TRAIN_04019,بازار_تهران_VII.jpg,Has Arch,1,train,has_arch/بازار_تهران_VII.jpg
TRAIN_04020,نمای_جلوی_کاروانسرا.jpg,Has Arch,1,train,has_arch/نمای_جلوی_کاروانسرا.jpg
TRAIN_04021,Ganjali_Khan_Complex_13961227_11.jpg,Has Arch,1,train,has_arch/Ganjali_Khan_Complex_13961227_11.jpg
TRAIN_04022,Screenshot (750).png,Has Arch,1,train,has_arch/Screenshot (750).png
TRAIN_04023,DSC_1107_copy.jpg,No Arch,0,train,no_arch/DSC_1107_copy.jpg
TRAIN_04024,Fakhr_al-Dawla_mosque_7.jpg,Has Arch,1,train,has_arch/Fakhr_al-Dawla_mosque_7.jpg
TRAIN_04025,میدان_گنجعلیخان.jpg,Has Arch,1,train,has_arch/میدان_گنجعلیخان.jpg
TRAIN_04026,"Kermán,_Vakil_Hammam_(2000)_12.jpg",Has Arch,1,train,"has_arch/Kermán,_Vakil_Hammam_(2000)_12.jpg"
TRAIN_04027,Near_of_Amir_Chakhmaq.jpg,Has Arch,1,train,has_arch/Near_of_Amir_Chakhmaq.jpg
TRAIN_04028,Kashan_Bazaar_roof_panorama.jpg,No Arch,0,train,no_arch/Kashan_Bazaar_roof_panorama.jpg
TRAIN_04029,Qavam_House_باغ_نارنجستان_قوام_در_شیراز_29.jpg,No Arch,0,train,no_arch/Qavam_House_باغ_نارنجستان_قوام_در_شیراز_29.jpg
TRAIN_04030,The_Jameh_mosque_of_Kashan-_Iran_مسجد_جامع_تاریخی_کاشان-_ایران_04 (1).jpg,Has Arch,1,train,has_arch/The_Jameh_mosque_of_Kashan-_Iran_مسجد_جامع_تاریخی_کاشان-_ایران_04 (1).jpg
TRAIN_04031,مقزنس_کاری_های_ورودی.jpg,Has Arch,1,train,has_arch/مقزنس_کاری_های_ورودی.jpg
TRAIN_04032,KhiabaniHouse_(6).jpg,Has Arch,1,train,has_arch/KhiabaniHouse_(6).jpg
TRAIN_04033,"Abbasian_Historical_House2,_late_18th_century,_Kashan_-_03-26-2013.jpg",Has Arch,1,train,"has_arch/Abbasian_Historical_House2,_late_18th_century,_Kashan_-_03-26-2013.jpg"
TRAIN_04034,Ali_mosque.jpg,No Arch,0,train,no_arch/Ali_mosque.jpg
TRAIN_04035,University_of_Tehran_Resturant_0521.jpg,No Arch,0,train,no_arch/University_of_Tehran_Resturant_0521.jpg
TRAIN_04036,Abbasid_Caravanseray_of_Nishapur_(Ribati-i-Abbasi_of_Nishapur)_-_Morning_090.jpg,Has Arch,1,train,has_arch/Abbasid_Caravanseray_of_Nishapur_(Ribati-i-Abbasi_of_Nishapur)_-_Morning_090.jpg
TRAIN_04037,تصویری_زیبا_از_انبار_حاج_آقا_رضا_جهرم.jpg,No Arch,0,train,no_arch/تصویری_زیبا_از_انبار_حاج_آقا_رضا_جهرم.jpg
TRAIN_04038,Hammame_qajar.jpg,Has Arch,1,train,has_arch/Hammame_qajar.jpg
TRAIN_04039,Russian_Caravanserai_of_Sabzevar_02.jpg,Has Arch,1,train,has_arch/Russian_Caravanserai_of_Sabzevar_02.jpg
TRAIN_04040,Kashmar2021-09-01_4.jpg,No Arch,0,train,no_arch/Kashmar2021-09-01_4.jpg
TRAIN_04041,9-Khaju-Bridge-Alireza-Okhovat-2800.jpg,Has Arch,1,train,has_arch/9-Khaju-Bridge-Alireza-Okhovat-2800.jpg
TRAIN_04042,Mihrab_(Prayer_Niche)_MET_DT473.jpg,No Arch,0,train,no_arch/Mihrab_(Prayer_Niche)_MET_DT473.jpg
TRAIN_04043,Bazaar_of_Tabriz09.jpg,No Arch,0,train,no_arch/Bazaar_of_Tabriz09.jpg
TRAIN_04044,Mohammad_Moin_house_in_Tehran_7341.jpg,Has Arch,1,train,has_arch/Mohammad_Moin_house_in_Tehran_7341.jpg
TRAIN_04045,سقاخانه_گذر_قلی.jpg,No Arch,0,train,no_arch/سقاخانه_گذر_قلی.jpg
TRAIN_04046,1655_حمام_کردشت.jpg,No Arch,0,train,no_arch/1655_حمام_کردشت.jpg
TRAIN_04047,سردر_کتابخانه.jpg,Has Arch,1,train,has_arch/سردر_کتابخانه.jpg
TRAIN_04048,Mohammad_Abad_stony_caravanserai_2020-05-31_09.jpg,Has Arch,1,train,has_arch/Mohammad_Abad_stony_caravanserai_2020-05-31_09.jpg
TRAIN_04049,"Interior_of_Blue_(Kabud)_Mosque_-_1,_Tabriz,_Iran.jpg",Has Arch,1,train,"has_arch/Interior_of_Blue_(Kabud)_Mosque_-_1,_Tabriz,_Iran.jpg"
TRAIN_04050,Jame'_Mosque_of_Damghan_2019-04-04_11.jpg,Has Arch,1,train,has_arch/Jame'_Mosque_of_Damghan_2019-04-04_11.jpg
TRAIN_04051,بهار_1398_دامغان.jpg,No Arch,0,train,no_arch/بهار_1398_دامغان.jpg
TRAIN_04052,295A7304.jpg,Has Arch,1,train,has_arch/295A7304.jpg
TRAIN_04053,Abbasid_Caravanseray_of_Nishapur_(Ribati-i-Abbasi_of_Nishapur)_-_Morning_033.jpg,Has Arch,1,train,has_arch/Abbasid_Caravanseray_of_Nishapur_(Ribati-i-Abbasi_of_Nishapur)_-_Morning_033.jpg
TRAIN_04054,Ganjali_Khan_Bathhouse_02.jpg,Has Arch,1,train,has_arch/Ganjali_Khan_Bathhouse_02.jpg
TRAIN_04055,Kashmar2023-12-09_(cropped).jpg,No Arch,0,train,no_arch/Kashmar2023-12-09_(cropped).jpg
TRAIN_04056,Screenshot (744).png,Has Arch,1,train,has_arch/Screenshot (744).png
TRAIN_04057,Bafte_ghadime_yazd_(76).jpg,No Arch,0,train,no_arch/Bafte_ghadime_yazd_(76).jpg
TRAIN_04058,Khavidak_old_castle.jpg,No Arch,0,train,no_arch/Khavidak_old_castle.jpg
TRAIN_04059,"Jahāngir_Hall,_Iran,_monument_12097_(6).jpg",Has Arch,1,train,"has_arch/Jahāngir_Hall,_Iran,_monument_12097_(6).jpg"
TRAIN_04060,Blue_Dome_Mosque_(cropped).jpg,Has Arch,1,train,has_arch/Blue_Dome_Mosque_(cropped).jpg
TRAIN_04061,"Sheikh_Bastami_Mosque_(Bastam,_Semnan)_-_12.jpg",Has Arch,1,train,"has_arch/Sheikh_Bastami_Mosque_(Bastam,_Semnan)_-_12.jpg"
TRAIN_04062,Sangdeh-villa-Mazandaran-AsNow-Design-and-Construct---27444.jpg,No Arch,0,train,no_arch/Sangdeh-villa-Mazandaran-AsNow-Design-and-Construct---27444.jpg
TRAIN_04063,Chupan_church3.jpg,Has Arch,1,train,has_arch/Chupan_church3.jpg
TRAIN_04064,مدرسه_گنجعلیخان_کاروان_سرای_گنجعلی_(3).jpg,No Arch,0,train,no_arch/مدرسه_گنجعلیخان_کاروان_سرای_گنجعلی_(3).jpg
TRAIN_04065,Ali_Mosque_and_its_minaret-Esfahan_(1).jpg,Has Arch,1,train,has_arch/Ali_Mosque_and_its_minaret-Esfahan_(1).jpg
TRAIN_04066,Aras_-_Jolfa_-_Kordasht_old_bath_-_panoramio.jpg,Has Arch,1,train,has_arch/Aras_-_Jolfa_-_Kordasht_old_bath_-_panoramio.jpg
TRAIN_04067,20180319_163808Ganjali_Khan_Complex.jpg,Has Arch,1,train,has_arch/20180319_163808Ganjali_Khan_Complex.jpg
TRAIN_04068,Meyandasht_old_town_1_-_panoramio.jpg,No Arch,0,train,no_arch/Meyandasht_old_town_1_-_panoramio.jpg
TRAIN_04069,مسجد_ملک_زوزن_سمت_چپ_درون_ایوان.jpg,Has Arch,1,train,has_arch/مسجد_ملک_زوزن_سمت_چپ_درون_ایوان.jpg
TRAIN_04070,DSC_0017_(1600x1200).jpg,No Arch,0,train,no_arch/DSC_0017_(1600x1200).jpg
TRAIN_04071,دالان_پشتی_به_صحن_مقبره.jpg,Has Arch,1,train,has_arch/دالان_پشتی_به_صحن_مقبره.jpg
TRAIN_04072,Borje_Modavvar_Maraghe_01.jpg,No Arch,0,train,no_arch/Borje_Modavvar_Maraghe_01.jpg
TRAIN_04073,Pars_Cafe_1.jpg,No Arch,0,train,no_arch/Pars_Cafe_1.jpg
TRAIN_04074,Roofed_Bazaar_of_Nishapur_(Bazaar_e_Sarpushideh-souq)_53.jpg,Has Arch,1,train,has_arch/Roofed_Bazaar_of_Nishapur_(Bazaar_e_Sarpushideh-souq)_53.jpg
TRAIN_04075,Kharaneq_Castle_قلعه_خرانق۳.jpg,Has Arch,1,train,has_arch/Kharaneq_Castle_قلعه_خرانق۳.jpg
TRAIN_04076,"Prison_de_Towhid,_Téhéran_(1).jpg",No Arch,0,train,"no_arch/Prison_de_Towhid,_Téhéran_(1).jpg"
TRAIN_04077,Sari_tomb_of_abbas01.jpg,No Arch,0,train,no_arch/Sari_tomb_of_abbas01.jpg
TRAIN_04078,Borujerd-ImamzadehJafar-1396-2-by-S-Asadi.jpg,No Arch,0,train,no_arch/Borujerd-ImamzadehJafar-1396-2-by-S-Asadi.jpg
TRAIN_04079,02کلیسای_وانگ.jpg,No Arch,0,train,no_arch/02کلیسای_وانگ.jpg
TRAIN_04080,Emamzadeh001.jpg,Has Arch,1,train,has_arch/Emamzadeh001.jpg
TRAIN_04081,Irnk115-Jazd-widoki_z_dachu_knajpki.jpg,No Arch,0,train,no_arch/Irnk115-Jazd-widoki_z_dachu_knajpki.jpg
TRAIN_04082,Robat_sharaf_1.jpg,Has Arch,1,train,has_arch/Robat_sharaf_1.jpg
TRAIN_04083,مدرسه-ملا-عبـدالله6.jpg,Has Arch,1,train,has_arch/مدرسه-ملا-عبـدالله6.jpg
TRAIN_04084,Roofed_Bazaar_of_Nishapur_(Bazaar_e_Sarpushideh-souq)-roof_01.jpg,Has Arch,1,train,has_arch/Roofed_Bazaar_of_Nishapur_(Bazaar_e_Sarpushideh-souq)-roof_01.jpg
TRAIN_04085,Hambud-Residence-Ilam-Mohat-Office-CAOI---28428.jpg,No Arch,0,train,no_arch/Hambud-Residence-Ilam-Mohat-Office-CAOI---28428.jpg
TRAIN_04086,City-Theater-of-Qazvin-CAOI--40211.jpg,No Arch,0,train,no_arch/City-Theater-of-Qazvin-CAOI--40211.jpg
TRAIN_04087,Bagh_Melli_Gate.jpg,Has Arch,1,train,has_arch/Bagh_Melli_Gate.jpg
TRAIN_04088,Herat_Panorama1.jpg,No Arch,0,train,no_arch/Herat_Panorama1.jpg
TRAIN_04089,Ali_Mosque_and_its_minaret-Esfahan_(111).jpg,No Arch,0,train,no_arch/Ali_Mosque_and_its_minaret-Esfahan_(111).jpg
TRAIN_04090,Naqsh-e_Jahan_Square_Isfahan_Aarash_(24).jpg,Has Arch,1,train,has_arch/Naqsh-e_Jahan_Square_Isfahan_Aarash_(24).jpg
TRAIN_04091,Naqsh-e_Jahan_Square_Isfahan_Aarash_(27).jpg,Has Arch,1,train,has_arch/Naqsh-e_Jahan_Square_Isfahan_Aarash_(27).jpg
TRAIN_04092,Ganjali-Khan_complex_(49687055962).jpg,No Arch,0,train,no_arch/Ganjali-Khan_complex_(49687055962).jpg
TRAIN_04093,سردر_جنوبی_عمارت_چهل_ستون(_عالی_قاپو_)_قزوین_-_خیابان_سپه_قزوین_(اولین_خیابان_ایران).jpg,Has Arch,1,train,has_arch/سردر_جنوبی_عمارت_چهل_ستون(_عالی_قاپو_)_قزوین_-_خیابان_سپه_قزوین_(اولین_خیابان_ایران).jpg
TRAIN_04094,)_گنبد_کبود_مراغه_(_-_Kabud_dome_-_Maragheh_-_Iran_-_تقدیم_به_دوستان_خوب_مراغه_ای_-_panoramio.jpg,No Arch,0,train,no_arch/)_گنبد_کبود_مراغه_(_-_Kabud_dome_-_Maragheh_-_Iran_-_تقدیم_به_دوستان_خوب_مراغه_ای_-_panoramio.jpg
TRAIN_04095,خانه_آل_یاسین_کاشان_-al_yasin_house_in_kashan_02.jpg,Has Arch,1,train,has_arch/خانه_آل_یاسین_کاشان_-al_yasin_house_in_kashan_02.jpg
TRAIN_04096,Gheysarie.jpg,Has Arch,1,train,has_arch/Gheysarie.jpg
TRAIN_04097,IranIsfahanFreitagsM6.jpg,Has Arch,1,train,has_arch/IranIsfahanFreitagsM6.jpg
TRAIN_04098,Gonbadsorkh4.jpg,Has Arch,1,train,has_arch/Gonbadsorkh4.jpg
TRAIN_04099,20180426_141759Abanbar_Ganjalikhan.jpg,No Arch,0,train,no_arch/20180426_141759Abanbar_Ganjalikhan.jpg
TRAIN_04100,امامزادگان_قم-_گچبری_زیبای_امامزاده_احمد_قاسم.jpg,Has Arch,1,train,has_arch/امامزادگان_قم-_گچبری_زیبای_امامزاده_احمد_قاسم.jpg
TRAIN_04101,جوشقان_مركزي_كاشان_زيارت_محمد_اوسط_(ع)_-_panoramio_(2).jpg,No Arch,0,train,no_arch/جوشقان_مركزي_كاشان_زيارت_محمد_اوسط_(ع)_-_panoramio_(2).jpg
TRAIN_04102,Bank-i_Şayî_-_Kirmaşan_1.jpg,No Arch,0,train,no_arch/Bank-i_Şayî_-_Kirmaşan_1.jpg
TRAIN_04103,قلعه_تاریخی.jpg,No Arch,0,train,no_arch/قلعه_تاریخی.jpg
TRAIN_04104,Timche_malek_2.jpg,No Arch,0,train,no_arch/Timche_malek_2.jpg
TRAIN_04105,مدرسه_گنجعلی_خان_۱۸.jpg,No Arch,0,train,no_arch/مدرسه_گنجعلی_خان_۱۸.jpg
TRAIN_04106,Adkan1.jpg,Has Arch,1,train,has_arch/Adkan1.jpg
TRAIN_04107,Hnfh000_20200131_123338.jpg,No Arch,0,train,no_arch/Hnfh000_20200131_123338.jpg
TRAIN_04108,DSC_0104-01.jpg,No Arch,0,train,no_arch/DSC_0104-01.jpg
TRAIN_04109,Hasht_Dome_and_Hasht_Hussainiya_in_Yazd.jpg,No Arch,0,train,no_arch/Hasht_Dome_and_Hasht_Hussainiya_in_Yazd.jpg
TRAIN_04110,Allah-Verdi_Khan_Bridge_(Bridge_of_33_Arches)_(4368524369).jpg,Has Arch,1,train,has_arch/Allah-Verdi_Khan_Bridge_(Bridge_of_33_Arches)_(4368524369).jpg
TRAIN_04111,Shahrood-_bedasht-17.jpg,Has Arch,1,train,has_arch/Shahrood-_bedasht-17.jpg
TRAIN_04112,Brojerd3.jpg,No Arch,0,train,no_arch/Brojerd3.jpg
TRAIN_04113,"Chahar-Bagh_School,_16th_Cent,_Esfahan_-_03-30-2013.jpg",No Arch,0,train,"no_arch/Chahar-Bagh_School,_16th_Cent,_Esfahan_-_03-30-2013.jpg"
TRAIN_04114,حمام_علی_قلی_اقا_(4).jpg,Has Arch,1,train,has_arch/حمام_علی_قلی_اقا_(4).jpg
TRAIN_04115,درب_ورودی_به_بند_مارکوف_از_هواخوری_زندان.jpg,No Arch,0,train,no_arch/درب_ورودی_به_بند_مارکوف_از_هواخوری_زندان.jpg
TRAIN_04116,1246.Bazaar.Tabriz_(1470551499).jpg,Has Arch,1,train,has_arch/1246.Bazaar.Tabriz_(1470551499).jpg
TRAIN_04117,Mohammad_Hossein_Ishraqi_Eivari_Mausoleum2021-07-23_10.jpg,No Arch,0,train,no_arch/Mohammad_Hossein_Ishraqi_Eivari_Mausoleum2021-07-23_10.jpg
TRAIN_04118,مسجد_مصری_(1).jpg,Has Arch,1,train,has_arch/مسجد_مصری_(1).jpg
TRAIN_04119,Chapel_of_Chupan_06.jpg,No Arch,0,train,no_arch/Chapel_of_Chupan_06.jpg
TRAIN_04120,Mojtaba_Mohammadi_-_Abbasi's_Home_04.jpg,Has Arch,1,train,has_arch/Mojtaba_Mohammadi_-_Abbasi's_Home_04.jpg
TRAIN_04121,Pir_Bakran_mausoleum_(2).jpg,No Arch,0,train,no_arch/Pir_Bakran_mausoleum_(2).jpg
TRAIN_04122,2کاروان_سرای_شاه_عباسی_عباس_آباد.jpg,Has Arch,1,train,has_arch/2کاروان_سرای_شاه_عباسی_عباس_آباد.jpg
TRAIN_04123,کلیسای_حضرت_مریم_(همدان3).jpg,No Arch,0,train,no_arch/کلیسای_حضرت_مریم_(همدان3).jpg
TRAIN_04124,Charsough_1.jpg,No Arch,0,train,no_arch/Charsough_1.jpg
TRAIN_04125,سقف_تخریب_شده_ی_آب_انبار_حاج_آقا_رضا_جهرم.jpg,No Arch,0,train,no_arch/سقف_تخریب_شده_ی_آب_انبار_حاج_آقا_رضا_جهرم.jpg
TRAIN_04126,Sadri_Caravansarai2018_3.jpg,No Arch,0,train,no_arch/Sadri_Caravansarai2018_3.jpg
TRAIN_04127,"Inner_courtyard_of_Agha_Bozorg_Mosque_in_Kashan,_Iran_02.jpg",Has Arch,1,train,"has_arch/Inner_courtyard_of_Agha_Bozorg_Mosque_in_Kashan,_Iran_02.jpg"
TRAIN_04128,Ali_Qoli_Agha_Hammam_18.jpg,Has Arch,1,train,has_arch/Ali_Qoli_Agha_Hammam_18.jpg
TRAIN_04129,"NAGHME_ARIAN_-_Agha_Bozorg_mosque_,_KASHAN,_IRAN.jpg",Has Arch,1,train,"has_arch/NAGHME_ARIAN_-_Agha_Bozorg_mosque_,_KASHAN,_IRAN.jpg"
TRAIN_04130,Joubi_Bridge_Isfahan_Aarash_(5).jpg,Has Arch,1,train,has_arch/Joubi_Bridge_Isfahan_Aarash_(5).jpg
TRAIN_04131,Jameh_Mosque_of_Abarkuh_02.jpg,Has Arch,1,train,has_arch/Jameh_Mosque_of_Abarkuh_02.jpg
TRAIN_04132,سرای_معین_التجار1.jpg,Has Arch,1,train,has_arch/سرای_معین_التجار1.jpg
TRAIN_04133,خانه_شاعران۶.jpg,No Arch,0,train,no_arch/خانه_شاعران۶.jpg
TRAIN_04134,Imamzadeh_Hamzah2024-06-24_16.jpg,Has Arch,1,train,has_arch/Imamzadeh_Hamzah2024-06-24_16.jpg
TRAIN_04135,Jame'_Mosque_of_Damghan_2019-04-04_12.jpg,Has Arch,1,train,has_arch/Jame'_Mosque_of_Damghan_2019-04-04_12.jpg
TRAIN_04136,Khan-e_Tabatabaei_(8906634036).jpg,No Arch,0,train,no_arch/Khan-e_Tabatabaei_(8906634036).jpg
TRAIN_04137,حمام_وکیل_14.jpg,Has Arch,1,train,has_arch/حمام_وکیل_14.jpg
TRAIN_04138,Gheysarieh-portal-left.jpg,Has Arch,1,train,has_arch/Gheysarieh-portal-left.jpg
TRAIN_04139,1کاروان_سرای_کوزه_گران.jpg,Has Arch,1,train,has_arch/1کاروان_سرای_کوزه_گران.jpg
TRAIN_04140,کاروانسرای_خانات_.H.Jafari_-_panoramio_(4).jpg,Has Arch,1,train,has_arch/کاروانسرای_خانات_.H.Jafari_-_panoramio_(4).jpg
TRAIN_04141,"Isfahan,_Masjed-e_Shah_05.jpg",No Arch,0,train,"no_arch/Isfahan,_Masjed-e_Shah_05.jpg"
TRAIN_04142,Fatimah_Ma'sumah_Qom_24.jpg,Has Arch,1,train,has_arch/Fatimah_Ma'sumah_Qom_24.jpg
TRAIN_04143,Boroojerdiha_hom's_Kashan_خانه_بروجردیها_کاشان_-_panoramio.jpg,Has Arch,1,train,has_arch/Boroojerdiha_hom's_Kashan_خانه_بروجردیها_کاشان_-_panoramio.jpg
TRAIN_04144,"کاروانسرای_مرنجاب،_مسافرت_با_کاروان_شتر_به_کویر_A_trip_by_camels_to__Maranjab__carvansara_in_'Silk_Road',_To_dear__Scally__(1st_comment)_-_panoramio.jpg",Has Arch,1,train,"has_arch/کاروانسرای_مرنجاب،_مسافرت_با_کاروان_شتر_به_کویر_A_trip_by_camels_to__Maranjab__carvansara_in_'Silk_Road',_To_dear__Scally__(1st_comment)_-_panoramio.jpg"
TRAIN_04145,مدرسه_سپهسالار_28.jpg,Has Arch,1,train,has_arch/مدرسه_سپهسالار_28.jpg
TRAIN_04146,کاخ_رضاشاهی_گچسر_عکاس،_پیام_بهمنی_۲.jpg,No Arch,0,train,no_arch/کاخ_رضاشاهی_گچسر_عکاس،_پیام_بهمنی_۲.jpg
TRAIN_04147,Ali_Qapu_jb3.jpg,No Arch,0,train,no_arch/Ali_Qapu_jb3.jpg
TRAIN_04148,Isfahan_Railway_Station_a.jpg,No Arch,0,train,no_arch/Isfahan_Railway_Station_a.jpg
TRAIN_04149,Dreampink.jpg,Has Arch,1,train,has_arch/Dreampink.jpg
TRAIN_04150,01.jpg,No Arch,0,train,no_arch/01.jpg
TRAIN_04151,خانه_قدیمی_صالح_6.jpg,No Arch,0,train,no_arch/خانه_قدیمی_صالح_6.jpg
TRAIN_04152,Sheikhbahaei_fort.jpg,No Arch,0,train,no_arch/Sheikhbahaei_fort.jpg
TRAIN_04153,Ganjalikhan_Caravanserai_yard_view_2.jpg,Has Arch,1,train,has_arch/Ganjalikhan_Caravanserai_yard_view_2.jpg
TRAIN_04154,7_Mobile_graphy_hamed_jooyafar_2021.jpg,Has Arch,1,train,has_arch/7_Mobile_graphy_hamed_jooyafar_2021.jpg
TRAIN_04155,"Gran_Mezquita_de_Isfahán,_Isfahán,_Irán,_2016-09-20,_DD_40-42_HDR.jpg",Has Arch,1,train,"has_arch/Gran_Mezquita_de_Isfahán,_Isfahán,_Irán,_2016-09-20,_DD_40-42_HDR.jpg"
TRAIN_04156,Maryamabad_New_Ab_Anbar_1.jpg,No Arch,0,train,no_arch/Maryamabad_New_Ab_Anbar_1.jpg
TRAIN_04157,Pirtak4.jpg,No Arch,0,train,no_arch/Pirtak4.jpg
TRAIN_04158,خانه_مهربان_(2).jpg,Has Arch,1,train,has_arch/خانه_مهربان_(2).jpg
TRAIN_04159,"Mezquita_de_Agha_Bozorg,_Kashan,_Irán,_2016-09-19,_DD_81.jpg",Has Arch,1,train,"has_arch/Mezquita_de_Agha_Bozorg,_Kashan,_Irán,_2016-09-19,_DD_81.jpg"
TRAIN_04160,"Tuyserkan,_Hamadan_Province,_Iran_-_panoramio_(1).jpg",No Arch,0,train,"no_arch/Tuyserkan,_Hamadan_Province,_Iran_-_panoramio_(1).jpg"
TRAIN_04161,Tehran_Bazar_roof.jpg,Has Arch,1,train,has_arch/Tehran_Bazar_roof.jpg
TRAIN_04162,Urmia_Bazaar-02.jpg,Has Arch,1,train,has_arch/Urmia_Bazaar-02.jpg
TRAIN_04163,Kheirabad_school_20170327_24.jpg,Has Arch,1,train,has_arch/Kheirabad_school_20170327_24.jpg
TRAIN_04164,Khaju_Bridge_Isfahan_Aarash_(22).jpg,Has Arch,1,train,has_arch/Khaju_Bridge_Isfahan_Aarash_(22).jpg
TRAIN_04165,Tomb_of_Sheikh_Shahabuddin_Ahari2024-03-21_11.jpg,Has Arch,1,train,has_arch/Tomb_of_Sheikh_Shahabuddin_Ahari2024-03-21_11.jpg
TRAIN_04166,Imamzadeh_Kamal2021_6.jpg,No Arch,0,train,no_arch/Imamzadeh_Kamal2021_6.jpg
TRAIN_04167,Mehdi_Qoli_Beyk_Hammam2022-08-13_14.jpg,Has Arch,1,train,has_arch/Mehdi_Qoli_Beyk_Hammam2022-08-13_14.jpg
TRAIN_04168,1-آرامگاه_شاه_نعمت_الله_ولی،_کرمان،_ماهان.jpg,No Arch,0,train,no_arch/1-آرامگاه_شاه_نعمت_الله_ولی،_کرمان،_ماهان.jpg
TRAIN_04169,مجموعه_مارکار_(6).jpg,No Arch,0,train,no_arch/مجموعه_مارکار_(6).jpg
TRAIN_04170,Sakhteman_roghan_nabati_jahan_2.jpg,No Arch,0,train,no_arch/Sakhteman_roghan_nabati_jahan_2.jpg
TRAIN_04171,The_entrance_of_Khavidak_castle_-_3000_years_ago_-_panoramio_(cropped).jpg,No Arch,0,train,no_arch/The_entrance_of_Khavidak_castle_-_3000_years_ago_-_panoramio_(cropped).jpg
TRAIN_04172,خانه_عباسی_کاشان.jpg,Has Arch,1,train,has_arch/خانه_عباسی_کاشان.jpg
TRAIN_04173,The_Islamic_Museum_Of_National_Museum_of_Iran_Darafsh_(05).jpg,No Arch,0,train,no_arch/The_Islamic_Museum_Of_National_Museum_of_Iran_Darafsh_(05).jpg
TRAIN_04174,Seh_Kohye_Castle2020_13.jpg,Has Arch,1,train,has_arch/Seh_Kohye_Castle2020_13.jpg
TRAIN_04175,3دیر_گچین.jpg,Has Arch,1,train,has_arch/3دیر_گچین.jpg
TRAIN_04176,North_Eyvan_of_Ardestan_Jame_Mosque.jpg,Has Arch,1,train,has_arch/North_Eyvan_of_Ardestan_Jame_Mosque.jpg
TRAIN_04177,Pamenar_tehran.jpg,No Arch,0,train,no_arch/Pamenar_tehran.jpg
TRAIN_04178,IranIsfahanFreitagsM2.jpg,Has Arch,1,train,has_arch/IranIsfahanFreitagsM2.jpg
TRAIN_04179,Bank_king5.jpg,Has Arch,1,train,has_arch/Bank_king5.jpg
TRAIN_04180,Ata_(43).jpg,Has Arch,1,train,has_arch/Ata_(43).jpg
TRAIN_04181,Ladan_Residential_Building_architecture-26.jpg,No Arch,0,train,no_arch/Ladan_Residential_Building_architecture-26.jpg
TRAIN_04182,"Edificio_en_Meybod,_Irán,_2016-09-20,_DD_44.jpg",Has Arch,1,train,"has_arch/Edificio_en_Meybod,_Irán,_2016-09-20,_DD_44.jpg"
TRAIN_04183,The_tomb_of_Ohadi_Maraghei.jpg,Has Arch,1,train,has_arch/The_tomb_of_Ohadi_Maraghei.jpg
TRAIN_04184,Lasjerd_Caravansary._Semnan_2.jpg,Has Arch,1,train,has_arch/Lasjerd_Caravansary._Semnan_2.jpg
TRAIN_04185,نمای_درونی_از_مسجد_بایزید_بسطامی.jpg,No Arch,0,train,no_arch/نمای_درونی_از_مسجد_بایزید_بسطامی.jpg
TRAIN_04186,کلیسای_تارگمانچاتس_مقدس_تهران3.jpg,Has Arch,1,train,has_arch/کلیسای_تارگمانچاتس_مقدس_تهران3.jpg
TRAIN_04187,"2021.R.15-2v_-_Qom,_View_of_the_Mirror_Iwan,_Astanah-i_Hazrat-i_Ma'sumah.jpg",Has Arch,1,train,"has_arch/2021.R.15-2v_-_Qom,_View_of_the_Mirror_Iwan,_Astanah-i_Hazrat-i_Ma'sumah.jpg"
TRAIN_04188,AMINI_13.jpg,No Arch,0,train,no_arch/AMINI_13.jpg
TRAIN_04189,Jame_Mosque_of_Kerman_02.jpg,Has Arch,1,train,has_arch/Jame_Mosque_of_Kerman_02.jpg
TRAIN_04190,Prodows_Building_2.jpg,No Arch,0,train,no_arch/Prodows_Building_2.jpg
TRAIN_04191,"Startrail_in_the_night_sky_of_Khorasan1,Sharaf_Caravansarai.jpg",Has Arch,1,train,"has_arch/Startrail_in_the_night_sky_of_Khorasan1,Sharaf_Caravansarai.jpg"
TRAIN_04192,بازار_تهران_VI.jpg,Has Arch,1,train,has_arch/بازار_تهران_VI.jpg
TRAIN_04193,STITCH_0462_STB_0463.jpg,No Arch,0,train,no_arch/STITCH_0462_STB_0463.jpg
TRAIN_04194,مسجد_جامع_پاچیان.jpg,Has Arch,1,train,has_arch/مسجد_جامع_پاچیان.jpg
TRAIN_04195,Ali_Qoli_Agha_Hammam_22.jpg,Has Arch,1,train,has_arch/Ali_Qoli_Agha_Hammam_22.jpg
TRAIN_04196,Omid_school.jpg,No Arch,0,train,no_arch/Omid_school.jpg
TRAIN_04197,City-Theater-of-Qazvin-CAOI---30118.jpg,No Arch,0,train,no_arch/City-Theater-of-Qazvin-CAOI---30118.jpg
TRAIN_04198,درختان_ماندگار.jpg,No Arch,0,train,no_arch/درختان_ماندگار.jpg
TRAIN_04199,Jameh_Mosque_of_Gorgan_13970530_22.jpg,No Arch,0,train,no_arch/Jameh_Mosque_of_Gorgan_13970530_22.jpg
TRAIN_04200,Se-gonbad.jpg,No Arch,0,train,no_arch/Se-gonbad.jpg
TRAIN_04201,Darvish_ali_haji_soodkola_96.jpg,No Arch,0,train,no_arch/Darvish_ali_haji_soodkola_96.jpg
TRAIN_04202,امامزاده_جعفر_دامغان_1.jpg,No Arch,0,train,no_arch/امامزاده_جعفر_دامغان_1.jpg
TRAIN_04203,Iran_2007_178_Ali_Qapu_music_room_(1732665088).jpg,Has Arch,1,train,has_arch/Iran_2007_178_Ali_Qapu_music_room_(1732665088).jpg
TRAIN_04204,"Great_Mosque_of_Yazd_(Jame_mosque_of_Yazd),Yazd,_Iran_(مسجد_جامع_یزد)_-_panoramio.jpg",Has Arch,1,train,"has_arch/Great_Mosque_of_Yazd_(Jame_mosque_of_Yazd),Yazd,_Iran_(مسجد_جامع_یزد)_-_panoramio.jpg"
TRAIN_04205,"Golshan_Caravanserai,_Kerman_02.jpg",Has Arch,1,train,"has_arch/Golshan_Caravanserai,_Kerman_02.jpg"
TRAIN_04206,027-Haram_نمایی_از_کاشی_کاری_های_مناره_های_حرم_فاطمه_معصومه_در_قم.jpg,No Arch,0,train,no_arch/027-Haram_نمایی_از_کاشی_کاری_های_مناره_های_حرم_فاطمه_معصومه_در_قم.jpg
TRAIN_04207,Jameh_Mosque_of_Abarkuh_03.jpg,Has Arch,1,train,has_arch/Jameh_Mosque_of_Abarkuh_03.jpg
TRAIN_04208,Ardabil_Bazaar_2020-04-09_24.jpg,Has Arch,1,train,has_arch/Ardabil_Bazaar_2020-04-09_24.jpg
TRAIN_04209,Peyman_Banadkian-Iran-Doudehal.jpg,Has Arch,1,train,has_arch/Peyman_Banadkian-Iran-Doudehal.jpg
TRAIN_04210,Ganjalikhan5.jpg,Has Arch,1,train,has_arch/Ganjalikhan5.jpg
TRAIN_04211,"Windcathers,_Nain_-_panoramio_(cropped).jpg",No Arch,0,train,"no_arch/Windcathers,_Nain_-_panoramio_(cropped).jpg"
TRAIN_04212,Shahrzad-Villa-SeyedAbad-Village-Damavand-Kanisavaran-Office---30503.jpg,No Arch,0,train,no_arch/Shahrzad-Villa-SeyedAbad-Village-Damavand-Kanisavaran-Office---30503.jpg
TRAIN_04213,Baqeri07.jpg,Has Arch,1,train,has_arch/Baqeri07.jpg
TRAIN_04214,8پل_شهرستان_05.jpg,Has Arch,1,train,has_arch/8پل_شهرستان_05.jpg
TRAIN_04215,Mohammad_Moin_house_in_Tehran_7349.jpg,Has Arch,1,train,has_arch/Mohammad_Moin_house_in_Tehran_7349.jpg
TRAIN_04216,iranian-cultural-building-design-297376-10.jpg,No Arch,0,train,no_arch/iranian-cultural-building-design-297376-10.jpg
TRAIN_04217,Aali-Ghapoo_Building_01.jpg,No Arch,0,train,no_arch/Aali-Ghapoo_Building_01.jpg
TRAIN_04218,139701251155496313848634_جمالزاده.jpg,No Arch,0,train,no_arch/139701251155496313848634_جمالزاده.jpg
TRAIN_04219,Khaneh-Dar-Khaneh-building-Tehran-Hamed-Hosseini-Studio---27538.jpg,No Arch,0,train,no_arch/Khaneh-Dar-Khaneh-building-Tehran-Hamed-Hosseini-Studio---27538.jpg
TRAIN_04220,_MG_0721.jpg,No Arch,0,train,no_arch/_MG_0721.jpg
TRAIN_04221,Bersian_Minerate.jpg,No Arch,0,train,no_arch/Bersian_Minerate.jpg
TRAIN_04222,Natanz-Masjed.jpg,Has Arch,1,train,has_arch/Natanz-Masjed.jpg
TRAIN_04223,Gate_of_Citadel_of_semnan_17.jpg,Has Arch,1,train,has_arch/Gate_of_Citadel_of_semnan_17.jpg
TRAIN_04224,Bayazid_Bastami_Shrine_by_Abdullah_Qajar_(cropped).jpg,No Arch,0,train,no_arch/Bayazid_Bastami_Shrine_by_Abdullah_Qajar_(cropped).jpg
TRAIN_04225,Tmp_24831-20140731_110112-1994761898.jpg,No Arch,0,train,no_arch/Tmp_24831-20140731_110112-1994761898.jpg
TRAIN_04226,کاروان_سرای_گلشن_5.jpg,Has Arch,1,train,has_arch/کاروان_سرای_گلشن_5.jpg
TRAIN_04227,آب_انباررر.jpg,No Arch,0,train,no_arch/آب_انباررر.jpg
TRAIN_04228,Vank_Cathedral_photo13.jpg,No Arch,0,train,no_arch/Vank_Cathedral_photo13.jpg
TRAIN_04229,Shebli_Tower_1.jpg,No Arch,0,train,no_arch/Shebli_Tower_1.jpg
TRAIN_04230,Photoسرداب_افوشته.jpg,Has Arch,1,train,has_arch/Photoسرداب_افوشته.jpg
TRAIN_04231,Tabātabāei_House_001.jpg,No Arch,0,train,no_arch/Tabātabāei_House_001.jpg
TRAIN_04232,کاروانسرای_دهبید3.jpg,Has Arch,1,train,has_arch/کاروانسرای_دهبید3.jpg
TRAIN_04233,Bazaar_of_Nishapur_-_Closed_stores_-(Edited).jpg,Has Arch,1,train,has_arch/Bazaar_of_Nishapur_-_Closed_stores_-(Edited).jpg
TRAIN_04234,Ghazali_Cinema_Town_35.jpg,No Arch,0,train,no_arch/Ghazali_Cinema_Town_35.jpg
TRAIN_04235,House_tb1.jpg,No Arch,0,train,no_arch/House_tb1.jpg
TRAIN_04236,17کاروانسرای_چاله_سیاه.jpg,Has Arch,1,train,has_arch/17کاروانسرای_چاله_سیاه.jpg
TRAIN_04237,سی_و_سه_پل_و_ماه.jpg,Has Arch,1,train,has_arch/سی_و_سه_پل_و_ماه.jpg
TRAIN_04238,Cubic-Home-Amirdasht-Mazandaran-BOL-Architects---30241.jpg,No Arch,0,train,no_arch/Cubic-Home-Amirdasht-Mazandaran-BOL-Architects---30241.jpg
TRAIN_04239,01_sharaghan_(10).jpg,No Arch,0,train,no_arch/01_sharaghan_(10).jpg
TRAIN_04240,تخت_فولاد82.jpg,No Arch,0,train,no_arch/تخت_فولاد82.jpg
TRAIN_04241,Mausoleum_of_Sheikh_Ala_ud-Daula_Simnani_2020-04-06_01.jpg,Has Arch,1,train,has_arch/Mausoleum_of_Sheikh_Ala_ud-Daula_Simnani_2020-04-06_01.jpg
TRAIN_04242,مسجد_مصری_(16).jpg,Has Arch,1,train,has_arch/مسجد_مصری_(16).jpg
TRAIN_04243,Prigione_di_Alessandro.jpg,No Arch,0,train,no_arch/Prigione_di_Alessandro.jpg
TRAIN_04244,Chapel_of_Chupan_02.jpg,No Arch,0,train,no_arch/Chapel_of_Chupan_02.jpg
TRAIN_04245,Mabad-Hendooha-4.jpg,Has Arch,1,train,has_arch/Mabad-Hendooha-4.jpg
TRAIN_04246,201312_iran_Shiraz_02_(12475568424).jpg,Has Arch,1,train,has_arch/201312_iran_Shiraz_02_(12475568424).jpg
TRAIN_04247,Aliabad_Tower2021_17.jpg,No Arch,0,train,no_arch/Aliabad_Tower2021_17.jpg
TRAIN_04248,"Tehran_Bazaar,_Tehran,_Tehran_Province,_Iran_-_panoramio_(2).jpg",No Arch,0,train,"no_arch/Tehran_Bazaar,_Tehran,_Tehran_Province,_Iran_-_panoramio_(2).jpg"
TRAIN_04249,Wiki_Loves_Monuments_2018_IranYazd_-_Mehriz_-_Picture_05.jpg,Has Arch,1,train,has_arch/Wiki_Loves_Monuments_2018_IranYazd_-_Mehriz_-_Picture_05.jpg
TRAIN_04250,کاروانسرای_خانه_سرخ12.jpg,Has Arch,1,train,has_arch/کاروانسرای_خانه_سرخ12.jpg
TRAIN_04251,Shesh_badgir_yazd.jpg,No Arch,0,train,no_arch/Shesh_badgir_yazd.jpg
TRAIN_04252,Abu_Osman_Maghrebi_Mausoleum_(11).jpg,Has Arch,1,train,has_arch/Abu_Osman_Maghrebi_Mausoleum_(11).jpg
TRAIN_04253,پل_جویی۱_02.jpg,Has Arch,1,train,has_arch/پل_جویی۱_02.jpg
TRAIN_04254,امامزاده_محمد_بسطام-4.jpg,Has Arch,1,train,has_arch/امامزاده_محمد_بسطام-4.jpg
TRAIN_04255,Iran_Yazd_Mosquee_Vendredi_(Jameh)_Portail_-_panoramio.jpg,Has Arch,1,train,has_arch/Iran_Yazd_Mosquee_Vendredi_(Jameh)_Portail_-_panoramio.jpg
TRAIN_04256,کاروانسرای_گدار_خانه_سرخ.jpg,Has Arch,1,train,has_arch/کاروانسرای_گدار_خانه_سرخ.jpg
TRAIN_04257,مسجد_شیخ_لطف_الله_اصفهان_سر_در_ورودی.jpg,No Arch,0,train,no_arch/مسجد_شیخ_لطف_الله_اصفهان_سر_در_ورودی.jpg
TRAIN_04258,امام_زاده_سید_مرتضی.jpg,Has Arch,1,train,has_arch/امام_زاده_سید_مرتضی.jpg
TRAIN_04259,سرای_سردار.jpg,No Arch,0,train,no_arch/سرای_سردار.jpg
TRAIN_04260,BorujerdihaHistoricalHouse3.jpg,No Arch,0,train,no_arch/BorujerdihaHistoricalHouse3.jpg
TRAIN_04261,"حیاط_مدرسه_فیضیه_(Mufti,_Akhoond,_Clergy,_Mullah).jpg",Has Arch,1,train,"has_arch/حیاط_مدرسه_فیضیه_(Mufti,_Akhoond,_Clergy,_Mullah).jpg"
TRAIN_04262,کارخانه_ریسمان_ریسی_نساجی_پارس_03.jpg,No Arch,0,train,no_arch/کارخانه_ریسمان_ریسی_نساجی_پارس_03.jpg
TRAIN_04263,"Grand_Bazaar,_Tehran_(41723686785).jpg",No Arch,0,train,"no_arch/Grand_Bazaar,_Tehran_(41723686785).jpg"
TRAIN_04264,1907587.jpg,Has Arch,1,train,has_arch/1907587.jpg
TRAIN_04265,Agha9803 (1).jpg,Has Arch,1,train,has_arch/Agha9803 (1).jpg
TRAIN_04266,"Chahar-Bagh_School7,_16th_Cent,_Esfahan_-_03-30-2013.jpg",Has Arch,1,train,"has_arch/Chahar-Bagh_School7,_16th_Cent,_Esfahan_-_03-30-2013.jpg"
TRAIN_04267,Dayr-e_Gachin_کاروانسرای_دیر_گچین_05.jpg,Has Arch,1,train,has_arch/Dayr-e_Gachin_کاروانسرای_دیر_گچین_05.jpg
TRAIN_04268,Vank_Cathedral_Isfahan_Aarash_(46).jpg,Has Arch,1,train,has_arch/Vank_Cathedral_Isfahan_Aarash_(46).jpg
TRAIN_04269,Baqeri02.jpg,Has Arch,1,train,has_arch/Baqeri02.jpg
TRAIN_04270,برج_شبلی.jpg,No Arch,0,train,no_arch/برج_شبلی.jpg
TRAIN_04271,"Faculty_of_Agriculture,_University_of_Tehran_-_43,_2024.jpg",No Arch,0,train,"no_arch/Faculty_of_Agriculture,_University_of_Tehran_-_43,_2024.jpg"
TRAIN_04272,گنبد_زنگوله_1.jpg,No Arch,0,train,no_arch/گنبد_زنگوله_1.jpg
TRAIN_04273,Sheikh.shahab.3.jpg,Has Arch,1,train,has_arch/Sheikh.shahab.3.jpg
TRAIN_04274,View_of_the_two_story_chambers_leading_to_domed_room.jpg,Has Arch,1,train,has_arch/View_of_the_two_story_chambers_leading_to_domed_room.jpg
TRAIN_04275,Facade_of_Derelict_Cinema_-_Burned_in_1979_Revolution_for_Showing_Immoral_Films_-_Shiraz_-_Central_Iran_(7426516316)_(2).jpg,No Arch,0,train,no_arch/Facade_of_Derelict_Cinema_-_Burned_in_1979_Revolution_for_Showing_Immoral_Films_-_Shiraz_-_Central_Iran_(7426516316)_(2).jpg
TRAIN_04276,13کاروانسرای_چاله_سیاه.jpg,Has Arch,1,train,has_arch/13کاروانسرای_چاله_سیاه.jpg
TRAIN_04277,نمای_داخلی_مسجد_جامع_بردستان.jpg,Has Arch,1,train,has_arch/نمای_داخلی_مسجد_جامع_بردستان.jpg
TRAIN_04278,1399010615490921119987134_تعطیلی_اماکن_گردشگری_و_تاریخی_مشهد_به_دلیل_پیشگیری_از_شیوع_کرونا.jpg,No Arch,0,train,no_arch/1399010615490921119987134_تعطیلی_اماکن_گردشگری_و_تاریخی_مشهد_به_دلیل_پیشگیری_از_شیوع_کرونا.jpg
TRAIN_04279,Shahrod_Historical_Bazar_7.jpg,Has Arch,1,train,has_arch/Shahrod_Historical_Bazar_7.jpg
TRAIN_04280,Abanbara.jpg,No Arch,0,train,no_arch/Abanbara.jpg
TRAIN_04281,Zanjan_Bazaar_2020-03-14_13.jpg,Has Arch,1,train,has_arch/Zanjan_Bazaar_2020-03-14_13.jpg
TRAIN_04282,Carpet_musume_of_iran_facade.jpg,No Arch,0,train,no_arch/Carpet_musume_of_iran_facade.jpg
TRAIN_04283,مسجد_زیرده2.jpg,No Arch,0,train,no_arch/مسجد_زیرده2.jpg
TRAIN_04284,Danesh_House2021-04-04_6.jpg,No Arch,0,train,no_arch/Danesh_House2021-04-04_6.jpg
TRAIN_04285,Sahktemane_bimarestane_najmiye_3.jpg,No Arch,0,train,no_arch/Sahktemane_bimarestane_najmiye_3.jpg
TRAIN_04286,Mola_Bash1_(10).jpg,Has Arch,1,train,has_arch/Mola_Bash1_(10).jpg
TRAIN_04287,مسجد_آقابزرگ_در_کاشان.jpg,Has Arch,1,train,has_arch/مسجد_آقابزرگ_در_کاشان.jpg
TRAIN_04288,"Shafiabad_(Shahdad),_Kerman_Province,_Iran_(42738091691).jpg",No Arch,0,train,"no_arch/Shafiabad_(Shahdad),_Kerman_Province,_Iran_(42738091691).jpg"
TRAIN_04289,Imamzade_Saleh3.jpg,Has Arch,1,train,has_arch/Imamzade_Saleh3.jpg
TRAIN_04290,Mozeh_Va_Hamam_Ghajar1.jpg,Has Arch,1,train,has_arch/Mozeh_Va_Hamam_Ghajar1.jpg
TRAIN_04291,Dome_chamber_of_Hakim_Mosque_(Isfahan).jpg,Has Arch,1,train,has_arch/Dome_chamber_of_Hakim_Mosque_(Isfahan).jpg
TRAIN_04292,Masjed_jame_yazd_(16).jpg,Has Arch,1,train,has_arch/Masjed_jame_yazd_(16).jpg
TRAIN_04293,1399010615482925919987114_تعطیلی_اماکن_گردشگری_و_تاریخی_مشهد_به_دلیل_پیشگیری_از_شیوع_کرونا.jpg,No Arch,0,train,no_arch/1399010615482925919987114_تعطیلی_اماکن_گردشگری_و_تاریخی_مشهد_به_دلیل_پیشگیری_از_شیوع_کرونا.jpg
TRAIN_04294,20150926_194720_Night.jpg,No Arch,0,train,no_arch/20150926_194720_Night.jpg
TRAIN_04295,Vank_Cathedral_photo30.jpg,Has Arch,1,train,has_arch/Vank_Cathedral_photo30.jpg
TRAIN_04296,Tabasi_1.jpg,Has Arch,1,train,has_arch/Tabasi_1.jpg
TRAIN_04297,بازار_تهران_2.jpg,Has Arch,1,train,has_arch/بازار_تهران_2.jpg
TRAIN_04298,Bahram207.jpg,Has Arch,1,train,has_arch/Bahram207.jpg
TRAIN_04299,"Isfahán,_Mezquita_del_Shah_(2000)_06.jpg",No Arch,0,train,"no_arch/Isfahán,_Mezquita_del_Shah_(2000)_06.jpg"
TRAIN_04300,GIIV_05.jpg,No Arch,0,train,no_arch/GIIV_05.jpg
TRAIN_04301,Abdolabad_Mosque2021_10.jpg,Has Arch,1,train,has_arch/Abdolabad_Mosque2021_10.jpg
TRAIN_04302,Khavidak_old_castle_-_panoramio_(1)_(cropped).jpg,No Arch,0,train,no_arch/Khavidak_old_castle_-_panoramio_(1)_(cropped).jpg
TRAIN_04303,Pool_and_Qajar_balcony_-_Moghaddam_House_-_2.jpg,Has Arch,1,train,has_arch/Pool_and_Qajar_balcony_-_Moghaddam_House_-_2.jpg
TRAIN_04304,منارجنبان_خرانق.jpg,No Arch,0,train,no_arch/منارجنبان_خرانق.jpg
TRAIN_04305,Mohammad_Abad_stony_caravanserai_2020-05-31_31.jpg,Has Arch,1,train,has_arch/Mohammad_Abad_stony_caravanserai_2020-05-31_31.jpg
TRAIN_04306,Cheshmeh-Mansion-Lavasan-Amin-Ferdousi-CAOI---30424.jpg,No Arch,0,train,no_arch/Cheshmeh-Mansion-Lavasan-Amin-Ferdousi-CAOI---30424.jpg
TRAIN_04307,Carpet_Bazaar_of_Tabriz.jpg,Has Arch,1,train,has_arch/Carpet_Bazaar_of_Tabriz.jpg
TRAIN_04308,Mosque_Moshir.jpg,Has Arch,1,train,has_arch/Mosque_Moshir.jpg
TRAIN_04309,کاروان_سرای_گلو_سفته401.jpg,Has Arch,1,train,has_arch/کاروان_سرای_گلو_سفته401.jpg
TRAIN_04310,GateOfGrand.jpg,Has Arch,1,train,has_arch/GateOfGrand.jpg
TRAIN_04311,60-Isfahan_(16087431739).jpg,No Arch,0,train,no_arch/60-Isfahan_(16087431739).jpg
TRAIN_04312,نمای_داخلی_کاروانسرای_اصفاک.jpg,Has Arch,1,train,has_arch/نمای_داخلی_کاروانسرای_اصفاک.jpg
TRAIN_04313,ساختمان_آرامگاه_نمای_جلو.jpg,No Arch,0,train,no_arch/ساختمان_آرامگاه_نمای_جلو.jpg
TRAIN_04314,Yazd_Architecture_-_panoramio.jpg,No Arch,0,train,no_arch/Yazd_Architecture_-_panoramio.jpg
TRAIN_04315,Pond_house_-_Moghaddam_House_-_1.jpg,Has Arch,1,train,has_arch/Pond_house_-_Moghaddam_House_-_1.jpg
TRAIN_04316,Sakhtemane_kooshk_2.jpg,No Arch,0,train,no_arch/Sakhtemane_kooshk_2.jpg
TRAIN_04317,Cheshmeh-Mansion-Lavasan-Amin-Ferdousi-CAOI---30421.jpg,No Arch,0,train,no_arch/Cheshmeh-Mansion-Lavasan-Amin-Ferdousi-CAOI---30421.jpg
TRAIN_04318,Old_mud_house_and_dome_-_in_Kashmar_9_03.jpg,No Arch,0,train,no_arch/Old_mud_house_and_dome_-_in_Kashmar_9_03.jpg
TRAIN_04319,پل_خواجو_-_panoramio_-_Farid_Atar_(1).jpg,Has Arch,1,train,has_arch/پل_خواجو_-_panoramio_-_Farid_Atar_(1).jpg
TRAIN_04320,Chehel_Sotoon_Palace_(6223364175).jpg,No Arch,0,train,no_arch/Chehel_Sotoon_Palace_(6223364175).jpg
TRAIN_04321,حانه_تیمورتاش_-_تهران،_شمال_غرب_پادگان_باغشاه_سابق،_داخل_محوطه_دانشگاه_فرماندهی_و_ستاد_(35).jpg,No Arch,0,train,no_arch/حانه_تیمورتاش_-_تهران،_شمال_غرب_پادگان_باغشاه_سابق،_داخل_محوطه_دانشگاه_فرماندهی_و_ستاد_(35).jpg
TRAIN_04322,طاق_پل_دوازده_چشمه.jpg,Has Arch,1,train,has_arch/طاق_پل_دوازده_چشمه.jpg
TRAIN_04323,Imamzadeh_Qasem_(Hashtal)_2.jpg,No Arch,0,train,no_arch/Imamzadeh_Qasem_(Hashtal)_2.jpg
TRAIN_04324,Meybod_Yazd.jpg,No Arch,0,train,no_arch/Meybod_Yazd.jpg
TRAIN_04325,پل_سنگی_پلور_مازندران.jpg,Has Arch,1,train,has_arch/پل_سنگی_پلور_مازندران.jpg
TRAIN_04326,Ebrat_Museum_(021).jpg,No Arch,0,train,no_arch/Ebrat_Museum_(021).jpg
TRAIN_04327,مدرسه-ملا-عبـدالله3.jpg,No Arch,0,train,no_arch/مدرسه-ملا-عبـدالله3.jpg
TRAIN_04328,171210bb_Kashan_maison_marchande_Boroujerdi.jpg,Has Arch,1,train,has_arch/171210bb_Kashan_maison_marchande_Boroujerdi.jpg
TRAIN_04329,Cafe_Pars_Laleh_Zar_Tehran_2005.jpg,No Arch,0,train,no_arch/Cafe_Pars_Laleh_Zar_Tehran_2005.jpg
TRAIN_04330,060_نمای_عمومی_برج_طغرل.jpg,Has Arch,1,train,has_arch/060_نمای_عمومی_برج_طغرل.jpg
TRAIN_04331,Jame_Mosque_Haftshoyeh.jpg,Has Arch,1,train,has_arch/Jame_Mosque_Haftshoyeh.jpg
TRAIN_04332,Iran_Picture_011_(3003016796).jpg,Has Arch,1,train,has_arch/Iran_Picture_011_(3003016796).jpg
TRAIN_04333,Ali_Qapu_palace_(2061133020).jpg,No Arch,0,train,no_arch/Ali_Qapu_palace_(2061133020).jpg
TRAIN_04334,1محوطه_خارجی.jpg,Has Arch,1,train,has_arch/1محوطه_خارجی.jpg
TRAIN_04335,Chalabi_outside.jpg,No Arch,0,train,no_arch/Chalabi_outside.jpg
TRAIN_04336,برج_آب_شماره_یک_منطقه_بوارده_01.jpg,No Arch,0,train,no_arch/برج_آب_شماره_یک_منطقه_بوارده_01.jpg
TRAIN_04337,Isfahan_Icon.jpg,Has Arch,1,train,has_arch/Isfahan_Icon.jpg
TRAIN_04338,تماشاگه_زمان_(خانه_حسین_خداداد)_II.jpg,No Arch,0,train,no_arch/تماشاگه_زمان_(خانه_حسین_خداداد)_II.jpg
TRAIN_04339,DSC_1019--.jpg,Has Arch,1,train,has_arch/DSC_1019--.jpg
TRAIN_04340,Kenargerd_Caravanserai_by_Mardetanha_(1)_31.jpg,Has Arch,1,train,has_arch/Kenargerd_Caravanserai_by_Mardetanha_(1)_31.jpg
TRAIN_04341,کاروانسرای_گنجعلی_خان10.jpg,Has Arch,1,train,has_arch/کاروانسرای_گنجعلی_خان10.jpg
TRAIN_04342,قلعه_گنجعلیخان_11.jpg,No Arch,0,train,no_arch/قلعه_گنجعلیخان_11.jpg
TRAIN_04343,عالی_قاپو5.jpg,No Arch,0,train,no_arch/عالی_قاپو5.jpg
TRAIN_04344,Abbasi-Hotel.jpg,Has Arch,1,train,has_arch/Abbasi-Hotel.jpg
TRAIN_04345,Masjed_jame_yazd_(49).jpg,Has Arch,1,train,has_arch/Masjed_jame_yazd_(49).jpg
TRAIN_04346,مسجد_آخوند_گراش.jpg,No Arch,0,train,no_arch/مسجد_آخوند_گراش.jpg
TRAIN_04347,"Alexander's_Prison,_Yazd_02.jpg",Has Arch,1,train,"has_arch/Alexander's_Prison,_Yazd_02.jpg"
TRAIN_04348,0c69d923_pic-(4)-min.jpg,Has Arch,1,train,has_arch/0c69d923_pic-(4)-min.jpg
TRAIN_04349,_MG_0637.jpg,No Arch,0,train,no_arch/_MG_0637.jpg
TRAIN_04350,Shah_Abbasi_Caravanserai_of_Bisotun2023-10-09_6.jpg,Has Arch,1,train,has_arch/Shah_Abbasi_Caravanserai_of_Bisotun2023-10-09_6.jpg
TRAIN_04351,Joubi_Bridge_Isfahan_Aarash_(6).jpg,Has Arch,1,train,has_arch/Joubi_Bridge_Isfahan_Aarash_(6).jpg
TRAIN_04352,AbAnbar_3.jpg,No Arch,0,train,no_arch/AbAnbar_3.jpg
TRAIN_04353,مسجد_عتیق.jpg,Has Arch,1,train,has_arch/مسجد_عتیق.jpg
TRAIN_04354,"Vakil_bath_,kerman2.jpg",Has Arch,1,train,"has_arch/Vakil_bath_,kerman2.jpg"
TRAIN_04355,01-alighappo-r.jpg,Has Arch,1,train,has_arch/01-alighappo-r.jpg
TRAIN_04356,The_minaret_of_madar_shah_school.jpg,Has Arch,1,train,has_arch/The_minaret_of_madar_shah_school.jpg
TRAIN_04357,Naein_Old_Grand_Bazaar.jpg,Has Arch,1,train,has_arch/Naein_Old_Grand_Bazaar.jpg
TRAIN_04358,Arg_of_Karim_Khan_(21).jpg,No Arch,0,train,no_arch/Arg_of_Karim_Khan_(21).jpg
TRAIN_04359,تیمچه_ملک2.jpg,Has Arch,1,train,has_arch/تیمچه_ملک2.jpg
TRAIN_04360,Urmia_Bazaar-01.jpg,Has Arch,1,train,has_arch/Urmia_Bazaar-01.jpg
TRAIN_04361,Shaabjareh_Old_Castle_09.jpg,No Arch,0,train,no_arch/Shaabjareh_Old_Castle_09.jpg
TRAIN_04362,Iran_(3003033800).jpg,No Arch,0,train,no_arch/Iran_(3003033800).jpg
TRAIN_04363,Emamzadeh_Saleh_-_Tajrish_-Tehran_(25980718363).jpg,Has Arch,1,train,has_arch/Emamzadeh_Saleh_-_Tajrish_-Tehran_(25980718363).jpg
TRAIN_04364,Mehr_padin_castle.jpg,No Arch,0,train,no_arch/Mehr_padin_castle.jpg
TRAIN_04365,بازار_آصف-چال_شیطان.jpg,Has Arch,1,train,has_arch/بازار_آصف-چال_شیطان.jpg
TRAIN_04366,فرهنگسرا.jpg,No Arch,0,train,no_arch/فرهنگسرا.jpg
TRAIN_04367,کاروانسرای-حسنیجه3.jpg,Has Arch,1,train,has_arch/کاروانسرای-حسنیجه3.jpg
TRAIN_04368,مقبره_ملا_حسن_شیرازی_01.jpg,Has Arch,1,train,has_arch/مقبره_ملا_حسن_شیرازی_01.jpg
TRAIN_04369,The_Bazar_at_Tabriz.jpg,Has Arch,1,train,has_arch/The_Bazar_at_Tabriz.jpg
TRAIN_04370,Mahan_(2000)_23.jpg,Has Arch,1,train,has_arch/Mahan_(2000)_23.jpg
TRAIN_04371,بازار_در_ماه_محرم.jpg,Has Arch,1,train,has_arch/بازار_در_ماه_محرم.jpg
TRAIN_04372,اتاقی_درون_عمارت_دیوانخانه_قوام_ملکی.jpg,No Arch,0,train,no_arch/اتاقی_درون_عمارت_دیوانخانه_قوام_ملکی.jpg
TRAIN_04373,Bazar_Kohneh_نمایی_از_بازار_کهنه_قم.jpg,Has Arch,1,train,has_arch/Bazar_Kohneh_نمایی_از_بازار_کهنه_قم.jpg
TRAIN_04374,Caravanserai_Sangi-Mohammadabad_3457367.jpg,No Arch,0,train,no_arch/Caravanserai_Sangi-Mohammadabad_3457367.jpg
TRAIN_04375,پل_دختر_کرج3.jpg,Has Arch,1,train,has_arch/پل_دختر_کرج3.jpg
TRAIN_04376,Miandasht_Caravanserai2023-07-31_15.jpg,No Arch,0,train,no_arch/Miandasht_Caravanserai2023-07-31_15.jpg
TRAIN_04377,حمام_عمومی_فومن_از_روبرو.jpg,No Arch,0,train,no_arch/حمام_عمومی_فومن_از_روبرو.jpg
TRAIN_04378,Iran_-_Isfahan_-_Zayandeh_Rud_^_Khajoo_Bridge_(B^W)_-_panoramio.jpg,Has Arch,1,train,has_arch/Iran_-_Isfahan_-_Zayandeh_Rud_^_Khajoo_Bridge_(B^W)_-_panoramio.jpg
TRAIN_04379,Maranjab5.jpg,Has Arch,1,train,has_arch/Maranjab5.jpg
TRAIN_04380,20190610-_MG_9407.jpg,No Arch,0,train,no_arch/20190610-_MG_9407.jpg
TRAIN_04381,Saint_Mary_Armenian_Church_(Tehran)_5965.jpg,No Arch,0,train,no_arch/Saint_Mary_Armenian_Church_(Tehran)_5965.jpg
TRAIN_04382,حمام_(4).jpg,Has Arch,1,train,has_arch/حمام_(4).jpg
TRAIN_04383,"Al-Nabi_Mosque,_Qazvin1.jpg",Has Arch,1,train,"has_arch/Al-Nabi_Mosque,_Qazvin1.jpg"
TRAIN_04384,Shebli_tomb_tower_by_kheiri.jpg,No Arch,0,train,no_arch/Shebli_tomb_tower_by_kheiri.jpg
TRAIN_04385,ورودی_قدمگاه.jpg,Has Arch,1,train,has_arch/ورودی_قدمگاه.jpg
TRAIN_04386,Ganjali_Khan_Bazaar.jpg,Has Arch,1,train,has_arch/Ganjali_Khan_Bazaar.jpg
TRAIN_04387,مدرسه_چهارباغ_(DSC2713).jpg,Has Arch,1,train,has_arch/مدرسه_چهارباغ_(DSC2713).jpg
TRAIN_04388,Sheikhlotfolah_(cropped).jpg,No Arch,0,train,no_arch/Sheikhlotfolah_(cropped).jpg
TRAIN_04389,Mirza_kuchak_khan_20190503_143125.jpg,Has Arch,1,train,has_arch/Mirza_kuchak_khan_20190503_143125.jpg
TRAIN_04390,Agha_khan_Liravi_Castle_20170330_09.jpg,Has Arch,1,train,has_arch/Agha_khan_Liravi_Castle_20170330_09.jpg
TRAIN_04391,Etehadieh_House.jpg,No Arch,0,train,no_arch/Etehadieh_House.jpg
TRAIN_04392,Abyaneh_358.jpg,Has Arch,1,train,has_arch/Abyaneh_358.jpg
TRAIN_04393,"Time_Museum,_Tehran_2.jpg",Has Arch,1,train,"has_arch/Time_Museum,_Tehran_2.jpg"
TRAIN_04394,MBZ6050118_(2).jpg,No Arch,0,train,no_arch/MBZ6050118_(2).jpg
TRAIN_04395,یک_دیواره_داخلی_کاشی_کاری_شده.jpg,No Arch,0,train,no_arch/یک_دیواره_داخلی_کاشی_کاری_شده.jpg
TRAIN_04396,Bazzar_kashan.jpg,Has Arch,1,train,has_arch/Bazzar_kashan.jpg
TRAIN_04397,Menarjonban_tower_Isfahan_01.jpg,Has Arch,1,train,has_arch/Menarjonban_tower_Isfahan_01.jpg
TRAIN_04398,Aali_ghapou.jpg,Has Arch,1,train,has_arch/Aali_ghapou.jpg
TRAIN_04399,Farah_Abad_Mosque_Hall_View.jpg,Has Arch,1,train,has_arch/Farah_Abad_Mosque_Hall_View.jpg
TRAIN_04400,مسجد_شیخ_لطف_الله.۱.jpg,No Arch,0,train,no_arch/مسجد_شیخ_لطف_الله.۱.jpg
TRAIN_04401,Radkantower9.png,No Arch,0,train,no_arch/Radkantower9.png
TRAIN_04402,دالان_و_راهروی_سمت_راست_آب_انبار.jpg,Has Arch,1,train,has_arch/دالان_و_راهروی_سمت_راست_آب_انبار.jpg
TRAIN_04403,Yahya2.jpg,Has Arch,1,train,has_arch/Yahya2.jpg
TRAIN_04404,Moschee-Isfahan.jpeg,Has Arch,1,train,has_arch/Moschee-Isfahan.jpeg
TRAIN_04405,Bank_Tejarat_Old_Building_5.jpg,Has Arch,1,train,has_arch/Bank_Tejarat_Old_Building_5.jpg
TRAIN_04406,AvicennaBuilding.jpg,No Arch,0,train,no_arch/AvicennaBuilding.jpg
TRAIN_04407,Dairəvi_günbəz_türbəsi_202209_(8).jpg,No Arch,0,train,no_arch/Dairəvi_günbəz_türbəsi_202209_(8).jpg
TRAIN_04408,Kenargerd_Caravanserai_by_Mardetanha_(1)_20.jpg,Has Arch,1,train,has_arch/Kenargerd_Caravanserai_by_Mardetanha_(1)_20.jpg
TRAIN_04409,Khavidak_-_Old_castle_-_3000_years_ago_-_panoramio_(2)_(cropped).jpg,Has Arch,1,train,has_arch/Khavidak_-_Old_castle_-_3000_years_ago_-_panoramio_(2)_(cropped).jpg
TRAIN_04410,UTEH_Pharm.jpg,No Arch,0,train,no_arch/UTEH_Pharm.jpg
TRAIN_04411,Mausoleum_of_Sheikh_Ala_ud-Daula_Simnani_2020-04-06_57.jpg,No Arch,0,train,no_arch/Mausoleum_of_Sheikh_Ala_ud-Daula_Simnani_2020-04-06_57.jpg
TRAIN_04412,Abbas_aabaad_Nights..._02.jpg,Has Arch,1,train,has_arch/Abbas_aabaad_Nights..._02.jpg
TRAIN_04413,4675456-mahyar.jpg,Has Arch,1,train,has_arch/4675456-mahyar.jpg
TRAIN_04414,سردرب_آب_انبار.jpg,Has Arch,1,train,has_arch/سردرب_آب_انبار.jpg
TRAIN_04415,بازار_کرمان.jpg,Has Arch,1,train,has_arch/بازار_کرمان.jpg
TRAIN_04416,Narin_Castle_20190322_11.jpg,Has Arch,1,train,has_arch/Narin_Castle_20190322_11.jpg
TRAIN_04417,Chapel_of_Chupan_2016-12-10_08.jpg,No Arch,0,train,no_arch/Chapel_of_Chupan_2016-12-10_08.jpg
TRAIN_04418,Fazeli_sere_09.jpg,No Arch,0,train,no_arch/Fazeli_sere_09.jpg
TRAIN_04419,مقبره_شیخ_عبدالسلام_1.jpg,Has Arch,1,train,has_arch/مقبره_شیخ_عبدالسلام_1.jpg
TRAIN_04420,France_Pastry_01.jpg,No Arch,0,train,no_arch/France_Pastry_01.jpg
TRAIN_04421,Sakhtemane_kooshk_5.jpg,No Arch,0,train,no_arch/Sakhtemane_kooshk_5.jpg
TRAIN_04422,Tmp_24831-20140731_110950-1431215410.jpg,Has Arch,1,train,has_arch/Tmp_24831-20140731_110950-1431215410.jpg
TRAIN_04423,Khaju_Bridge_Isfahan_Aarash_(12).jpg,Has Arch,1,train,has_arch/Khaju_Bridge_Isfahan_Aarash_(12).jpg
TRAIN_04424,Jarchi_Bashi_Bath_01.jpg,Has Arch,1,train,has_arch/Jarchi_Bashi_Bath_01.jpg
TRAIN_04425,Masjed_jame_saveh1.jpg,No Arch,0,train,no_arch/Masjed_jame_saveh1.jpg
TRAIN_04426,رباط_شرف.jpg,No Arch,0,train,no_arch/رباط_شرف.jpg
TRAIN_04427,3_Gonbad_Photo1.jpg,No Arch,0,train,no_arch/3_Gonbad_Photo1.jpg
TRAIN_04428,Negarestan_Garden_15.jpg,No Arch,0,train,no_arch/Negarestan_Garden_15.jpg
TRAIN_04429,"Neighborhood_Mosalla,_فین_علیا،_Kashan,_Isfahan_Province,_Iran_-_panoramio_(7).jpg",Has Arch,1,train,"has_arch/Neighborhood_Mosalla,_فین_علیا،_Kashan,_Isfahan_Province,_Iran_-_panoramio_(7).jpg"
TRAIN_04430,"Qeysarie_Gate,_Sheykh_Lotfollah_Mosque,_01.jpg",Has Arch,1,train,"has_arch/Qeysarie_Gate,_Sheykh_Lotfollah_Mosque,_01.jpg"
TRAIN_04431,Ərfəülmülkün_evi_(1).jpg,No Arch,0,train,no_arch/Ərfəülmülkün_evi_(1).jpg
TRAIN_04432,Detail_view_of_chambers_and_their_plaster_decoration_and_the_brick_screen.jpg,No Arch,0,train,no_arch/Detail_view_of_chambers_and_their_plaster_decoration_and_the_brick_screen.jpg
TRAIN_04433,Imamzade_Saleh4.jpg,Has Arch,1,train,has_arch/Imamzade_Saleh4.jpg
TRAIN_04434,Abu_Osman_Maghrebi_Mausoleum_(7).jpg,Has Arch,1,train,has_arch/Abu_Osman_Maghrebi_Mausoleum_(7).jpg
TRAIN_04435,بنای_تاریخی_میر_زبیر_سیرجان.jpg,No Arch,0,train,no_arch/بنای_تاریخی_میر_زبیر_سیرجان.jpg
TRAIN_04436,Yazd_-_Bad_gir_-_Windcatcher_-_panoramio.jpg,No Arch,0,train,no_arch/Yazd_-_Bad_gir_-_Windcatcher_-_panoramio.jpg
TRAIN_04437,سرای_گلشن-1.jpg,No Arch,0,train,no_arch/سرای_گلشن-1.jpg
TRAIN_04438,K.sh.baran8.jpg,No Arch,0,train,no_arch/K.sh.baran8.jpg
TRAIN_04439,کاروانسرا_بیستون.jpg,No Arch,0,train,no_arch/کاروانسرا_بیستون.jpg
TRAIN_04440,Sa'dabad_Complex_3355727.jpg,No Arch,0,train,no_arch/Sa'dabad_Complex_3355727.jpg
TRAIN_04441,Architecture_of_Shiraz_04.jpg,Has Arch,1,train,has_arch/Architecture_of_Shiraz_04.jpg
TRAIN_04442,قبه_سبز.jpg,Has Arch,1,train,has_arch/قبه_سبز.jpg
TRAIN_04443,Davazdah_Cheshmeh_Bridge_1.jpg,Has Arch,1,train,has_arch/Davazdah_Cheshmeh_Bridge_1.jpg
TRAIN_04444,بازار_قلعه_محمود8.jpg,Has Arch,1,train,has_arch/بازار_قلعه_محمود8.jpg
TRAIN_04445,Partial_view_of_iwans_and_the_brick_tower_and_the_sky.jpg,Has Arch,1,train,has_arch/Partial_view_of_iwans_and_the_brick_tower_and_the_sky.jpg
TRAIN_04446,20180406_183507Tomb_of_Khajeh_Atabak_-_Kerman.jpg,No Arch,0,train,no_arch/20180406_183507Tomb_of_Khajeh_Atabak_-_Kerman.jpg
TRAIN_04447,1398122612473844619923954_روزهای_خلوت_تهران.jpg,No Arch,0,train,no_arch/1398122612473844619923954_روزهای_خلوت_تهران.jpg
TRAIN_04448,"Iran_2066_Kashan,_Iran_(8648427527).jpg",No Arch,0,train,"no_arch/Iran_2066_Kashan,_Iran_(8648427527).jpg"
TRAIN_04449,کاروان_سرای_گلشن_4.jpg,No Arch,0,train,no_arch/کاروان_سرای_گلشن_4.jpg
TRAIN_04450,Red_Mosque_Of_Chors26.jpg,Has Arch,1,train,has_arch/Red_Mosque_Of_Chors26.jpg
TRAIN_04451,خانه_زینت_الملک_شیراز_ایران-khane_zinat_o_lmalek_shiraz_iran_09.jpg,No Arch,0,train,no_arch/خانه_زینت_الملک_شیراز_ایران-khane_zinat_o_lmalek_shiraz_iran_09.jpg
TRAIN_04452,Inside_the_Zein-o-din_Caravanserai_(6223677738).jpg,Has Arch,1,train,has_arch/Inside_the_Zein-o-din_Caravanserai_(6223677738).jpg
TRAIN_04453,Mosques_in_Isfahan_02.jpg,Has Arch,1,train,has_arch/Mosques_in_Isfahan_02.jpg
TRAIN_04454,مسجد_اشترجان_3.jpg,Has Arch,1,train,has_arch/مسجد_اشترجان_3.jpg
TRAIN_04455,Esfahan_Chehelsoton.jpg,Has Arch,1,train,has_arch/Esfahan_Chehelsoton.jpg
TRAIN_04456,Saveh_Mosque_5.jpg,Has Arch,1,train,has_arch/Saveh_Mosque_5.jpg
TRAIN_04457,Ribat-i_Sharaf_-_1_June_2011_02.jpg,Has Arch,1,train,has_arch/Ribat-i_Sharaf_-_1_June_2011_02.jpg
TRAIN_04458,Ganjali_khan_bath_2_Duplicate_تصویر_اصلی.jpg,Has Arch,1,train,has_arch/Ganjali_khan_bath_2_Duplicate_تصویر_اصلی.jpg
TRAIN_04459,Jameh_Mosque_of_Varamin_20190514_12.jpg,Has Arch,1,train,has_arch/Jameh_Mosque_of_Varamin_20190514_12.jpg
TRAIN_04460,بازار_کرمان_(29).jpg,Has Arch,1,train,has_arch/بازار_کرمان_(29).jpg
TRAIN_04461,کلیسای_ارامنه_آبادان_درب_ورودی.jpg,No Arch,0,train,no_arch/کلیسای_ارامنه_آبادان_درب_ورودی.jpg
TRAIN_04462,Meyandasht_old_town_6_-_panoramio.jpg,No Arch,0,train,no_arch/Meyandasht_old_town_6_-_panoramio.jpg
TRAIN_04463,منار_زیار.jpg,No Arch,0,train,no_arch/منار_زیار.jpg
TRAIN_04464,33_Bridges_3.jpg,Has Arch,1,train,has_arch/33_Bridges_3.jpg
TRAIN_04465,Abbasi_hotel (2).jpg,Has Arch,1,train,has_arch/Abbasi_hotel (2).jpg
TRAIN_04466,AMINI_1.jpg,No Arch,0,train,no_arch/AMINI_1.jpg
TRAIN_04467,Wiki_Loves_Monuments_2018_Iran_-_Yazd_-_Dowlat_Abad_Garden-4.jpg,Has Arch,1,train,has_arch/Wiki_Loves_Monuments_2018_Iran_-_Yazd_-_Dowlat_Abad_Garden-4.jpg
TRAIN_04468,بازار_کرمان_(10).jpg,Has Arch,1,train,has_arch/بازار_کرمان_(10).jpg
TRAIN_04469,پل_شاپور_شیرگاه.jpg,Has Arch,1,train,has_arch/پل_شاپور_شیرگاه.jpg
TRAIN_04470,Mir-Gholam_Fortress.jpg,No Arch,0,train,no_arch/Mir-Gholam_Fortress.jpg
TRAIN_04471,No.2082-باغ_نگارستان.jpg,No Arch,0,train,no_arch/No.2082-باغ_نگارستان.jpg
TRAIN_04472,Hashtal_Tower_8171.jpg,No Arch,0,train,no_arch/Hashtal_Tower_8171.jpg
TRAIN_04473,Akhangan_880112-.jpg,No Arch,0,train,no_arch/Akhangan_880112-.jpg
TRAIN_04474,The-Firouzeh-House-Arak-Markazi-Province---27223.jpg,No Arch,0,train,no_arch/The-Firouzeh-House-Arak-Markazi-Province---27223.jpg
TRAIN_04475,3-2-1.jpg,No Arch,0,train,no_arch/3-2-1.jpg
TRAIN_04476,کاروانسرای_دهبید1.jpg,Has Arch,1,train,has_arch/کاروانسرای_دهبید1.jpg
TRAIN_04477,Emamzade_Yahya_02.jpg,No Arch,0,train,no_arch/Emamzade_Yahya_02.jpg
TRAIN_04478,Mahan_(2000)_17.jpg,Has Arch,1,train,has_arch/Mahan_(2000)_17.jpg
TRAIN_04479,Interior_of_Blue_(Kabud)_Mosque_-_Tabriz_-_Iranian_Azerbaijan_-_Iran_-_01_(7421681942).jpg,Has Arch,1,train,has_arch/Interior_of_Blue_(Kabud)_Mosque_-_Tabriz_-_Iranian_Azerbaijan_-_Iran_-_01_(7421681942).jpg
TRAIN_04480,"Sheikh_Bastami_Mosque_(Bastam,_Semnan)_-_10.jpg",Has Arch,1,train,"has_arch/Sheikh_Bastami_Mosque_(Bastam,_Semnan)_-_10.jpg"
TRAIN_04481,Sarraye_Omid2.jpg,No Arch,0,train,no_arch/Sarraye_Omid2.jpg
TRAIN_04482,پل_های_تاریخی_کرج_(2).jpg,Has Arch,1,train,has_arch/پل_های_تاریخی_کرج_(2).jpg
TRAIN_04483,Kenargerd_Caravanserai_2019-07-10_31.jpg,Has Arch,1,train,has_arch/Kenargerd_Caravanserai_2019-07-10_31.jpg
TRAIN_04484,عمارت_دژ_برازجان.jpg,Has Arch,1,train,has_arch/عمارت_دژ_برازجان.jpg
TRAIN_04485,Golpayegan's__minaret__door.jpg,No Arch,0,train,no_arch/Golpayegan's__minaret__door.jpg
TRAIN_04486,1395-11-29_143237_HDR~2.jpg,No Arch,0,train,no_arch/1395-11-29_143237_HDR~2.jpg
TRAIN_04487,Davazdah_Cheshmeh_Bridge_Iran.jpg,Has Arch,1,train,has_arch/Davazdah_Cheshmeh_Bridge_Iran.jpg
TRAIN_04488,Kolbadi-House-Garmsar-LED-Architects---26743.jpg,No Arch,0,train,no_arch/Kolbadi-House-Garmsar-LED-Architects---26743.jpg
TRAIN_04489,خانه_عباسی_ها.jpg,Has Arch,1,train,has_arch/خانه_عباسی_ها.jpg
TRAIN_04490,"Muralla_en_Yazd,_Irán,_2016-09-21,_DD_32.jpg",No Arch,0,train,"no_arch/Muralla_en_Yazd,_Irán,_2016-09-21,_DD_32.jpg"
TRAIN_04491,"2020-01-03_Iran,_Kerman,_Mahan,_Shah_Nematollah_Vali_Shrine_DSC_0173_DxO.jpg",Has Arch,1,train,"has_arch/2020-01-03_Iran,_Kerman,_Mahan,_Shah_Nematollah_Vali_Shrine_DSC_0173_DxO.jpg"
TRAIN_04492,Roofed_Bazaar_of_nishapur_(9).jpg,No Arch,0,train,no_arch/Roofed_Bazaar_of_nishapur_(9).jpg
TRAIN_04493,Saint_John_the_Baptist_Church_(Isfahan).jpg,No Arch,0,train,no_arch/Saint_John_the_Baptist_Church_(Isfahan).jpg
TRAIN_04494,Jameh_Mosque_of_Urmia-7.jpg,Has Arch,1,train,has_arch/Jameh_Mosque_of_Urmia-7.jpg
TRAIN_04495,Ali_Qapu_Palace_(6223389369).jpg,No Arch,0,train,no_arch/Ali_Qapu_Palace_(6223389369).jpg
TRAIN_04496,"Cathédrale_Saint-Joseph,_Téhéran_(1) (1).jpg",No Arch,0,train,"no_arch/Cathédrale_Saint-Joseph,_Téhéran_(1) (1).jpg"
TRAIN_04497,Isfahan_Vank_Church_and_Museum_06.jpg,No Arch,0,train,no_arch/Isfahan_Vank_Church_and_Museum_06.jpg
TRAIN_04498,Golshan_Caravanserai_1.jpg,Has Arch,1,train,has_arch/Golshan_Caravanserai_1.jpg
TRAIN_04499,((_زمستان_گنبد_غفاریه=winter-Ghafarie_Dome))_-_panoramio.jpg,No Arch,0,train,no_arch/((_زمستان_گنبد_غفاریه=winter-Ghafarie_Dome))_-_panoramio.jpg
TRAIN_04500,2-Atigh-Square-Alireza-Okhovat-2800.jpg,Has Arch,1,train,has_arch/2-Atigh-Square-Alireza-Okhovat-2800.jpg
TRAIN_04501,عبور_از_پل_ورزنه.jpg,Has Arch,1,train,has_arch/عبور_از_پل_ورزنه.jpg
TRAIN_04502,Khane_fazel_araghi_10.jpg,No Arch,0,train,no_arch/Khane_fazel_araghi_10.jpg
TRAIN_04503,امامزاده_جعفر_دامغان_11.jpg,No Arch,0,train,no_arch/امامزاده_جعفر_دامغان_11.jpg
TRAIN_04504,"Si-o-Seh_Bridge_(Esfahan,_Iran)_(28515534351).jpg",Has Arch,1,train,"has_arch/Si-o-Seh_Bridge_(Esfahan,_Iran)_(28515534351).jpg"
TRAIN_04505,View_from_the_second_floor_gallery_to_the_adjacent_garden.jpg,Has Arch,1,train,has_arch/View_from_the_second_floor_gallery_to_the_adjacent_garden.jpg
TRAIN_04506,امامزاده_محروق_6.jpg,No Arch,0,train,no_arch/امامزاده_محروق_6.jpg
TRAIN_04507,Qal'eh_Nassir_Caravanserai2017_6.jpg,No Arch,0,train,no_arch/Qal'eh_Nassir_Caravanserai2017_6.jpg
TRAIN_04508,"Grand_Bazaar,_Tehran_12.jpg",Has Arch,1,train,"has_arch/Grand_Bazaar,_Tehran_12.jpg"
TRAIN_04509,13990124000673637223050995337024_روزهای_کرونایی_در_کهریزک.jpg,No Arch,0,train,no_arch/13990124000673637223050995337024_روزهای_کرونایی_در_کهریزک.jpg
TRAIN_04510,Shah_Mosque_Isfahan_Aarash_(168).jpg,Has Arch,1,train,has_arch/Shah_Mosque_Isfahan_Aarash_(168).jpg
TRAIN_04511,"Amir_Chakhmaq_Complex,_Yazd,_Iran_(1258783348).jpg",Has Arch,1,train,"has_arch/Amir_Chakhmaq_Complex,_Yazd,_Iran_(1258783348).jpg"
TRAIN_04512,KirmiziGUNBEZ-قیرمیزی_گونبذ-گنبدسرخ.jpg,No Arch,0,train,no_arch/KirmiziGUNBEZ-قیرمیزی_گونبذ-گنبدسرخ.jpg
TRAIN_04513,"Bazaar_de_Teherán,_Teherán,_Irán,_2016-09-17,_DD_53.jpg",Has Arch,1,train,"has_arch/Bazaar_de_Teherán,_Teherán,_Irán,_2016-09-17,_DD_53.jpg"
TRAIN_04514,Ribat-i_Sharaf_-_1_June_2011_12.jpg,No Arch,0,train,no_arch/Ribat-i_Sharaf_-_1_June_2011_12.jpg
TRAIN_04515,Alexander's_prison_(21042288895).jpg,Has Arch,1,train,has_arch/Alexander's_prison_(21042288895).jpg
TRAIN_04516,53-Isfahan_(16273598455).jpg,No Arch,0,train,no_arch/53-Isfahan_(16273598455).jpg
TRAIN_04517,"2021.R.15-18r_-_Iran,_Fluted_Tower_with_Conical_Dome_near_a_Village.jpg",No Arch,0,train,"no_arch/2021.R.15-18r_-_Iran,_Fluted_Tower_with_Conical_Dome_near_a_Village.jpg"
TRAIN_04518,Shah_Abbasi_Caravanserai_of_Bisotun2015-05-21_13.jpg,Has Arch,1,train,has_arch/Shah_Abbasi_Caravanserai_of_Bisotun2015-05-21_13.jpg
TRAIN_04519,قلعه_قمرود.jpg,No Arch,0,train,no_arch/قلعه_قمرود.jpg
TRAIN_04520,Itikaf_in_Jameh_Mosque_of_Tehran2023-02-04_24.jpg,Has Arch,1,train,has_arch/Itikaf_in_Jameh_Mosque_of_Tehran2023-02-04_24.jpg
TRAIN_04521,Ali_Ebn-e_Hamzeh_shrine_-_panoramio_(1).jpg,Has Arch,1,train,has_arch/Ali_Ebn-e_Hamzeh_shrine_-_panoramio_(1).jpg
TRAIN_04522,Greek_church_of_Virgin_Mary_Tehran.jpg,No Arch,0,train,no_arch/Greek_church_of_Virgin_Mary_Tehran.jpg
TRAIN_04523,آب_انبار_میدان_ندوشن.jpg,Has Arch,1,train,has_arch/آب_انبار_میدان_ندوشن.jpg
TRAIN_04524,Rezarafieiraad1368-AAAS.jpg,No Arch,0,train,no_arch/Rezarafieiraad1368-AAAS.jpg
TRAIN_04525,Marvi_Avenue._Bazaar-Tehran._By_Anna_Shahmoradi.jpg,No Arch,0,train,no_arch/Marvi_Avenue._Bazaar-Tehran._By_Anna_Shahmoradi.jpg
TRAIN_04526,Sohraghe.jpg,No Arch,0,train,no_arch/Sohraghe.jpg
TRAIN_04527,Sa'd_al-Saltaneh_Caravanserai2024-03-28_5.jpg,Has Arch,1,train,has_arch/Sa'd_al-Saltaneh_Caravanserai2024-03-28_5.jpg
TRAIN_04528,Jame'_Mosque_of_Damghan_2019-04-04_05.jpg,Has Arch,1,train,has_arch/Jame'_Mosque_of_Damghan_2019-04-04_05.jpg
TRAIN_04529,Masjid-e_Agha_Bozorg_(20990092566).jpg,Has Arch,1,train,has_arch/Masjid-e_Agha_Bozorg_(20990092566).jpg
TRAIN_04530,Mohammad_Abad_stony_caravanserai_2020-05-31_04.jpg,Has Arch,1,train,has_arch/Mohammad_Abad_stony_caravanserai_2020-05-31_04.jpg
TRAIN_04531,Desert_(4).jpg,Has Arch,1,train,has_arch/Desert_(4).jpg
TRAIN_04532,Kenargerd_Caravanserai_by_Mardetanha_(1)_49.jpg,Has Arch,1,train,has_arch/Kenargerd_Caravanserai_by_Mardetanha_(1)_49.jpg
TRAIN_04533,مقبره_پير_زهرنوش1.jpg,No Arch,0,train,no_arch/مقبره_پير_زهرنوش1.jpg
TRAIN_04534,Abbasid_Caravanseray_of_Nishapur_(Ribati-i-Abbasi_of_Nishapur)_-_Morning_014.jpg,No Arch,0,train,no_arch/Abbasid_Caravanseray_of_Nishapur_(Ribati-i-Abbasi_of_Nishapur)_-_Morning_014.jpg
TRAIN_04535,Madrasa_and_dome_exterior_of_Shah_Mosque_Isfahan_2014_(7).jpg,Has Arch,1,train,has_arch/Madrasa_and_dome_exterior_of_Shah_Mosque_Isfahan_2014_(7).jpg
TRAIN_04536,Jāme_Mosque_of_Urmia_13960108_04.jpg,Has Arch,1,train,has_arch/Jāme_Mosque_of_Urmia_13960108_04.jpg
TRAIN_04537,Bahram_Palace_27.jpg,Has Arch,1,train,has_arch/Bahram_Palace_27.jpg
TRAIN_04538,Khaf-khargerd-ghyasiye_school2.jpg,No Arch,0,train,no_arch/Khaf-khargerd-ghyasiye_school2.jpg
TRAIN_04539,Jameh_Mosque_of_Yazd_-_18_December_2017_20.jpg,Has Arch,1,train,has_arch/Jameh_Mosque_of_Yazd_-_18_December_2017_20.jpg
TRAIN_04540,Ghafarie-closeup.jpg,No Arch,0,train,no_arch/Ghafarie-closeup.jpg
TRAIN_04541,"Berke_Haj_ASSDOALLAH,Gerash,Fars,Iran-Photo_by_Abolhassan_Hosseini.jpg",Has Arch,1,train,"has_arch/Berke_Haj_ASSDOALLAH,Gerash,Fars,Iran-Photo_by_Abolhassan_Hosseini.jpg"
TRAIN_04542,Qal'eh_Nassir_Caravanserai2017_4.jpg,No Arch,0,train,no_arch/Qal'eh_Nassir_Caravanserai2017_4.jpg
TRAIN_04543,Kheirabad_school_20170327_07.jpg,Has Arch,1,train,has_arch/Kheirabad_school_20170327_07.jpg
TRAIN_04544,Kenargerd_Caravanserai_by_Mardetanha_(1)_27.jpg,Has Arch,1,train,has_arch/Kenargerd_Caravanserai_by_Mardetanha_(1)_27.jpg
TRAIN_04545,"Shafiabad_(Shahdad),_Kerman_Province,_Iran_(42688722402).jpg",Has Arch,1,train,"has_arch/Shafiabad_(Shahdad),_Kerman_Province,_Iran_(42688722402).jpg"
TRAIN_04546,"CH-NB_-_Persien,_Isfahan-_Freitagsmoschee_-_Annemarie_Schwarzenbach_-_SLA-Schwarzenbach-A-5-07-031.jpg",Has Arch,1,train,"has_arch/CH-NB_-_Persien,_Isfahan-_Freitagsmoschee_-_Annemarie_Schwarzenbach_-_SLA-Schwarzenbach-A-5-07-031.jpg"
TRAIN_04547,"Grand_Bazaar,_Tehran_14.jpg",Has Arch,1,train,"has_arch/Grand_Bazaar,_Tehran_14.jpg"
TRAIN_04548,Eskan_complexes_-_Mirdamad_boulevard.jpg,No Arch,0,train,no_arch/Eskan_complexes_-_Mirdamad_boulevard.jpg
TRAIN_04549,Screenshot (740).png,Has Arch,1,train,has_arch/Screenshot (740).png
TRAIN_04550,Qazvin_bazaar20180714_152342.jpg,Has Arch,1,train,has_arch/Qazvin_bazaar20180714_152342.jpg
TRAIN_04551,8_Mobile_graphy_hamed_jooyafar_2021.jpg,Has Arch,1,train,has_arch/8_Mobile_graphy_hamed_jooyafar_2021.jpg
TRAIN_04552,قلعه_گنجعلیخان_9.jpg,No Arch,0,train,no_arch/قلعه_گنجعلیخان_9.jpg
TRAIN_04553,"Ali_Gholi_Agha_hammam,_Isfahan,_Iran.jpg",Has Arch,1,train,"has_arch/Ali_Gholi_Agha_hammam,_Isfahan,_Iran.jpg"
TRAIN_04554,مسجد1403.jpg,No Arch,0,train,no_arch/مسجد1403.jpg
TRAIN_04555,Miandasht_Caravanserai2023-07-31_7.jpg,No Arch,0,train,no_arch/Miandasht_Caravanserai2023-07-31_7.jpg
TRAIN_04556,"Ceiling_of_Mozaffariyeh,_Grand_Bazzar_of_Tabriz,_IRAN.jpg",Has Arch,1,train,"has_arch/Ceiling_of_Mozaffariyeh,_Grand_Bazzar_of_Tabriz,_IRAN.jpg"
TRAIN_04557,Bazaar_of_Tabriz_2020-03-13_06.jpg,No Arch,0,train,no_arch/Bazaar_of_Tabriz_2020-03-13_06.jpg
TRAIN_04558,Shah_Abbasi_Caravanserai_of_Bisotun2021_18.jpg,Has Arch,1,train,has_arch/Shah_Abbasi_Caravanserai_of_Bisotun2021_18.jpg
TRAIN_04559,1907596.jpg,No Arch,0,train,no_arch/1907596.jpg
TRAIN_04560,حمام_فین_کاشان.jpg,Has Arch,1,train,has_arch/حمام_فین_کاشان.jpg
TRAIN_04561,Arslan_Jazeb_Mausoleum2022-07-19_12.jpg,No Arch,0,train,no_arch/Arslan_Jazeb_Mausoleum2022-07-19_12.jpg
TRAIN_04562,295A1970.jpg,Has Arch,1,train,has_arch/295A1970.jpg
TRAIN_04563,Ali_Qapu_Palace_(6223379939).jpg,No Arch,0,train,no_arch/Ali_Qapu_Palace_(6223379939).jpg
TRAIN_04564,Yazd-mohsen_salari-7.jpg,Has Arch,1,train,has_arch/Yazd-mohsen_salari-7.jpg
TRAIN_04565,295A7138.jpg,No Arch,0,train,no_arch/295A7138.jpg
TRAIN_04566,20180319_171046Hayati_Economuseum.jpg,No Arch,0,train,no_arch/20180319_171046Hayati_Economuseum.jpg
TRAIN_04567,Tehran_Grand_Bazaar_2.jpg,Has Arch,1,train,has_arch/Tehran_Grand_Bazaar_2.jpg
TRAIN_04568,كاروانساري_جلوگير.jpg,Has Arch,1,train,has_arch/كاروانساري_جلوگير.jpg
TRAIN_04569,X_(1600x1200).jpg,No Arch,0,train,no_arch/X_(1600x1200).jpg
TRAIN_04570,Indoor_area_of_banoo_Hayati_school.jpg,Has Arch,1,train,has_arch/Indoor_area_of_banoo_Hayati_school.jpg
TRAIN_04571,Simin_&_Jalal_Museum_House_2493.jpg,No Arch,0,train,no_arch/Simin_&_Jalal_Museum_House_2493.jpg
TRAIN_04572,Broken_windowpane_of_Mojtahedi_Mansion_-_Nishapur(Edited)_2.jpg,No Arch,0,train,no_arch/Broken_windowpane_of_Mojtahedi_Mansion_-_Nishapur(Edited)_2.jpg
TRAIN_04573,Khan_Caravanserai14.jpg,Has Arch,1,train,has_arch/Khan_Caravanserai14.jpg
TRAIN_04574,Sheikh_mansour_khazaei.jpg,No Arch,0,train,no_arch/Sheikh_mansour_khazaei.jpg
TRAIN_04575,Ganjalikhan12.jpg,Has Arch,1,train,has_arch/Ganjalikhan12.jpg
TRAIN_04576,32097-Isfahan-Iman-Square_(3444459016).jpg,No Arch,0,train,no_arch/32097-Isfahan-Iman-Square_(3444459016).jpg
TRAIN_04577,۲۰۱۹۱۰۰۱_۰۹۱۱۴۷صویر_ساختمان_ثبت_اسناد_و_املاک_کشور_توسط_محمدرضا_بنانی.jpg,No Arch,0,train,no_arch/۲۰۱۹۱۰۰۱_۰۹۱۱۴۷صویر_ساختمان_ثبت_اسناد_و_املاک_کشور_توسط_محمدرضا_بنانی.jpg
TRAIN_04578,Hamame_qajar.jpg,Has Arch,1,train,has_arch/Hamame_qajar.jpg
TRAIN_04579,Winter-house-in-Bukan-Iran-by-Shoresh-Abed-CAOI---25495.jpg,No Arch,0,train,no_arch/Winter-house-in-Bukan-Iran-by-Shoresh-Abed-CAOI---25495.jpg
TRAIN_04580,990803-Khash-IMG_5971-2.jpg,No Arch,0,train,no_arch/990803-Khash-IMG_5971-2.jpg
TRAIN_04581,Bank_Tejarat_Old_Building_4.jpg,Has Arch,1,train,has_arch/Bank_Tejarat_Old_Building_4.jpg
TRAIN_04582,Iranian-clinic-building-design-30.jpg,No Arch,0,train,no_arch/Iranian-clinic-building-design-30.jpg
TRAIN_04583,"St._Joseph_Assyrian_Catholic_Church,_Tehran.jpg",No Arch,0,train,"no_arch/St._Joseph_Assyrian_Catholic_Church,_Tehran.jpg"
TRAIN_04584,Kenargerd_Caravanserai_by_Mardetanha_(1)_22.jpg,Has Arch,1,train,has_arch/Kenargerd_Caravanserai_by_Mardetanha_(1)_22.jpg
TRAIN_04585,Central_Mosque-Ghazvin_(3).jpg,Has Arch,1,train,has_arch/Central_Mosque-Ghazvin_(3).jpg
TRAIN_04586,Central_Library_of_the_University_of_Tehran9.jpg,No Arch,0,train,no_arch/Central_Library_of_the_University_of_Tehran9.jpg
TRAIN_04587,دانشکده_پزشکی_دانشگاه_تهران_01.jpg,No Arch,0,train,no_arch/دانشکده_پزشکی_دانشگاه_تهران_01.jpg
TRAIN_04588,Farahabad_Mosque_-_28_March_2018_01.jpg,Has Arch,1,train,has_arch/Farahabad_Mosque_-_28_March_2018_01.jpg
TRAIN_04589,Khane_professor_adl_5.jpg,No Arch,0,train,no_arch/Khane_professor_adl_5.jpg
TRAIN_04590,کاروانسرای_رشتی_عقدا_3.jpg,Has Arch,1,train,has_arch/کاروانسرای_رشتی_عقدا_3.jpg
TRAIN_04591,Imamsquare1.jpg,Has Arch,1,train,has_arch/Imamsquare1.jpg
TRAIN_04592,کاروانسرای_شاه_عباسی_کرج_(6).jpg,Has Arch,1,train,has_arch/کاروانسرای_شاه_عباسی_کرج_(6).jpg
TRAIN_04593,Haydar_Amuli_Mausoleum_2.jpg,No Arch,0,train,no_arch/Haydar_Amuli_Mausoleum_2.jpg
TRAIN_04594,877f554e_pic-(2)-min.jpg,Has Arch,1,train,has_arch/877f554e_pic-(2)-min.jpg
TRAIN_04595,DSC_0002-.jpg,Has Arch,1,train,has_arch/DSC_0002-.jpg
TRAIN_04596,کاروان_سرای_خرگور_2.jpg,Has Arch,1,train,has_arch/کاروان_سرای_خرگور_2.jpg
TRAIN_04597,ASM_4396.jpg,Has Arch,1,train,has_arch/ASM_4396.jpg
TRAIN_04598,Abbasid_Caravanseray_of_Nishapur_(Ribati-i-Abbasi_of_Nishapur)_-_Morning_231.jpg,No Arch,0,train,no_arch/Abbasid_Caravanseray_of_Nishapur_(Ribati-i-Abbasi_of_Nishapur)_-_Morning_231.jpg
TRAIN_04599,Abachi_Passage.jpg,No Arch,0,train,no_arch/Abachi_Passage.jpg
TRAIN_04600,Interior_of_Jameh_Mosque_in_Natanz.jpg,No Arch,0,train,no_arch/Interior_of_Jameh_Mosque_in_Natanz.jpg
TRAIN_04601,A437_-_Copy.jpg,Has Arch,1,train,has_arch/A437_-_Copy.jpg
TRAIN_04602,قلعه_دختر_دوم_کرمان_5.jpg,No Arch,0,train,no_arch/قلعه_دختر_دوم_کرمان_5.jpg
TRAIN_04603,Municipality_of_Rasht-_guilan-_Iran-_right_before_sunset.jpg,No Arch,0,train,no_arch/Municipality_of_Rasht-_guilan-_Iran-_right_before_sunset.jpg
TRAIN_04604,Arg_of_Karim_Khan_(18).jpg,No Arch,0,train,no_arch/Arg_of_Karim_Khan_(18).jpg
TRAIN_04605,"Sanandaj,_Iran_2013_(14)_(15002594806).jpg",Has Arch,1,train,"has_arch/Sanandaj,_Iran_2013_(14)_(15002594806).jpg"
TRAIN_04606,Kazhe-Lounge-Qom-by-Shabahang-Architecture-Office---29798.jpg,No Arch,0,train,no_arch/Kazhe-Lounge-Qom-by-Shabahang-Architecture-Office---29798.jpg
TRAIN_04607,Naqsh-e_Jahan_Square_Isfahan_Aarash_(29).jpg,Has Arch,1,train,has_arch/Naqsh-e_Jahan_Square_Isfahan_Aarash_(29).jpg
TRAIN_04608,"Malek_Soltan_Jarchi_Bashi,_by_Mardetanha_(13)_result.jpg",Has Arch,1,train,"has_arch/Malek_Soltan_Jarchi_Bashi,_by_Mardetanha_(13)_result.jpg"
TRAIN_04609,CH_Hovans4.jpg,No Arch,0,train,no_arch/CH_Hovans4.jpg
TRAIN_04610,خانه_ابوالحسن_صبا_1.jpg,No Arch,0,train,no_arch/خانه_ابوالحسن_صبا_1.jpg
TRAIN_04611,Shah_Mosque_Nagsh-e_Jahan_square(Back_yard).jpg,Has Arch,1,train,has_arch/Shah_Mosque_Nagsh-e_Jahan_square(Back_yard).jpg
TRAIN_04612,Iran_-_Yazd_-_Fahadan_-_Badgir_(Windcatcher)_-_panoramio.jpg,No Arch,0,train,no_arch/Iran_-_Yazd_-_Fahadan_-_Badgir_(Windcatcher)_-_panoramio.jpg
TRAIN_04613,درب_ورودی_حمام_توده_-_1.jpg,No Arch,0,train,no_arch/درب_ورودی_حمام_توده_-_1.jpg
TRAIN_04614,Lasjerd_Caravansary._Semnan_1.jpg,Has Arch,1,train,has_arch/Lasjerd_Caravansary._Semnan_1.jpg
TRAIN_04615,Kheirabad_school_20170327_09.jpg,No Arch,0,train,no_arch/Kheirabad_school_20170327_09.jpg
TRAIN_04616,ورودی_هواخوری_بند_مارکوف_زندان_قصر.jpg,No Arch,0,train,no_arch/ورودی_هواخوری_بند_مارکوف_زندان_قصر.jpg
TRAIN_04617,"Jahāngir_Hall,_Iran,_monument_12097_(2).jpg",Has Arch,1,train,"has_arch/Jahāngir_Hall,_Iran,_monument_12097_(2).jpg"
TRAIN_04618,GONBADMODAVAR5.jpg,No Arch,0,train,no_arch/GONBADMODAVAR5.jpg
TRAIN_04619,Tomb_of_Qutbuddin_Haidar.jpg,No Arch,0,train,no_arch/Tomb_of_Qutbuddin_Haidar.jpg
TRAIN_04620,Tabatabaeiha_House_Main_View.jpg,Has Arch,1,train,has_arch/Tabatabaeiha_House_Main_View.jpg
TRAIN_04621,Yazd2024-03-19_13.jpg,Has Arch,1,train,has_arch/Yazd2024-03-19_13.jpg
TRAIN_04622,1907600.jpg,No Arch,0,train,no_arch/1907600.jpg
TRAIN_04623,Roofed_Bazaar_of_Nishapur_(Bazaar_e_Sarpushideh-souq)_29.jpg,No Arch,0,train,no_arch/Roofed_Bazaar_of_Nishapur_(Bazaar_e_Sarpushideh-souq)_29.jpg
TRAIN_04624,بادگیر_مجموعه_توده.jpg,No Arch,0,train,no_arch/بادگیر_مجموعه_توده.jpg
TRAIN_04625,"Caravanserai_Zein-o-din,_Yazd,_Iran_(1258133235).jpg",Has Arch,1,train,"has_arch/Caravanserai_Zein-o-din,_Yazd,_Iran_(1258133235).jpg"
TRAIN_04626,"Hazireh_Mosque5,_Yazd,_04-03-2013.jpg",No Arch,0,train,"no_arch/Hazireh_Mosque5,_Yazd,_04-03-2013.jpg"
TRAIN_04627,Nishapur_train_station-passengers_portal_1.jpg,No Arch,0,train,no_arch/Nishapur_train_station-passengers_portal_1.jpg
TRAIN_04628,نمای_بیرون_کاروانسرای_ینگی_امام.jpg,Has Arch,1,train,has_arch/نمای_بیرون_کاروانسرای_ینگی_امام.jpg
TRAIN_04629,3_Gonband_tower.jpg,No Arch,0,train,no_arch/3_Gonband_tower.jpg
TRAIN_04630,Shahrestan_Bridge_(Isfahan)_005.jpg,Has Arch,1,train,has_arch/Shahrestan_Bridge_(Isfahan)_005.jpg
TRAIN_04631,Farah_Abad_Mosque.jpg,Has Arch,1,train,has_arch/Farah_Abad_Mosque.jpg
TRAIN_04632,نمای_کامل_از_گنبد.jpg,No Arch,0,train,no_arch/نمای_کامل_از_گنبد.jpg
TRAIN_04633,"Pamenar,_Tehran,_Tehran_Province,_Iran_-_panoramio.jpg",No Arch,0,train,"no_arch/Pamenar,_Tehran,_Tehran_Province,_Iran_-_panoramio.jpg"
TRAIN_04634,Khomeini_House_(Qom)_Mostafa_Meraji_Gregorian_2009_02.jpg,Has Arch,1,train,has_arch/Khomeini_House_(Qom)_Mostafa_Meraji_Gregorian_2009_02.jpg
TRAIN_04635,کلیسای_گریگوری.jpg,Has Arch,1,train,has_arch/کلیسای_گریگوری.jpg
TRAIN_04636,Imamzadeh_Hashem_2011.jpg,Has Arch,1,train,has_arch/Imamzadeh_Hashem_2011.jpg
TRAIN_04637,Imamzadeh_Morteza2024-06-18_16.jpg,Has Arch,1,train,has_arch/Imamzadeh_Morteza2024-06-18_16.jpg
TRAIN_04638,امامزاده_کمال.jpg,No Arch,0,train,no_arch/امامزاده_کمال.jpg
TRAIN_04639,رباط_شرف_2.jpg,Has Arch,1,train,has_arch/رباط_شرف_2.jpg
TRAIN_04640,Hajib_Caravansarai2020_4.jpg,No Arch,0,train,no_arch/Hajib_Caravansarai2020_4.jpg
TRAIN_04641,Ali_Gholi_Agha_hammam41.jpg,Has Arch,1,train,has_arch/Ali_Gholi_Agha_hammam41.jpg
TRAIN_04642,تصویر_عمارت_امین_اسلامی3.jpg,No Arch,0,train,no_arch/تصویر_عمارت_امین_اسلامی3.jpg
TRAIN_04643,"Masjed-e_Sheikh_Loftollah_(Sheikh_Loftollah_Mosque),_Isfahan_(5114423296).jpg",Has Arch,1,train,"has_arch/Masjed-e_Sheikh_Loftollah_(Sheikh_Loftollah_Mosque),_Isfahan_(5114423296).jpg"
TRAIN_04644,بنای_معین_التجار2.jpg,Has Arch,1,train,has_arch/بنای_معین_التجار2.jpg
TRAIN_04645,Shoe_Bazar-Tabriz_Grand_Bazar.jpg,Has Arch,1,train,has_arch/Shoe_Bazar-Tabriz_Grand_Bazar.jpg
TRAIN_04646,Sadol_Saltaneh.jpg,Has Arch,1,train,has_arch/Sadol_Saltaneh.jpg
TRAIN_04647,Bassin_talar_chehel_soutoun.jpg,Has Arch,1,train,has_arch/Bassin_talar_chehel_soutoun.jpg
TRAIN_04648,Villa-No.10-Sadra-Shiraz-by-Shaar-Office---26020.jpg,No Arch,0,train,no_arch/Villa-No.10-Sadra-Shiraz-by-Shaar-Office---26020.jpg
TRAIN_04649,نمازخانه_چوپان1.jpg,No Arch,0,train,no_arch/نمازخانه_چوپان1.jpg
TRAIN_04650,Tehran_Grand_Bazaar_2020-04-04_02.jpg,Has Arch,1,train,has_arch/Tehran_Grand_Bazaar_2020-04-04_02.jpg
TRAIN_04651,5امامزاده_عبدالله_بافق.jpg,Has Arch,1,train,has_arch/5امامزاده_عبدالله_بافق.jpg
TRAIN_04652,کاروان_سرای_اصفاک4.jpg,Has Arch,1,train,has_arch/کاروان_سرای_اصفاک4.jpg
TRAIN_04653,295A0417.jpg,Has Arch,1,train,has_arch/295A0417.jpg
TRAIN_04654,Al-Nabi_Mosque2020-05-19_17.jpg,No Arch,0,train,no_arch/Al-Nabi_Mosque2020-05-19_17.jpg
TRAIN_04655,Terenoh_ترنه.jpg,No Arch,0,train,no_arch/Terenoh_ترنه.jpg
TRAIN_04656,Motalleb_Khan_Mosque7.jpg,Has Arch,1,train,has_arch/Motalleb_Khan_Mosque7.jpg
TRAIN_04657,"One_of_the_room_in_Atabaki_sahn_at_Fatima_Masumeh_Shrine2,_Qom,_Iran.jpg",Has Arch,1,train,"has_arch/One_of_the_room_in_Atabaki_sahn_at_Fatima_Masumeh_Shrine2,_Qom,_Iran.jpg"
TRAIN_04658,بازارسمنان.jpg,Has Arch,1,train,has_arch/بازارسمنان.jpg
TRAIN_04659,Siyahkal_-_Deylaman_Caravanserai_-_Titi_-_panoramio.jpg,Has Arch,1,train,has_arch/Siyahkal_-_Deylaman_Caravanserai_-_Titi_-_panoramio.jpg
TRAIN_04660,Vank_Cathedral_Isfahan_Aarash_(22).jpg,No Arch,0,train,no_arch/Vank_Cathedral_Isfahan_Aarash_(22).jpg
TRAIN_04661,"Musical_Treasure_of_Armenian_music_in_Julfa,_Isfahan_21.jpg",No Arch,0,train,"no_arch/Musical_Treasure_of_Armenian_music_in_Julfa,_Isfahan_21.jpg"
TRAIN_04662,Sa'd_al-Saltaneh_Caravanserai2019_20.jpg,Has Arch,1,train,has_arch/Sa'd_al-Saltaneh_Caravanserai2019_20.jpg
TRAIN_04663,Bazar_vakil_(10).jpg,Has Arch,1,train,has_arch/Bazar_vakil_(10).jpg
TRAIN_04664,"Ganjali_Khan_Bathhouse6,_built_between_1596-1621_Kerman_-_4-6-2013.jpg",Has Arch,1,train,"has_arch/Ganjali_Khan_Bathhouse6,_built_between_1596-1621_Kerman_-_4-6-2013.jpg"
TRAIN_04665,"Chehel_Sotun_Palace,_Main_entry,_completed_in_1647,_Esfahan-03-29-2013.jpg",Has Arch,1,train,"has_arch/Chehel_Sotun_Palace,_Main_entry,_completed_in_1647,_Esfahan-03-29-2013.jpg"
TRAIN_04666,Screenshot (731).png,Has Arch,1,train,has_arch/Screenshot (731).png
TRAIN_04667,Dezful_Jame_Mosque_ajorkari.jpg,No Arch,0,train,no_arch/Dezful_Jame_Mosque_ajorkari.jpg
TRAIN_04668,مدرسه_گنجعلیخان_کاروان_سرای_گنجعلی_(19).jpg,Has Arch,1,train,has_arch/مدرسه_گنجعلیخان_کاروان_سرای_گنجعلی_(19).jpg
TRAIN_04669,6408.ArgEKarimKhani_(1497726799).jpg,No Arch,0,train,no_arch/6408.ArgEKarimKhani_(1497726799).jpg
TRAIN_04670,Chartaghi_1.jpg,Has Arch,1,train,has_arch/Chartaghi_1.jpg
TRAIN_04671,Tehran_university_03.jpg,No Arch,0,train,no_arch/Tehran_university_03.jpg
TRAIN_04672,قلعه_گنجعلیخان_4.jpg,No Arch,0,train,no_arch/قلعه_گنجعلیخان_4.jpg
TRAIN_04673,مدرسه-کاسه-گران-640x420.jpg,Has Arch,1,train,has_arch/مدرسه-کاسه-گران-640x420.jpg
TRAIN_04674,DSC_0.050_(1600x1200).jpg,Has Arch,1,train,has_arch/DSC_0.050_(1600x1200).jpg
TRAIN_04675,(نزدیک)مسجد_جامع_تون.jpg,Has Arch,1,train,has_arch/(نزدیک)مسجد_جامع_تون.jpg
TRAIN_04676,ساختمان_روزنامه_اطلاعات_10.jpg,No Arch,0,train,no_arch/ساختمان_روزنامه_اطلاعات_10.jpg
TRAIN_04677,Dehnamak_Caravansary.jpg,Has Arch,1,train,has_arch/Dehnamak_Caravansary.jpg
TRAIN_04678,Dairəvi_günbəz_türbəsi_202209_(2).jpg,No Arch,0,train,no_arch/Dairəvi_günbəz_türbəsi_202209_(2).jpg
TRAIN_04679,The_Covered_Bazaar.jpg,Has Arch,1,train,has_arch/The_Covered_Bazaar.jpg
TRAIN_04680,Arg_of_Karim_Khan_(32).jpg,Has Arch,1,train,has_arch/Arg_of_Karim_Khan_(32).jpg
TRAIN_04681,حمام_قبله_(حمام_خانم)_VIII.jpg,Has Arch,1,train,has_arch/حمام_قبله_(حمام_خانم)_VIII.jpg
TRAIN_04682,مسجد_جامع_در_کنار_دفتر_قنات_جهانی_قصبه_شهر_گناباد.jpg,Has Arch,1,train,has_arch/مسجد_جامع_در_کنار_دفتر_قنات_جهانی_قصبه_شهر_گناباد.jpg
TRAIN_04683,ساختمان_آرامگاه.jpg,No Arch,0,train,no_arch/ساختمان_آرامگاه.jpg
TRAIN_04684,Inbound8877508292580161105.jpg,No Arch,0,train,no_arch/Inbound8877508292580161105.jpg
TRAIN_04685,Meyandasht_old_town_3_-_panoramio.jpg,No Arch,0,train,no_arch/Meyandasht_old_town_3_-_panoramio.jpg
TRAIN_04686,Vank_Church_-_panoramio_(1).jpg,Has Arch,1,train,has_arch/Vank_Church_-_panoramio_(1).jpg
TRAIN_04687,020812-Gozar_Khani-IMG_2096-2.jpg,No Arch,0,train,no_arch/020812-Gozar_Khani-IMG_2096-2.jpg
TRAIN_04688,20200113_003022_پل_خواجو.jpg,Has Arch,1,train,has_arch/20200113_003022_پل_خواجو.jpg
TRAIN_04689,Iran-tehran_grand_bazar_03.jpg,Has Arch,1,train,has_arch/Iran-tehran_grand_bazar_03.jpg
TRAIN_04690,پل_یونسی1.jpg,Has Arch,1,train,has_arch/پل_یونسی1.jpg
TRAIN_04691,Imamzadeh_zeyd_2.jpg,No Arch,0,train,no_arch/Imamzadeh_zeyd_2.jpg
TRAIN_04692,MohammadAbad_Stony_Caravansary_13970419_16.jpg,Has Arch,1,train,has_arch/MohammadAbad_Stony_Caravansary_13970419_16.jpg
TRAIN_04693,مدرسه-شمسیه-696x412.jpg,Has Arch,1,train,has_arch/مدرسه-شمسیه-696x412.jpg
TRAIN_04694,Madrasa_Baqireh-_Managed_by_Muhammad_Baqir_al-Sabzevari_in_Mashhad-1672-1083_A.H.jpg,Has Arch,1,train,has_arch/Madrasa_Baqireh-_Managed_by_Muhammad_Baqir_al-Sabzevari_in_Mashhad-1672-1083_A.H.jpg
TRAIN_04695,"A_room_in_Tabatabai_House,_Kashan,_Iran.jpg",No Arch,0,train,"no_arch/A_room_in_Tabatabai_House,_Kashan,_Iran.jpg"
TRAIN_04696,2برج_ساعت_تبریز.jpg,No Arch,0,train,no_arch/2برج_ساعت_تبریز.jpg
TRAIN_04697,01_sharaghan_(12).jpg,No Arch,0,train,no_arch/01_sharaghan_(12).jpg
TRAIN_04698,Miandasht_Caravanserai2023-07-31_11.jpg,No Arch,0,train,no_arch/Miandasht_Caravanserai2023-07-31_11.jpg
TRAIN_04699,Iran_(8666815612).jpg,Has Arch,1,train,has_arch/Iran_(8666815612).jpg
TRAIN_04700,Ardestan-mosque-1.jpg,Has Arch,1,train,has_arch/Ardestan-mosque-1.jpg
TRAIN_04701,"Ciudadela_de_Meybod,_Irán,_2016-09-20,_DD_07-09_PAN.jpg",No Arch,0,train,"no_arch/Ciudadela_de_Meybod,_Irán,_2016-09-20,_DD_07-09_PAN.jpg"
TRAIN_04702,Nima_Yushij_House2022-11-12_12.jpg,No Arch,0,train,no_arch/Nima_Yushij_House2022-11-12_12.jpg
TRAIN_04703,Vank_Cathedral_Isfahan_Aarash_(179).jpg,No Arch,0,train,no_arch/Vank_Cathedral_Isfahan_Aarash_(179).jpg
TRAIN_04704,1907576.jpg,Has Arch,1,train,has_arch/1907576.jpg
TRAIN_04705,Khane_shariar_fariborz_1.jpg,No Arch,0,train,no_arch/Khane_shariar_fariborz_1.jpg
TRAIN_04706,The_Jameh_mosque_of_Kashan-_Iran_مسجد_جامع_تاریخی_کاشان-_ایران_05.jpg,Has Arch,1,train,has_arch/The_Jameh_mosque_of_Kashan-_Iran_مسجد_جامع_تاریخی_کاشان-_ایران_05.jpg
TRAIN_04707,ساختمان_موزۀ_نقاشی_پشت_شیشه_تهران.jpg,No Arch,0,train,no_arch/ساختمان_موزۀ_نقاشی_پشت_شیشه_تهران.jpg
TRAIN_04708,Abbasid_Caravanseray_of_Nishapur_(Ribati-i-Abbasi_of_Nishapur)_-_Morning_127.jpg,Has Arch,1,train,has_arch/Abbasid_Caravanseray_of_Nishapur_(Ribati-i-Abbasi_of_Nishapur)_-_Morning_127.jpg
TRAIN_04709,عکس_از_مسعود_ادیبان_5.jpg,No Arch,0,train,no_arch/عکس_از_مسعود_ادیبان_5.jpg
TRAIN_04710,Dairəvi_günbəz_türbəsi_202209_(3).jpg,No Arch,0,train,no_arch/Dairəvi_günbəz_türbəsi_202209_(3).jpg
TRAIN_04711,"Bazaar_de_Kerman,_Irán,_2016-09-22,_DD_38.jpg",Has Arch,1,train,"has_arch/Bazaar_de_Kerman,_Irán,_2016-09-22,_DD_38.jpg"
TRAIN_04712,Baba-mahmod.jpg,No Arch,0,train,no_arch/Baba-mahmod.jpg
TRAIN_04713,Amirdasht-Tennis-Court-Kelarabad-BOL-Architects---28241.jpg,No Arch,0,train,no_arch/Amirdasht-Tennis-Court-Kelarabad-BOL-Architects---28241.jpg
TRAIN_04714,A51A2429.jpg,Has Arch,1,train,has_arch/A51A2429.jpg
TRAIN_04715,"Bazaar_gallery,_the_shops_are_just_a_fake_facade_and_there_is_nothing_behind_it.jpg",Has Arch,1,train,"has_arch/Bazaar_gallery,_the_shops_are_just_a_fake_facade_and_there_is_nothing_behind_it.jpg"
TRAIN_04716,20180831_002520_Burst01.jpg,Has Arch,1,train,has_arch/20180831_002520_Burst01.jpg
TRAIN_04717,Qajar_Hammam2022-03-09_22.jpg,Has Arch,1,train,has_arch/Qajar_Hammam2022-03-09_22.jpg
TRAIN_04718,شهربانی.jpg,No Arch,0,train,no_arch/شهربانی.jpg
TRAIN_04719,"Arg_of_Karim_Khan_(Shiraz,_Iran)_(28615254365).jpg",No Arch,0,train,"no_arch/Arg_of_Karim_Khan_(Shiraz,_Iran)_(28615254365).jpg"
TRAIN_04720,Sheikh_AbdolSalam_2.jpg,No Arch,0,train,no_arch/Sheikh_AbdolSalam_2.jpg
TRAIN_04721,Kouhan_Castle_2020-04-19_17.jpg,No Arch,0,train,no_arch/Kouhan_Castle_2020-04-19_17.jpg
TRAIN_04722,Alavian_dome (1).jpg,No Arch,0,train,no_arch/Alavian_dome (1).jpg
TRAIN_04723,Qaem_Bridge2024-11-07_12.jpg,Has Arch,1,train,has_arch/Qaem_Bridge2024-11-07_12.jpg
TRAIN_04724,Shah_Abbasi_Caravanserai_of_Bisotun2021_28.jpg,Has Arch,1,train,has_arch/Shah_Abbasi_Caravanserai_of_Bisotun2021_28.jpg
TRAIN_04725,Malek_Timcheh_(20851112488).jpg,Has Arch,1,train,has_arch/Malek_Timcheh_(20851112488).jpg
TRAIN_04726,بازار_تهران_V.jpg,Has Arch,1,train,has_arch/بازار_تهران_V.jpg
TRAIN_04727,061._آب_انبار_در_بندر_عباس.jpg,No Arch,0,train,no_arch/061._آب_انبار_در_بندر_عباس.jpg
TRAIN_04728,"Armenian_Vank_Church,_Isfahan.jpg",Has Arch,1,train,"has_arch/Armenian_Vank_Church,_Isfahan.jpg"
TRAIN_04729,Iran_-_Yazd_-_Dolatabad_Garden_-_panoramio.jpg,Has Arch,1,train,has_arch/Iran_-_Yazd_-_Dolatabad_Garden_-_panoramio.jpg
TRAIN_04730,Bazaar_of_Tabriz_2020-03-13_03.jpg,Has Arch,1,train,has_arch/Bazaar_of_Tabriz_2020-03-13_03.jpg
TRAIN_04731,Khavidak_-_Old_castle_-_3000_years_ago_-_panoramio_(2).jpg,Has Arch,1,train,has_arch/Khavidak_-_Old_castle_-_3000_years_ago_-_panoramio_(2).jpg
TRAIN_04732,20190627122444_IMG_9661.jpg,Has Arch,1,train,has_arch/20190627122444_IMG_9661.jpg
TRAIN_04733,"Khajoo_Bridge,_The_Side_Openings_Above_the_Bridge_(L).jpg",Has Arch,1,train,"has_arch/Khajoo_Bridge,_The_Side_Openings_Above_the_Bridge_(L).jpg"
TRAIN_04734,محوطه_داخلی_رباط_ماهی.jpg,Has Arch,1,train,has_arch/محوطه_داخلی_رباط_ماهی.jpg
TRAIN_04735,Doxan_karvansarası_Zəncan_202209_(7).jpg,Has Arch,1,train,has_arch/Doxan_karvansarası_Zəncan_202209_(7).jpg
TRAIN_04736,Abbasid_Caravanseray_of_Nishapur_(Ribati-i-Abbasi_of_Nishapur)_-_Morning_049.jpg,Has Arch,1,train,has_arch/Abbasid_Caravanseray_of_Nishapur_(Ribati-i-Abbasi_of_Nishapur)_-_Morning_049.jpg
TRAIN_04737,Eftekhar_al-Tojar_Mausoleum_And_Seyed_Esmail_Nabavi_Mausoleum2021_2.jpg,Has Arch,1,train,has_arch/Eftekhar_al-Tojar_Mausoleum_And_Seyed_Esmail_Nabavi_Mausoleum2021_2.jpg
TRAIN_04738,نمای_بیرونی_پارک_موزه_شاهرود.jpg,No Arch,0,train,no_arch/نمای_بیرونی_پارک_موزه_شاهرود.jpg
TRAIN_04739,مجموعه_گنجعلی_خان_(7).jpg,No Arch,0,train,no_arch/مجموعه_گنجعلی_خان_(7).jpg
TRAIN_04740,Ali_Gholi_Agha_hammam15.jpg,Has Arch,1,train,has_arch/Ali_Gholi_Agha_hammam15.jpg
TRAIN_04741,Seyyed_Bagher_Ab_Anbar2022-01-24_30.jpg,No Arch,0,train,no_arch/Seyyed_Bagher_Ab_Anbar2022-01-24_30.jpg
TRAIN_04742,"Kharanaq_Castle_from_outskirts_of_Yazd,_Iran.jpg",Has Arch,1,train,"has_arch/Kharanaq_Castle_from_outskirts_of_Yazd,_Iran.jpg"
TRAIN_04743,Izadkhvast_Caravanserai_05.jpg,Has Arch,1,train,has_arch/Izadkhvast_Caravanserai_05.jpg
TRAIN_04744,Kondor_Castle2021_21.jpg,No Arch,0,train,no_arch/Kondor_Castle2021_21.jpg
TRAIN_04745,ساختمان_روزنامه_اطلاعات_1.jpg,No Arch,0,train,no_arch/ساختمان_روزنامه_اطلاعات_1.jpg
TRAIN_04746,کلیسای_حضرت_مریم_(همدان).jpg,Has Arch,1,train,has_arch/کلیسای_حضرت_مریم_(همدان).jpg
TRAIN_04747,بازار_وکیل_کرمان_2.jpg,Has Arch,1,train,has_arch/بازار_وکیل_کرمان_2.jpg
TRAIN_04748,"Sharif_University_of_Technology_July,_19,2016_-Tehran,Iran_-_panoramio.jpg",No Arch,0,train,"no_arch/Sharif_University_of_Technology_July,_19,2016_-Tehran,Iran_-_panoramio.jpg"
TRAIN_04749,Head_on_ghorkhane.jpg,No Arch,0,train,no_arch/Head_on_ghorkhane.jpg
TRAIN_04750,Masjed_Ghoba2.jpg,Has Arch,1,train,has_arch/Masjed_Ghoba2.jpg
TRAIN_04751,Khavidak_-_Old_town_-_3000_years_ago_-_panoramio.jpg,Has Arch,1,train,has_arch/Khavidak_-_Old_town_-_3000_years_ago_-_panoramio.jpg
TRAIN_04752,بادگیر_مسجد_توده_-_3.jpg,No Arch,0,train,no_arch/بادگیر_مسجد_توده_-_3.jpg
TRAIN_04753,Arak_Bazaar2023-01-21_23.jpg,No Arch,0,train,no_arch/Arak_Bazaar2023-01-21_23.jpg
TRAIN_04754,Church_HOVANS_02.jpg,Has Arch,1,train,has_arch/Church_HOVANS_02.jpg
TRAIN_04755,1433473 3232.jpg,Has Arch,1,train,has_arch/1433473 3232.jpg
TRAIN_04756,"Armenian_Church_in_Tehran,_Iran_(2)_(28489085265).jpg",No Arch,0,train,"no_arch/Armenian_Church_in_Tehran,_Iran_(2)_(28489085265).jpg"
TRAIN_04757,Chehel_Dokhtaran_Tower2018_10.jpg,No Arch,0,train,no_arch/Chehel_Dokhtaran_Tower2018_10.jpg
TRAIN_04758,محراب_گچبری_مسجد_شیخ_احمد_جامی.jpg,No Arch,0,train,no_arch/محراب_گچبری_مسجد_شیخ_احمد_جامی.jpg
TRAIN_04759,Hnfh000_20200131_122057.jpg,No Arch,0,train,no_arch/Hnfh000_20200131_122057.jpg
TRAIN_04760,سی_و_سه_پل(11).jpg,Has Arch,1,train,has_arch/سی_و_سه_پل(11).jpg
TRAIN_04761,Khan_Caravanserai6.jpg,No Arch,0,train,no_arch/Khan_Caravanserai6.jpg
TRAIN_04762,Kerman_Railway_Station.jpg,No Arch,0,train,no_arch/Kerman_Railway_Station.jpg
TRAIN_04763,Zeydiah_(zayydieh)_Naser_al_haqq_Tomb_tower_Shie_Mke_in_Iran.jpg,No Arch,0,train,no_arch/Zeydiah_(zayydieh)_Naser_al_haqq_Tomb_tower_Shie_Mke_in_Iran.jpg
TRAIN_04764,6385.FloralStucco.AlaviyanDome_(2181905953).jpg,No Arch,0,train,no_arch/6385.FloralStucco.AlaviyanDome_(2181905953).jpg
TRAIN_04765,At.61.postal_(1600x1200).jpg,Has Arch,1,train,has_arch/At.61.postal_(1600x1200).jpg
TRAIN_04766,Kenargerd_Caravanserai_2019-07-10_25 (1).jpg,Has Arch,1,train,has_arch/Kenargerd_Caravanserai_2019-07-10_25 (1).jpg
TRAIN_04767,Roofed_Bazaar_of_Nishapur_(Bazaar_e_Sarpushideh-souq)_21.jpg,No Arch,0,train,no_arch/Roofed_Bazaar_of_Nishapur_(Bazaar_e_Sarpushideh-souq)_21.jpg
TRAIN_04768,حیاط_اصلی_کاروان_سرای_سعدالسلطنه_قزوین_3.jpg,Has Arch,1,train,has_arch/حیاط_اصلی_کاروان_سرای_سعدالسلطنه_قزوین_3.jpg
TRAIN_04769,امامزاده_شاه_احمد_قاسم.jpg,No Arch,0,train,no_arch/امامزاده_شاه_احمد_قاسم.jpg
TRAIN_04770,Bank_king7.jpg,Has Arch,1,train,has_arch/Bank_king7.jpg
TRAIN_04771,Heydarieh_Mosque_and_School.jpg,Has Arch,1,train,has_arch/Heydarieh_Mosque_and_School.jpg
TRAIN_04772,بادگیر-Windcatcher_03.jpg,No Arch,0,train,no_arch/بادگیر-Windcatcher_03.jpg
TRAIN_04773,امامزاده_حسین_کردان.jpg,No Arch,0,train,no_arch/امامزاده_حسین_کردان.jpg
TRAIN_04774,"Kharanaq_Historic_Village_from_Yazd,_Iran.jpg",Has Arch,1,train,"has_arch/Kharanaq_Historic_Village_from_Yazd,_Iran.jpg"
TRAIN_04775,Emamzade_Yahya_01.jpg,Has Arch,1,train,has_arch/Emamzade_Yahya_01.jpg
TRAIN_04776,5میدان_شهرداری_رشت.jpg,No Arch,0,train,no_arch/5میدان_شهرداری_رشت.jpg
TRAIN_04777,Bayazid_Bastami_5.jpg,Has Arch,1,train,has_arch/Bayazid_Bastami_5.jpg
TRAIN_04778,Zaferaniyeh_Village_013_(cropped).jpg,No Arch,0,train,no_arch/Zaferaniyeh_Village_013_(cropped).jpg
TRAIN_04779,"Casa_histórica_de_Abbasi,_Kashan,_Irán,_2016-09-19,_DD_77.jpg",Has Arch,1,train,"has_arch/Casa_histórica_de_Abbasi,_Kashan,_Irán,_2016-09-19,_DD_77.jpg"
TRAIN_04780,Gate_of_Farafar.jpg,Has Arch,1,train,has_arch/Gate_of_Farafar.jpg
TRAIN_04781,طراحی_داخلی_و_نورپردازی_در_اکونوموزه_بانوحیاتی2.jpg,No Arch,0,train,no_arch/طراحی_داخلی_و_نورپردازی_در_اکونوموزه_بانوحیاتی2.jpg
TRAIN_04782,download85985656.jpg,No Arch,0,train,no_arch/download85985656.jpg
TRAIN_04783,بازار_بزرگ_کرمان6.jpg,No Arch,0,train,no_arch/بازار_بزرگ_کرمان6.jpg
TRAIN_04784,"Abarkuh_Mosque,_Iran_(14288442569).jpg",Has Arch,1,train,"has_arch/Abarkuh_Mosque,_Iran_(14288442569).jpg"
TRAIN_04785,Mausoleum_of_Sheikh_Ala_ud-Daula_Simnani_2020-04-06_42.jpg,Has Arch,1,train,has_arch/Mausoleum_of_Sheikh_Ala_ud-Daula_Simnani_2020-04-06_42.jpg
TRAIN_04786,Ali_Gholi_Agha_Hammam_13961225_13.jpg,No Arch,0,train,no_arch/Ali_Gholi_Agha_Hammam_13961225_13.jpg
TRAIN_04787,Menar_2.jpg,No Arch,0,train,no_arch/Menar_2.jpg
TRAIN_04788,Crossing_the_Alborz_Mountains_on_a_private_train_(41141181750).jpg,Has Arch,1,train,has_arch/Crossing_the_Alborz_Mountains_on_a_private_train_(41141181750).jpg
TRAIN_04789,Qadam_Ghah_Mosque_(2).jpg,Has Arch,1,train,has_arch/Qadam_Ghah_Mosque_(2).jpg
TRAIN_04790,Molla_Abdollah_School-Isfahan-ID224-_مدرسه_ملا_عبدالله-اصفهان.jpg,Has Arch,1,train,has_arch/Molla_Abdollah_School-Isfahan-ID224-_مدرسه_ملا_عبدالله-اصفهان.jpg
TRAIN_04791,030106-IMG_0748-DeyrGachin-2.jpg,Has Arch,1,train,has_arch/030106-IMG_0748-DeyrGachin-2.jpg
TRAIN_04792,درب_خانه_صادق_هدایت_در_تهران.jpg,No Arch,0,train,no_arch/درب_خانه_صادق_هدایت_در_تهران.jpg
TRAIN_04793,Pirhājāt_مزار_پیر_حاجات_(cropped)_2.jpg,No Arch,0,train,no_arch/Pirhājāt_مزار_پیر_حاجات_(cropped)_2.jpg
TRAIN_04794,Inbound2984247998841317553.jpg,No Arch,0,train,no_arch/Inbound2984247998841317553.jpg
TRAIN_04795,Koshk_Salami_(cropped).jpg,Has Arch,1,train,has_arch/Koshk_Salami_(cropped).jpg
TRAIN_04796,Jama_Masjid_Isfahan_Aarash_(145).jpg,Has Arch,1,train,has_arch/Jama_Masjid_Isfahan_Aarash_(145).jpg
TRAIN_04797,Khadju_Bridge._Isfahan_7.jpg,Has Arch,1,train,has_arch/Khadju_Bridge._Isfahan_7.jpg
TRAIN_04798,Heydariye_seminary-2.jpg,No Arch,0,train,no_arch/Heydariye_seminary-2.jpg
TRAIN_04799,BazarVakil.jpg,Has Arch,1,train,has_arch/BazarVakil.jpg
TRAIN_04800,Another_view_of_detail_of_brickwork_on_cornice_and_squinches.jpg,No Arch,0,train,no_arch/Another_view_of_detail_of_brickwork_on_cornice_and_squinches.jpg
TRAIN_04801,Irnt043-Isfahan-Meczet_Piątkowy.jpg,Has Arch,1,train,has_arch/Irnt043-Isfahan-Meczet_Piątkowy.jpg
TRAIN_04802,برج_های_بیرونی_کاروانسرای_میاندشت.jpg,No Arch,0,train,no_arch/برج_های_بیرونی_کاروانسرای_میاندشت.jpg
TRAIN_04803,Maranjab6.jpg,No Arch,0,train,no_arch/Maranjab6.jpg
TRAIN_04804,Masjed3.jpg,No Arch,0,train,no_arch/Masjed3.jpg
TRAIN_04805,Alexander's_Prison_13960103_01.jpg,Has Arch,1,train,has_arch/Alexander's_Prison_13960103_01.jpg
TRAIN_04806,20180921_165420_HDR.jpg,Has Arch,1,train,has_arch/20180921_165420_HDR.jpg
TRAIN_04807,Khane_professor_adl_2.jpg,No Arch,0,train,no_arch/Khane_professor_adl_2.jpg
TRAIN_04808,Ziyar_03.jpg,No Arch,0,train,no_arch/Ziyar_03.jpg
TRAIN_04809,Imamzadê_Tähır_mûtahhar.jpg,No Arch,0,train,no_arch/Imamzadê_Tähır_mûtahhar.jpg
TRAIN_04810,"Kantur_Church_in_Qazvin,_Iran.jpg",No Arch,0,train,"no_arch/Kantur_Church_in_Qazvin,_Iran.jpg"
TRAIN_04811,Irns036-Isfahan-Pałac_40_Kolumn.jpg,Has Arch,1,train,has_arch/Irns036-Isfahan-Pałac_40_Kolumn.jpg
TRAIN_04812,زواره_مسجد_جامع.jpg,Has Arch,1,train,has_arch/زواره_مسجد_جامع.jpg
TRAIN_04813,Shah_Abbasi_Caravanserai_of_Bisotun2015-05-21_18.jpg,Has Arch,1,train,has_arch/Shah_Abbasi_Caravanserai_of_Bisotun2015-05-21_18.jpg
TRAIN_04814,"Christian_hospital,_Eastern_south_corner_(Abas_abad_sq.),_2014.jpg",No Arch,0,train,"no_arch/Christian_hospital,_Eastern_south_corner_(Abas_abad_sq.),_2014.jpg"
TRAIN_04815,Miandasht_Caravanserai2023-07-31_3.jpg,No Arch,0,train,no_arch/Miandasht_Caravanserai2023-07-31_3.jpg
TRAIN_04816,قلعه_حیدرآباد.jpg,No Arch,0,train,no_arch/قلعه_حیدرآباد.jpg
TRAIN_04817,29کاروانسرای_چاله_سیاه.jpg,Has Arch,1,train,has_arch/29کاروانسرای_چاله_سیاه.jpg
TRAIN_04818,Haroniyeh_(5).jpg,Has Arch,1,train,has_arch/Haroniyeh_(5).jpg
TRAIN_04819,آرامگاه_پیر_نجم_الدین.jpg,Has Arch,1,train,has_arch/آرامگاه_پیر_نجم_الدین.jpg
TRAIN_04820,مدرسه_علیا_فردوس_08.jpg,Has Arch,1,train,has_arch/مدرسه_علیا_فردوس_08.jpg
TRAIN_04821,Grand_bazar3.jpg,No Arch,0,train,no_arch/Grand_bazar3.jpg
TRAIN_04822,Shah_Abbasi_Caravanserai_of_Semnan_2018-10-17_03.jpg,Has Arch,1,train,has_arch/Shah_Abbasi_Caravanserai_of_Semnan_2018-10-17_03.jpg
TRAIN_04823,"Shrine_Complex_of_Sheikh_'Abd_al-Samad,_Natanz_05.jpg",No Arch,0,train,"no_arch/Shrine_Complex_of_Sheikh_'Abd_al-Samad,_Natanz_05.jpg"
TRAIN_04824,۲۰۱۸۱۰۰۵_۲۱۵۲۳۹_کلیسای_حواری_ارمنی.jpg,No Arch,0,train,no_arch/۲۰۱۸۱۰۰۵_۲۱۵۲۳۹_کلیسای_حواری_ارمنی.jpg
TRAIN_04825,Miandasht_Caravanserai2023-07-31_8.jpg,No Arch,0,train,no_arch/Miandasht_Caravanserai2023-07-31_8.jpg
TRAIN_04826,کاروانسرای_خانات_(6).jpg,Has Arch,1,train,has_arch/کاروانسرای_خانات_(6).jpg
TRAIN_04827,Abbasid_Caravanseray_of_Nishapur_(Ribati-i-Abbasi_of_Nishapur)_-_Morning_220.jpg,No Arch,0,train,no_arch/Abbasid_Caravanseray_of_Nishapur_(Ribati-i-Abbasi_of_Nishapur)_-_Morning_220.jpg
TRAIN_04828,Amin_al-Din_Balyani_Tomb_in_Kazerun_1.jpg,No Arch,0,train,no_arch/Amin_al-Din_Balyani_Tomb_in_Kazerun_1.jpg
TRAIN_04829,مسجد_حکیم3.jpg,No Arch,0,train,no_arch/مسجد_حکیم3.jpg
TRAIN_04830,Eftekhar_al-Tojar_Mausoleum2021_10.jpg,Has Arch,1,train,has_arch/Eftekhar_al-Tojar_Mausoleum2021_10.jpg
TRAIN_04831,N82938323-72380498.jpg,Has Arch,1,train,has_arch/N82938323-72380498.jpg
TRAIN_04832,بقعه_حضرت_خضر.jpg,No Arch,0,train,no_arch/بقعه_حضرت_خضر.jpg
TRAIN_04833,نمايي_از_ساختمانهاي_قديمي_بيمارستان_امام_رضا_مشهد2_(cropped).jpg,No Arch,0,train,no_arch/نمايي_از_ساختمانهاي_قديمي_بيمارستان_امام_رضا_مشهد2_(cropped).jpg
TRAIN_04834,AMINI_14.jpg,No Arch,0,train,no_arch/AMINI_14.jpg
TRAIN_04835,(مسجد_نصیرالملک_(_نمای_درونی-_از_سقف_و_هشتی.jpg,Has Arch,1,train,has_arch/(مسجد_نصیرالملک_(_نمای_درونی-_از_سقف_و_هشتی.jpg
TRAIN_04836,"Prisión_de_Alejandro,_Yazd,_Irán,_2016-09-21,_DD_18.jpg",Has Arch,1,train,"has_arch/Prisión_de_Alejandro,_Yazd,_Irán,_2016-09-21,_DD_18.jpg"
TRAIN_04837,Abbasian_House_10.jpg,No Arch,0,train,no_arch/Abbasian_House_10.jpg
TRAIN_04838,کاروانسرای_شاه_عباسی_اردبیل_4.jpg,Has Arch,1,train,has_arch/کاروانسرای_شاه_عباسی_اردبیل_4.jpg
TRAIN_04839,Kenargerd_Caravanserai_2019-07-10_15.jpg,Has Arch,1,train,has_arch/Kenargerd_Caravanserai_2019-07-10_15.jpg
TRAIN_04840,2_گنبد_کبود.jpg,No Arch,0,train,no_arch/2_گنبد_کبود.jpg
TRAIN_04841,Ferdows_Religious_School-edit.jpg,Has Arch,1,train,has_arch/Ferdows_Religious_School-edit.jpg
TRAIN_04842,20180921_171342_HDR.jpg,Has Arch,1,train,has_arch/20180921_171342_HDR.jpg
TRAIN_04843,Mohsen-salari_(14).jpg,No Arch,0,train,no_arch/Mohsen-salari_(14).jpg
TRAIN_04844,Bahram232.jpg,Has Arch,1,train,has_arch/Bahram232.jpg
TRAIN_04845,حمام_باغ_فین_کاشان.jpg,Has Arch,1,train,has_arch/حمام_باغ_فین_کاشان.jpg
TRAIN_04846,Haronie_2.jpg,Has Arch,1,train,has_arch/Haronie_2.jpg
TRAIN_04847,Allame_Davani.jpg,Has Arch,1,train,has_arch/Allame_Davani.jpg
TRAIN_04848,Miandasht_Caravanserai2023-07-31_2.jpg,No Arch,0,train,no_arch/Miandasht_Caravanserai2023-07-31_2.jpg
TRAIN_04849,Jama_Masjid_Isfahan_Aarash_(148).jpg,No Arch,0,train,no_arch/Jama_Masjid_Isfahan_Aarash_(148).jpg
TRAIN_04850,نمای_سرای_عزیز_الله_اف.jpg,No Arch,0,train,no_arch/نمای_سرای_عزیز_الله_اف.jpg
TRAIN_04851,1399013118331177820181784_تداوم_تعطیلی_مشاغل_پرخطر.jpg,No Arch,0,train,no_arch/1399013118331177820181784_تداوم_تعطیلی_مشاغل_پرخطر.jpg
TRAIN_04852,Naqsh-e_Jahan_Square_from_the_gheisariye_Vault.jpg,Has Arch,1,train,has_arch/Naqsh-e_Jahan_Square_from_the_gheisariye_Vault.jpg
TRAIN_04853,Arg-e_Karim_Khan_(4369489704).jpg,No Arch,0,train,no_arch/Arg-e_Karim_Khan_(4369489704).jpg
TRAIN_04854,Shah_Abbasi_Caravanserai_of_Karaj_14.jpg,No Arch,0,train,no_arch/Shah_Abbasi_Caravanserai_of_Karaj_14.jpg
TRAIN_04855,Ravagh.jpg,Has Arch,1,train,has_arch/Ravagh.jpg
TRAIN_04856,مناره_چهل_دختران_1.jpg,No Arch,0,train,no_arch/مناره_چهل_دختران_1.jpg
TRAIN_04857,Deire_Gachin_Caravansarai_-_Sasanian_dating_-_Iran._Qom_Province_-_Dayr-e_Gachin_16.jpg,Has Arch,1,train,has_arch/Deire_Gachin_Caravansarai_-_Sasanian_dating_-_Iran._Qom_Province_-_Dayr-e_Gachin_16.jpg
TRAIN_04858,Ganjalikhan9.jpg,Has Arch,1,train,has_arch/Ganjalikhan9.jpg
TRAIN_04859,بهجت_آباد_و_ساختمانهای_زیبایش_-_panoramio.jpg,No Arch,0,train,no_arch/بهجت_آباد_و_ساختمانهای_زیبایش_-_panoramio.jpg
TRAIN_04860,آب_انبار_کازرونی_1.jpg,No Arch,0,train,no_arch/آب_انبار_کازرونی_1.jpg
TRAIN_04861,4حمام_گنجعلی_خان_کرمان.jpg,Has Arch,1,train,has_arch/4حمام_گنجعلی_خان_کرمان.jpg
TRAIN_04862,Ali_Gholi_Agha_hammam14.jpg,Has Arch,1,train,has_arch/Ali_Gholi_Agha_hammam14.jpg
TRAIN_04863,مسجد_جامع_عتیق_شیراز_ایران_دیوار_ندبه-Atigh_Jame'_Mosque_shiraz_iran_02.jpg,Has Arch,1,train,has_arch/مسجد_جامع_عتیق_شیراز_ایران_دیوار_ندبه-Atigh_Jame'_Mosque_shiraz_iran_02.jpg
TRAIN_04864,Tooran.jpg,No Arch,0,train,no_arch/Tooran.jpg
TRAIN_04865,"Saint_Mesrop_Armenian_Church,_Mashhad,_Iran_-_28_April_2025_(1).jpg",No Arch,0,train,"no_arch/Saint_Mesrop_Armenian_Church,_Mashhad,_Iran_-_28_April_2025_(1).jpg"
TRAIN_04866,BorujerdihaHistoricalHouse12.jpg,Has Arch,1,train,has_arch/BorujerdihaHistoricalHouse12.jpg
TRAIN_04867,Qazvin_bazaar20180714_152724.jpg,Has Arch,1,train,has_arch/Qazvin_bazaar20180714_152724.jpg
TRAIN_04868,"Holy_Mary_Church,_Hamadan,_Iran.jpg",Has Arch,1,train,"has_arch/Holy_Mary_Church,_Hamadan,_Iran.jpg"
TRAIN_04869,خانه_مددچی_(3).jpg,Has Arch,1,train,has_arch/خانه_مددچی_(3).jpg
TRAIN_04870,Wiki_Loves_Monuments_2019_Iran_-_Yazd_-_Alexander's_Prison-1.jpg,Has Arch,1,train,has_arch/Wiki_Loves_Monuments_2019_Iran_-_Yazd_-_Alexander's_Prison-1.jpg
TRAIN_04871,"Tehran_Bazaar,_Tehran,_Tehran_Province,_Iran_-_panoramio_(9).jpg",No Arch,0,train,"no_arch/Tehran_Bazaar,_Tehran,_Tehran_Province,_Iran_-_panoramio_(9).jpg"
TRAIN_04872,حسینیه_ارشاد.jpg,No Arch,0,train,no_arch/حسینیه_ارشاد.jpg
TRAIN_04873,03_آب_انبار_هفت_بادگیر_عصرآباد.jpg,Has Arch,1,train,has_arch/03_آب_انبار_هفت_بادگیر_عصرآباد.jpg
TRAIN_04874,Zinat-Al-Molook_House_02.jpg,Has Arch,1,train,has_arch/Zinat-Al-Molook_House_02.jpg
TRAIN_04875,Ali_gholi_agha_mosque.jpg,Has Arch,1,train,has_arch/Ali_gholi_agha_mosque.jpg
TRAIN_04876,1399011015183024420013714_تعطیلی_اماکن_گردشگری_و_تاریخی_قزوین_در_پی_شیوع_بیماری_کرونا (1).jpg,Has Arch,1,train,has_arch/1399011015183024420013714_تعطیلی_اماکن_گردشگری_و_تاریخی_قزوین_در_پی_شیوع_بیماری_کرونا (1).jpg
TRAIN_04877,Amin_al-Din_Balyani_Tomb_in_Kazerun_4.jpg,Has Arch,1,train,has_arch/Amin_al-Din_Balyani_Tomb_in_Kazerun_4.jpg
TRAIN_04878,میدان_(5).jpg,Has Arch,1,train,has_arch/میدان_(5).jpg
TRAIN_04879,"Puente_Khajou,_Isfahán,_Irán,_2016-09-20,_DD_128.jpg",Has Arch,1,train,"has_arch/Puente_Khajou,_Isfahán,_Irán,_2016-09-20,_DD_128.jpg"
TRAIN_04880,Roknabad_Ab_Anbar2025-02-14_7.jpg,No Arch,0,train,no_arch/Roknabad_Ab_Anbar2025-02-14_7.jpg
TRAIN_04881,Amin_al-Islami_Park_-_Trees_and_Flowers_-_Nishapur_097.jpg,No Arch,0,train,no_arch/Amin_al-Islami_Park_-_Trees_and_Flowers_-_Nishapur_097.jpg
TRAIN_04882,"Grand_Bazaar,_Tehran_09.jpg",Has Arch,1,train,"has_arch/Grand_Bazaar,_Tehran_09.jpg"
TRAIN_04883,SalBrg1.jpg,Has Arch,1,train,has_arch/SalBrg1.jpg
TRAIN_04884,ورودی_اصلی_ساختمان_دارایی.jpg,No Arch,0,train,no_arch/ورودی_اصلی_ساختمان_دارایی.jpg
TRAIN_04885,Shahrod_Historical_Bazar.jpg,Has Arch,1,train,has_arch/Shahrod_Historical_Bazar.jpg
TRAIN_04886,Bazaar_of_Tabriz033.jpg,Has Arch,1,train,has_arch/Bazaar_of_Tabriz033.jpg
TRAIN_04887,Şəhriyarın_ev_muzeyi_202209_(1).jpg,No Arch,0,train,no_arch/Şəhriyarın_ev_muzeyi_202209_(1).jpg
TRAIN_04888,صحن_اصلی_بنا.jpg,Has Arch,1,train,has_arch/صحن_اصلی_بنا.jpg
TRAIN_04889,یکی_از_سقوف_حمام_فین_کاشان.jpg,No Arch,0,train,no_arch/یکی_از_سقوف_حمام_فین_کاشان.jpg
TRAIN_04890,بی_بی_دختران.jpg,No Arch,0,train,no_arch/بی_بی_دختران.jpg
TRAIN_04891,Imamzadeh_Abdullah_Shushtar_Darafsh_(3).jpg,Has Arch,1,train,has_arch/Imamzadeh_Abdullah_Shushtar_Darafsh_(3).jpg
TRAIN_04892,IMGhgfds.jpg,Has Arch,1,train,has_arch/IMGhgfds.jpg
TRAIN_04893,Alaviyan_dome_1.jpg,No Arch,0,train,no_arch/Alaviyan_dome_1.jpg
TRAIN_04894,Ali_Qapoo_-12.jpg,No Arch,0,train,no_arch/Ali_Qapoo_-12.jpg
TRAIN_04895,DSC_1156-HDR_copy.jpg,No Arch,0,train,no_arch/DSC_1156-HDR_copy.jpg
TRAIN_04896,Imamzadeh_Kamal2021_8.jpg,No Arch,0,train,no_arch/Imamzadeh_Kamal2021_8.jpg
TRAIN_04897,Soltaniyeh_dome_by_Mardetanha_6536.jpg,Has Arch,1,train,has_arch/Soltaniyeh_dome_by_Mardetanha_6536.jpg
TRAIN_04898,Mozzaffariyeh_2.jpg,Has Arch,1,train,has_arch/Mozzaffariyeh_2.jpg
TRAIN_04899,IMAG2520.jpg,Has Arch,1,train,has_arch/IMAG2520.jpg
TRAIN_04900,Vank_Cathedral2023-01-07_22.jpg,No Arch,0,train,no_arch/Vank_Cathedral2023-01-07_22.jpg
TRAIN_04901,چهار_باغ4.jpg,Has Arch,1,train,has_arch/چهار_باغ4.jpg
TRAIN_04902,Memarzadeh_Caravansary_of_Sabzevar_01.jpg,Has Arch,1,train,has_arch/Memarzadeh_Caravansary_of_Sabzevar_01.jpg
TRAIN_04903,Ali_0503.jpg,Has Arch,1,train,has_arch/Ali_0503.jpg
TRAIN_04904,Lasjerd_Caravansary._Semnan_3.jpg,Has Arch,1,train,has_arch/Lasjerd_Caravansary._Semnan_3.jpg
TRAIN_04905,"Iran_2049_Kashan,_Iran_(8648421497).jpg",No Arch,0,train,"no_arch/Iran_2049_Kashan,_Iran_(8648421497).jpg"
TRAIN_04906,Kashan_2017_(33409659223).jpg,No Arch,0,train,no_arch/Kashan_2017_(33409659223).jpg
TRAIN_04907,Aras_-_Kordasht_Bath_-_panoramio.jpg,Has Arch,1,train,has_arch/Aras_-_Kordasht_Bath_-_panoramio.jpg
TRAIN_04908,MIZANI.jpg,No Arch,0,train,no_arch/MIZANI.jpg
TRAIN_04909,Masjed1.jpg,Has Arch,1,train,has_arch/Masjed1.jpg
TRAIN_04910,Arg02.jpg,Has Arch,1,train,has_arch/Arg02.jpg
TRAIN_04911,"Catedral_de_San_Sarkis,_Teherán,_Irán,_2016-09-17,_DD_69.jpg",No Arch,0,train,"no_arch/Catedral_de_San_Sarkis,_Teherán,_Irán,_2016-09-17,_DD_69.jpg"
TRAIN_04912,ساختمان_روزنامه_اطلاعات_4.jpg,No Arch,0,train,no_arch/ساختمان_روزنامه_اطلاعات_4.jpg
TRAIN_04913,Desfilpolghadim.jpg,Has Arch,1,train,has_arch/Desfilpolghadim.jpg
TRAIN_04914,عالی_قاپو_1.jpg,Has Arch,1,train,has_arch/عالی_قاپو_1.jpg
TRAIN_04915,Sheykh_abolhasan_kharaghani_8.jpg,No Arch,0,train,no_arch/Sheykh_abolhasan_kharaghani_8.jpg
TRAIN_04916,مسجد_شیخ_لطف_الله5-توسط_روح_اله_یگانه.jpg,Has Arch,1,train,has_arch/مسجد_شیخ_لطف_الله5-توسط_روح_اله_یگانه.jpg
TRAIN_04917,Roofed_Bazaar_of_Nishapur_(Bazaar_e_Sarpushideh-souq)-_wooden_door_07.jpg,No Arch,0,train,no_arch/Roofed_Bazaar_of_Nishapur_(Bazaar_e_Sarpushideh-souq)-_wooden_door_07.jpg
TRAIN_04918,۲۰۱۹۱۰۰۳_۱۹۴۰۲۹تصاویر_فضاهای_بیرونی_مسجد_امام_خمینی_تهران_توسط_محمدرضا_بنانی_شماره.jpg,Has Arch,1,train,has_arch/۲۰۱۹۱۰۰۳_۱۹۴۰۲۹تصاویر_فضاهای_بیرونی_مسجد_امام_خمینی_تهران_توسط_محمدرضا_بنانی_شماره.jpg
TRAIN_04919,Professor_Adl_house_-_Cropped.jpg,No Arch,0,train,no_arch/Professor_Adl_house_-_Cropped.jpg
TRAIN_04920,Mosala_2.jpg,Has Arch,1,train,has_arch/Mosala_2.jpg
TRAIN_04921,008_نمای_داخلی_مسجد_جامع_ورامین.jpg,Has Arch,1,train,has_arch/008_نمای_داخلی_مسجد_جامع_ورامین.jpg
TRAIN_04922,تالار_خانه_شهید_منتظرقائم.jpg,Has Arch,1,train,has_arch/تالار_خانه_شهید_منتظرقائم.jpg
TRAIN_04923,2274.KhaneTabatabei_(2190064864).jpg,Has Arch,1,train,has_arch/2274.KhaneTabatabei_(2190064864).jpg
TRAIN_04924,کاروان_سرای_گلو_سفته7.jpg,Has Arch,1,train,has_arch/کاروان_سرای_گلو_سفته7.jpg
TRAIN_04925,Dome_of_Sheikh_Lotfollah_Mosque_from_the_ground.jpg,Has Arch,1,train,has_arch/Dome_of_Sheikh_Lotfollah_Mosque_from_the_ground.jpg
TRAIN_04926,Historical_Bazaar_of_Khoy.jpg,Has Arch,1,train,has_arch/Historical_Bazaar_of_Khoy.jpg
TRAIN_04927,Ardabil_Bazaar_2020-04-09_04.jpg,Has Arch,1,train,has_arch/Ardabil_Bazaar_2020-04-09_04.jpg
TRAIN_04928,Qazvin_Bazaar_2020-04-07_17.jpg,Has Arch,1,train,has_arch/Qazvin_Bazaar_2020-04-07_17.jpg
TRAIN_04929,1010101010.jpg,Has Arch,1,train,has_arch/1010101010.jpg
TRAIN_04930,آرامگاه_مادر_نادر.jpg,No Arch,0,train,no_arch/آرامگاه_مادر_نادر.jpg
TRAIN_04931,Mig_0015.jpg,Has Arch,1,train,has_arch/Mig_0015.jpg
TRAIN_04932,211111111.jpg,No Arch,0,train,no_arch/211111111.jpg
TRAIN_04933,Ali_Qapu_Palace_(6223377861).jpg,No Arch,0,train,no_arch/Ali_Qapu_Palace_(6223377861).jpg
TRAIN_04934,Roofed_Bazaar_of_Nishapur_(Bazaar_e_Sarpushideh-souq)_41.jpg,Has Arch,1,train,has_arch/Roofed_Bazaar_of_Nishapur_(Bazaar_e_Sarpushideh-souq)_41.jpg
TRAIN_04935,Bahram_Palace_21.jpg,Has Arch,1,train,has_arch/Bahram_Palace_21.jpg
TRAIN_04936,5872-w7yngdTM62vXICCq7zNR.jpeg,Has Arch,1,train,has_arch/5872-w7yngdTM62vXICCq7zNR.jpeg
TRAIN_04937,St_Sarkis_Church_by_Hadi_Karimi.jpg,No Arch,0,train,no_arch/St_Sarkis_Church_by_Hadi_Karimi.jpg
TRAIN_04938,Hazarat-e-_Fatemeh_Masoumeh_shrine_Qom.jpg,Has Arch,1,train,has_arch/Hazarat-e-_Fatemeh_Masoumeh_shrine_Qom.jpg
TRAIN_04939,Kazerun_Bazaar_3.jpg,Has Arch,1,train,has_arch/Kazerun_Bazaar_3.jpg
TRAIN_04940,Bahram228.jpg,No Arch,0,train,no_arch/Bahram228.jpg
TRAIN_04941,سرای_عزیزا..اف-7.jpg,No Arch,0,train,no_arch/سرای_عزیزا..اف-7.jpg
TRAIN_04942,Entezami_House_2428.jpg,No Arch,0,train,no_arch/Entezami_House_2428.jpg
TRAIN_04943,Untitled_Panorama1.jpg,Has Arch,1,train,has_arch/Untitled_Panorama1.jpg
TRAIN_04944,Karvansara_baghsheykh_(1).jpg,Has Arch,1,train,has_arch/Karvansara_baghsheykh_(1).jpg
TRAIN_04945,خانه_بروجردی_ها_کاشان-The_Borujerdi_House_03.jpg,Has Arch,1,train,has_arch/خانه_بروجردی_ها_کاشان-The_Borujerdi_House_03.jpg
TRAIN_04946,Atigh_Mosque._Shiraz-Iran.jpg,Has Arch,1,train,has_arch/Atigh_Mosque._Shiraz-Iran.jpg
TRAIN_04947,Fakhr_al-Dawla_mosque_1.jpg,No Arch,0,train,no_arch/Fakhr_al-Dawla_mosque_1.jpg
TRAIN_04948,Khoor_Reservoir_1.jpg,No Arch,0,train,no_arch/Khoor_Reservoir_1.jpg
TRAIN_04949,بخش_مدیریت_حمام_شاه_رکن_الدین_قبل_از_مرمت_سازی_کامل_در_سال_2007.jpg,Has Arch,1,train,has_arch/بخش_مدیریت_حمام_شاه_رکن_الدین_قبل_از_مرمت_سازی_کامل_در_سال_2007.jpg
TRAIN_04950,954I6288_هتل_رامسر.jpg,No Arch,0,train,no_arch/954I6288_هتل_رامسر.jpg
TRAIN_04951,Meybod_Caravanserai2023-03-23_12 (1).jpg,No Arch,0,train,no_arch/Meybod_Caravanserai2023-03-23_12 (1).jpg
TRAIN_04952,کاروانسرای_حاج_آقا_علی_1.jpg,Has Arch,1,train,has_arch/کاروانسرای_حاج_آقا_علی_1.jpg
TRAIN_04953,Izedkhast_Carvansaray.jpg,Has Arch,1,train,has_arch/Izedkhast_Carvansaray.jpg
TRAIN_04954,Bazare_Naeen_Isfahan.jpg,Has Arch,1,train,has_arch/Bazare_Naeen_Isfahan.jpg
TRAIN_04955,"Isfahán,_Mezquita_del_Shah_(2000)_20.jpg",Has Arch,1,train,"has_arch/Isfahán,_Mezquita_del_Shah_(2000)_20.jpg"
TRAIN_04956,Kazerun_Bazaar_5.jpg,Has Arch,1,train,has_arch/Kazerun_Bazaar_5.jpg
TRAIN_04957,20180316_181732Kerman_Bazar.jpg,Has Arch,1,train,has_arch/20180316_181732Kerman_Bazar.jpg
TRAIN_04958,Marnan_Bridge.jpg,Has Arch,1,train,has_arch/Marnan_Bridge.jpg
TRAIN_04959,بازار_نراق3.jpg,Has Arch,1,train,has_arch/بازار_نراق3.jpg
TRAIN_04960,تصویر_فضای_داخلی_آتشکده_آذرخش-۲.jpg,Has Arch,1,train,has_arch/تصویر_فضای_داخلی_آتشکده_آذرخش-۲.jpg
TRAIN_04961,Kheirabad_school_20170327_16.jpg,Has Arch,1,train,has_arch/Kheirabad_school_20170327_16.jpg
TRAIN_04962,Imamzadeh_Ja'far_2.jpg,No Arch,0,train,no_arch/Imamzadeh_Ja'far_2.jpg
TRAIN_04963,Adriaan2.jpg,No Arch,0,train,no_arch/Adriaan2.jpg
TRAIN_04964,کلیسای_انجیلی՛՛.jpg,Has Arch,1,train,has_arch/کلیسای_انجیلی՛՛.jpg
TRAIN_04965,مسجد_و_بقعه_چهار_پادشاهان_01.jpg,Has Arch,1,train,has_arch/مسجد_و_بقعه_چهار_پادشاهان_01.jpg
TRAIN_04966,برج_و_مناره_مسجد_جامع_خرانق.jpg,No Arch,0,train,no_arch/برج_و_مناره_مسجد_جامع_خرانق.jpg
TRAIN_04967,بقعه_پیر_تاکستان.jpg,No Arch,0,train,no_arch/بقعه_پیر_تاکستان.jpg
TRAIN_04968,Rashed_belah_tomb.jpg,No Arch,0,train,no_arch/Rashed_belah_tomb.jpg
TRAIN_04969,گنبد_زنگولۀ_دامغان_2.jpg,Has Arch,1,train,has_arch/گنبد_زنگولۀ_دامغان_2.jpg
TRAIN_04970,Shekasteh_Villa_in_Amol_Modern_Villa__2_.jpg,No Arch,0,train,no_arch/Shekasteh_Villa_in_Amol_Modern_Villa__2_.jpg
TRAIN_04971,Argo-factory-art-museum-asa-north-tehran-architecture-adaptive-reuse-ahmadreza-schricker_dezeen_2364_col_10-scaled.jpg,No Arch,0,train,no_arch/Argo-factory-art-museum-asa-north-tehran-architecture-adaptive-reuse-ahmadreza-schricker_dezeen_2364_col_10-scaled.jpg
TRAIN_04972,Caravansaray_Shah-Abbasi_Karaj_Panorama.jpg,Has Arch,1,train,has_arch/Caravansaray_Shah-Abbasi_Karaj_Panorama.jpg
TRAIN_04973,Meybod_Caravanserai2023-03-23.jpg,No Arch,0,train,no_arch/Meybod_Caravanserai2023-03-23.jpg
TRAIN_04974,خانه_سالاری.jpg,No Arch,0,train,no_arch/خانه_سالاری.jpg
TRAIN_04975,جده_کوچک.jpg,Has Arch,1,train,has_arch/جده_کوچک.jpg
TRAIN_04976,Bazaar_of_Zanjan_13961007_06.jpg,Has Arch,1,train,has_arch/Bazaar_of_Zanjan_13961007_06.jpg
TRAIN_04977,Brick_and_tile_decoration_of_the_squinch.jpg,Has Arch,1,train,has_arch/Brick_and_tile_decoration_of_the_squinch.jpg
TRAIN_04978,Mirzatomb.jpg,Has Arch,1,train,has_arch/Mirzatomb.jpg
TRAIN_04979,Shah_Abbasi_Caravanserai_of_Bisotun2023-10-09_13.jpg,Has Arch,1,train,has_arch/Shah_Abbasi_Caravanserai_of_Bisotun2023-10-09_13.jpg
TRAIN_04980,Chardin_XLIV_Khaju_Bridge_Arcs_in_Isfahan.jpg,Has Arch,1,train,has_arch/Chardin_XLIV_Khaju_Bridge_Arcs_in_Isfahan.jpg
TRAIN_04981,Bahram_Palace_13.jpg,No Arch,0,train,no_arch/Bahram_Palace_13.jpg
TRAIN_04982,MohammadAbad_Stony_Caravansary_13970419_06.jpg,Has Arch,1,train,has_arch/MohammadAbad_Stony_Caravansary_13970419_06.jpg
TRAIN_04983,مسجد_مشیر9.jpg,Has Arch,1,train,has_arch/مسجد_مشیر9.jpg
TRAIN_04984,"Alexander's_Prison,_Fahadan_Hussainiya_and_Davazdah_Imam_Shrine_in_Yazd.jpg",No Arch,0,train,"no_arch/Alexander's_Prison,_Fahadan_Hussainiya_and_Davazdah_Imam_Shrine_in_Yazd.jpg"
TRAIN_04985,مناره_تهران.jpg,No Arch,0,train,no_arch/مناره_تهران.jpg
TRAIN_04986,Roofed_Bazaar_of_Nishapur_(Bazaar_e_Sarpushideh-souq)_37.jpg,Has Arch,1,train,has_arch/Roofed_Bazaar_of_Nishapur_(Bazaar_e_Sarpushideh-souq)_37.jpg
TRAIN_04987,JUEEsnow.jpg,Has Arch,1,train,has_arch/JUEEsnow.jpg
TRAIN_04988,"Puente_Khajou,_Isfahán,_Irán,_2016-09-20,_DD_127.jpg",Has Arch,1,train,"has_arch/Puente_Khajou,_Isfahán,_Irán,_2016-09-20,_DD_127.jpg"
TRAIN_04989,Moon_&_castle.jpg,No Arch,0,train,no_arch/Moon_&_castle.jpg
TRAIN_04990,Khane_professor_adl_1.jpg,No Arch,0,train,no_arch/Khane_professor_adl_1.jpg
TRAIN_04991,Iran_016.jpg,Has Arch,1,train,has_arch/Iran_016.jpg
TRAIN_04992,Inside_the_Shah_Nematollah_Vali_Shrine_(49682839558).jpg,Has Arch,1,train,has_arch/Inside_the_Shah_Nematollah_Vali_Shrine_(49682839558).jpg
TRAIN_04993,Roofed_Bazaar_of_nishapur_(14).jpg,No Arch,0,train,no_arch/Roofed_Bazaar_of_nishapur_(14).jpg
TRAIN_04994,Adrian_temple_معبد_آدریان_9.jpg,No Arch,0,train,no_arch/Adrian_temple_معبد_آدریان_9.jpg
TRAIN_04995,"Shrine_Complex_of_Sheikh_'Abd_al-Samad,_Natanz_07.jpg",Has Arch,1,train,"has_arch/Shrine_Complex_of_Sheikh_'Abd_al-Samad,_Natanz_07.jpg"
TRAIN_04996,slide12.jpg,Has Arch,1,train,has_arch/slide12.jpg
TRAIN_04997,آرامگاه_خواجه_ربیع_(2)_(جاذبه_های_گردشگری_مشهد).jpg,No Arch,0,train,no_arch/آرامگاه_خواجه_ربیع_(2)_(جاذبه_های_گردشگری_مشهد).jpg
TRAIN_04998,خانه_مددچی_(3).jpg,No Arch,0,train,no_arch/خانه_مددچی_(3).jpg
TRAIN_04999,"Puente_Khajou,_Isfahán,_Irán,_2016-09-20,_DD_122.jpg",Has Arch,1,train,"has_arch/Puente_Khajou,_Isfahán,_Irán,_2016-09-20,_DD_122.jpg"
TRAIN_05000,"Caravanserai_Zein-o-din,_Yazd,_Iran_(1258980292).jpg",Has Arch,1,train,"has_arch/Caravanserai_Zein-o-din,_Yazd,_Iran_(1258980292).jpg"
TRAIN_05001,Aa121.jpg,Has Arch,1,train,has_arch/Aa121.jpg
TRAIN_05002,33pol-innerview.jpg,Has Arch,1,train,has_arch/33pol-innerview.jpg
TRAIN_05003,چارسوق_بزرگ.jpg,Has Arch,1,train,has_arch/چارسوق_بزرگ.jpg
TRAIN_05004,ورودی_مسجد_جامع_بازار.jpg,Has Arch,1,train,has_arch/ورودی_مسجد_جامع_بازار.jpg
TRAIN_05005,iranian-building-design-idea-283866-8.jpg,No Arch,0,train,no_arch/iranian-building-design-idea-283866-8.jpg
TRAIN_05006,Pour-Ashraf_Fort_02.jpg,Has Arch,1,train,has_arch/Pour-Ashraf_Fort_02.jpg
TRAIN_05007,Miyan-Residential-Building-Mashhad-Pi-Architects---29835.jpg,No Arch,0,train,no_arch/Miyan-Residential-Building-Mashhad-Pi-Architects---29835.jpg
TRAIN_05008,Danesh_House2021-07-28_18.jpg,No Arch,0,train,no_arch/Danesh_House2021-07-28_18.jpg
TRAIN_05009,Shahrood-_bedasht-22.jpg,Has Arch,1,train,has_arch/Shahrood-_bedasht-22.jpg
TRAIN_05010,Courtyard_iwans_Shah_Mosque_Isfahan_2014_(2).jpg,Has Arch,1,train,has_arch/Courtyard_iwans_Shah_Mosque_Isfahan_2014_(2).jpg
TRAIN_05011,کاروانسرای_خوشاب-1.jpg,Has Arch,1,train,has_arch/کاروانسرای_خوشاب-1.jpg
TRAIN_05012,Bage-Dowlatabad3.jpg,Has Arch,1,train,has_arch/Bage-Dowlatabad3.jpg
TRAIN_05013,Khaje_Nazar_Caravanserai4.jpg,Has Arch,1,train,has_arch/Khaje_Nazar_Caravanserai4.jpg
TRAIN_05014,"Shish_Badgiri,_Yazd,_Irán,_2016-09-21,_DD_03.jpg",Has Arch,1,train,"has_arch/Shish_Badgiri,_Yazd,_Irán,_2016-09-21,_DD_03.jpg"
TRAIN_05015,Sabet_Pasal_Palace-13.jpg,No Arch,0,train,no_arch/Sabet_Pasal_Palace-13.jpg
TRAIN_05016,Shah_Abbasi_Caravanserai_of_Karaj_11.jpg,Has Arch,1,train,has_arch/Shah_Abbasi_Caravanserai_of_Karaj_11.jpg
TRAIN_05017,1798_قلعه_والی_ایلام.jpg,Has Arch,1,train,has_arch/1798_قلعه_والی_ایلام.jpg
TRAIN_05018,کاروان_سرای_باقری_4.jpg,Has Arch,1,train,has_arch/کاروان_سرای_باقری_4.jpg
TRAIN_05019,"Isfahán,_Mezquita_del_Shah_(2000)_19.jpg",Has Arch,1,train,"has_arch/Isfahán,_Mezquita_del_Shah_(2000)_19.jpg"
TRAIN_05020,کاروان_سرای_کوزه_گران2.jpg,Has Arch,1,train,has_arch/کاروان_سرای_کوزه_گران2.jpg
TRAIN_05021,Hossein_Khodadad_House_2.jpg,No Arch,0,train,no_arch/Hossein_Khodadad_House_2.jpg
TRAIN_05022,سرای_عزیزا..اف-11.jpg,No Arch,0,train,no_arch/سرای_عزیزا..اف-11.jpg
TRAIN_05023,Izadkhast_-_Old_bridge_^_historical_town_-_panoramio.jpg,Has Arch,1,train,has_arch/Izadkhast_-_Old_bridge_^_historical_town_-_panoramio.jpg
TRAIN_05024,Hotel_Ghoo_20180723_07.jpg,No Arch,0,train,no_arch/Hotel_Ghoo_20180723_07.jpg
TRAIN_05025,Shah_Mosque_(5449384130).jpg,Has Arch,1,train,has_arch/Shah_Mosque_(5449384130).jpg
TRAIN_05026,کاروانسرای_شاه_عباسی_کرج_3.jpg,Has Arch,1,train,has_arch/کاروانسرای_شاه_عباسی_کرج_3.jpg
TRAIN_05027,درب_ورودی_مدرسه_خان_جهرم_واقع_در_خیابان_عبرت_،_قدیمی_و_تاریخی_ترین_خیابان_شهرستان_جهرم.jpg,Has Arch,1,train,has_arch/درب_ورودی_مدرسه_خان_جهرم_واقع_در_خیابان_عبرت_،_قدیمی_و_تاریخی_ترین_خیابان_شهرستان_جهرم.jpg
TRAIN_05028,An_alley_in_valik_bazaar.jpg,Has Arch,1,train,has_arch/An_alley_in_valik_bazaar.jpg
TRAIN_05029,امامزاده_زید_(وصفنارد).jpg,No Arch,0,train,no_arch/امامزاده_زید_(وصفنارد).jpg
TRAIN_05030,مسجد_ملک_کرمان_۱۸.jpg,Has Arch,1,train,has_arch/مسجد_ملک_کرمان_۱۸.jpg
TRAIN_05031,صحن_مسجد_جامع_دزفول.jpg,Has Arch,1,train,has_arch/صحن_مسجد_جامع_دزفول.jpg
TRAIN_05032,2ساختمان_اسناد_ثبت_احوال.jpg,No Arch,0,train,no_arch/2ساختمان_اسناد_ثبت_احوال.jpg
TRAIN_05033,مدرسه_گنجعلیخان_کاروان_سرای_گنجعلی_(8).jpg,No Arch,0,train,no_arch/مدرسه_گنجعلیخان_کاروان_سرای_گنجعلی_(8).jpg
TRAIN_05034,Cheshmeh-Mansion-Lavasan-Amin-Ferdousi-CAOI---30420.jpg,No Arch,0,train,no_arch/Cheshmeh-Mansion-Lavasan-Amin-Ferdousi-CAOI---30420.jpg
TRAIN_05035,New_Julfa_-_Armenian_quarter_of_Isfahan_02.jpg,No Arch,0,train,no_arch/New_Julfa_-_Armenian_quarter_of_Isfahan_02.jpg
TRAIN_05036,نمای_گنبد_مسجد_آقا_بزرگ.jpg,Has Arch,1,train,has_arch/نمای_گنبد_مسجد_آقا_بزرگ.jpg
TRAIN_05037,Iranian_Art_Museum_building.jpg,No Arch,0,train,no_arch/Iranian_Art_Museum_building.jpg
TRAIN_05038,Pictureofalighapoo.jpg,Has Arch,1,train,has_arch/Pictureofalighapoo.jpg
TRAIN_05039,Kheirabad_school_20170327_23.jpg,Has Arch,1,train,has_arch/Kheirabad_school_20170327_23.jpg
TRAIN_05040,مناره_مسجد_علی_در_شهر_اصفهان_در_غروب_مورخ_۲۰۲۱-۰۶-۲۹_-_ساعت_۲۰-۳۴-۰۶.jpg,Has Arch,1,train,has_arch/مناره_مسجد_علی_در_شهر_اصفهان_در_غروب_مورخ_۲۰۲۱-۰۶-۲۹_-_ساعت_۲۰-۳۴-۰۶.jpg
TRAIN_05041,Shah_Mosque_Isfahan_Aarash_(102).jpg,Has Arch,1,train,has_arch/Shah_Mosque_Isfahan_Aarash_(102).jpg
TRAIN_05042,Arthur_Pope_12.jpg,No Arch,0,train,no_arch/Arthur_Pope_12.jpg
TRAIN_05043,Jalali_Castle_And_adjacent_Icehouses2019_22.jpg,No Arch,0,train,no_arch/Jalali_Castle_And_adjacent_Icehouses2019_22.jpg
TRAIN_05044,کاروانسرای_گنجعلیخان.jpg,Has Arch,1,train,has_arch/کاروانسرای_گنجعلیخان.jpg
TRAIN_05045,خانه_استاد_لرزاده.jpg,No Arch,0,train,no_arch/خانه_استاد_لرزاده.jpg
TRAIN_05046,Nasir-ol-Molk_arcade_-_Southeast.jpg,Has Arch,1,train,has_arch/Nasir-ol-Molk_arcade_-_Southeast.jpg
TRAIN_05047,Zein-o-din_Caravanserai_interior.jpg,Has Arch,1,train,has_arch/Zein-o-din_Caravanserai_interior.jpg
TRAIN_05048,Ferdows_Religious_School_Side_View.jpg,Has Arch,1,train,has_arch/Ferdows_Religious_School_Side_View.jpg
TRAIN_05049,"Isfahán,_Mezquita_del_Shah_(2000)_30.jpg",Has Arch,1,train,"has_arch/Isfahán,_Mezquita_del_Shah_(2000)_30.jpg"
TRAIN_05050,Mohammadnarimani2.jpg,Has Arch,1,train,has_arch/Mohammadnarimani2.jpg
TRAIN_05051,'Shah_Soleimani'_Caravanserai_(old_Inn)_کاروانسرای_-شاه_عباسی-_شاه_سلیمانی_آهوان_-_panoramio.jpg,Has Arch,1,train,has_arch/'Shah_Soleimani'_Caravanserai_(old_Inn)_کاروانسرای_-شاه_عباسی-_شاه_سلیمانی_آهوان_-_panoramio.jpg
TRAIN_05052,Mosala.jpg,Has Arch,1,train,has_arch/Mosala.jpg
TRAIN_05053,Jabalieh_-_Gabri_Dome.jpg,No Arch,0,train,no_arch/Jabalieh_-_Gabri_Dome.jpg
TRAIN_05054,Armenian_church_of_Saint_George_in_Isfahan.jpg,Has Arch,1,train,has_arch/Armenian_church_of_Saint_George_in_Isfahan.jpg
TRAIN_05055,مسجدباباعبدالله0.jpg,Has Arch,1,train,has_arch/مسجدباباعبدالله0.jpg
TRAIN_05056,"Alexander's_prison,_dome_(21016114956).jpg",No Arch,0,train,"no_arch/Alexander's_prison,_dome_(21016114956).jpg"
TRAIN_05057,DSC_0347_(NXPowerLite)_(1600x1200).jpg,No Arch,0,train,no_arch/DSC_0347_(NXPowerLite)_(1600x1200).jpg
TRAIN_05058,برج_قربان_همدان.jpg,No Arch,0,train,no_arch/برج_قربان_همدان.jpg
TRAIN_05059,13733-1سرای_روشن_03.jpg,No Arch,0,train,no_arch/13733-1سرای_روشن_03.jpg
TRAIN_05060,کلیسای_قدیمی_مهلذان.شهرخوی.jpg,No Arch,0,train,no_arch/کلیسای_قدیمی_مهلذان.شهرخوی.jpg
TRAIN_05061,Arak_bazzar.jpg,Has Arch,1,train,has_arch/Arak_bazzar.jpg
TRAIN_05062,بازار_بزرگ_کرمان4.jpg,Has Arch,1,train,has_arch/بازار_بزرگ_کرمان4.jpg
TRAIN_05063,Going_to_the_Alexander_prison_-_panoramio.jpg,Has Arch,1,train,has_arch/Going_to_the_Alexander_prison_-_panoramio.jpg
TRAIN_05064,Iran_Yazd_Fahadan_Great_Hotel_Vue_Prison_Alexandre_Mausolee_Douze_Imams_-_panoramio.jpg,No Arch,0,train,no_arch/Iran_Yazd_Fahadan_Great_Hotel_Vue_Prison_Alexandre_Mausolee_Douze_Imams_-_panoramio.jpg
TRAIN_05065,Nimavar-school.3.jpg,Has Arch,1,train,has_arch/Nimavar-school.3.jpg
TRAIN_05066,057_نمای_داخلی_از_برج_طغرل.jpg,Has Arch,1,train,has_arch/057_نمای_داخلی_از_برج_طغرل.jpg
TRAIN_05067,Sheikh_Water_Reservoi.jpg,No Arch,0,train,no_arch/Sheikh_Water_Reservoi.jpg
TRAIN_05068,1907602.jpg,Has Arch,1,train,has_arch/1907602.jpg
TRAIN_05069,Agha_Bozorg_mosque_-_Kashan_08.jpg,Has Arch,1,train,has_arch/Agha_Bozorg_mosque_-_Kashan_08.jpg
TRAIN_05070,Ganjali_khan_Complex.jpg,Has Arch,1,train,has_arch/Ganjali_khan_Complex.jpg
TRAIN_05071,Qajar_Hammam2022-03-09_9.jpg,Has Arch,1,train,has_arch/Qajar_Hammam2022-03-09_9.jpg
TRAIN_05072,آهوان2.jpg,No Arch,0,train,no_arch/آهوان2.jpg
TRAIN_05073,Abbasian_House_01.jpg,Has Arch,1,train,has_arch/Abbasian_House_01.jpg
TRAIN_05074,باغ_نگارستان_Garden_Gallery_-_panoramio_(1).jpg,No Arch,0,train,no_arch/باغ_نگارستان_Garden_Gallery_-_panoramio_(1).jpg
TRAIN_05075,Bazar_tabriz1.jpg,Has Arch,1,train,has_arch/Bazar_tabriz1.jpg
TRAIN_05076,Torshizi_Historic_House_02.jpg,No Arch,0,train,no_arch/Torshizi_Historic_House_02.jpg
TRAIN_05077,تزیینات_در_جداره_و_تاق_ها_مسجد.jpg,Has Arch,1,train,has_arch/تزیینات_در_جداره_و_تاق_ها_مسجد.jpg
TRAIN_05078,Khane_professor_adl_4.jpg,No Arch,0,train,no_arch/Khane_professor_adl_4.jpg
TRAIN_05079,Koda-Khaneh.jpg,Has Arch,1,train,has_arch/Koda-Khaneh.jpg
TRAIN_05080,ورودی_مسجد_سپسالار.jpg,Has Arch,1,train,has_arch/ورودی_مسجد_سپسالار.jpg
TRAIN_05081,Irnt053-Isfahan-Meczet_Piątkowy.jpg,No Arch,0,train,no_arch/Irnt053-Isfahan-Meczet_Piątkowy.jpg
TRAIN_05082,کاروانسرای_دیرگچین_قم،_با_قدمت_ساسانی،_میراث_ملی_20.jpg,Has Arch,1,train,has_arch/کاروانسرای_دیرگچین_قم،_با_قدمت_ساسانی،_میراث_ملی_20.jpg
TRAIN_05083,کاروانسرای_لات_(شاه_عباسی)_رشت.jpg,Has Arch,1,train,has_arch/کاروانسرای_لات_(شاه_عباسی)_رشت.jpg
TRAIN_05084,Mosala_Mashhad.jpg,Has Arch,1,train,has_arch/Mosala_Mashhad.jpg
TRAIN_05085,Gaz_Grand_Mosque.jpg,Has Arch,1,train,has_arch/Gaz_Grand_Mosque.jpg
TRAIN_05086,City-Theater-of-Qazvin-interior---30212.jpg,No Arch,0,train,no_arch/City-Theater-of-Qazvin-interior---30212.jpg
TRAIN_05087,کاروانسرای_شاه_عباسی_(8).jpg,Has Arch,1,train,has_arch/کاروانسرای_شاه_عباسی_(8).jpg
TRAIN_05088,Hayat_Masjed_Jamee_NJT.jpg,Has Arch,1,train,has_arch/Hayat_Masjed_Jamee_NJT.jpg
TRAIN_05089,Qazvin_(42726133374).jpg,Has Arch,1,train,has_arch/Qazvin_(42726133374).jpg
TRAIN_05090,مقبره_تربت_شیخ_جام.jpg,Has Arch,1,train,has_arch/مقبره_تربت_شیخ_جام.jpg
TRAIN_05091,Dardasht_minarets1.jpg,Has Arch,1,train,has_arch/Dardasht_minarets1.jpg
TRAIN_05092,Tehran_Grand_Bazaar_2020-03-06_07.jpg,Has Arch,1,train,has_arch/Tehran_Grand_Bazaar_2020-03-06_07.jpg
TRAIN_05093,Chapel_of_Chupan_09.jpg,No Arch,0,train,no_arch/Chapel_of_Chupan_09.jpg
TRAIN_05094,خانه_عباسی_ها_-کاشان-The_Abbasi_House-kashan_01.jpg,Has Arch,1,train,has_arch/خانه_عباسی_ها_-کاشان-The_Abbasi_House-kashan_01.jpg
TRAIN_05095,Abbasi_caravanserai_of_Nishapur_5.jpg,Has Arch,1,train,has_arch/Abbasi_caravanserai_of_Nishapur_5.jpg
TRAIN_05096,Charbagh-05.jpg,Has Arch,1,train,has_arch/Charbagh-05.jpg
TRAIN_05097,Nasir_Al_Molk_Mosque_HDR_Photo.jpg,Has Arch,1,train,has_arch/Nasir_Al_Molk_Mosque_HDR_Photo.jpg
TRAIN_05098,32246-Isfahan-Chehel-Sotoon-Museum_(3446496546).jpg,Has Arch,1,train,has_arch/32246-Isfahan-Chehel-Sotoon-Museum_(3446496546).jpg
TRAIN_05099,Dayr-e_Gachin_کاروانسرای_دیر_گچین،_کوه_دماوند_در_صبح_گاه_در_یکی_از_مدخل_های_کاروانسرا_03.jpg,Has Arch,1,train,has_arch/Dayr-e_Gachin_کاروانسرای_دیر_گچین،_کوه_دماوند_در_صبح_گاه_در_یکی_از_مدخل_های_کاروانسرا_03.jpg
TRAIN_05100,Irnk076-Jazd-Meczet_Piątkowy-sala_modlitw.jpg,No Arch,0,train,no_arch/Irnk076-Jazd-Meczet_Piątkowy-sala_modlitw.jpg
TRAIN_05101,"One_of_the_room_in_Atabaki_sahn_at_Fatima_Masumeh_Shrine,_Qom,_Iran.jpg",No Arch,0,train,"no_arch/One_of_the_room_in_Atabaki_sahn_at_Fatima_Masumeh_Shrine,_Qom,_Iran.jpg"
TRAIN_05102,Hakim_mosque-1.jpg,Has Arch,1,train,has_arch/Hakim_mosque-1.jpg
TRAIN_05103,Casa_Ilalo_(4_of_223).jpg,No Arch,0,train,no_arch/Casa_Ilalo_(4_of_223).jpg
TRAIN_05104,Arg_of_Karim_Khan_ارگ_کریم_خان_زند_در_شیراز_10.jpg,No Arch,0,train,no_arch/Arg_of_Karim_Khan_ارگ_کریم_خان_زند_در_شیراز_10.jpg
TRAIN_05105,Tafazzoli_home-1.jpg,No Arch,0,train,no_arch/Tafazzoli_home-1.jpg
TRAIN_05106,پل_چوبی-Choobi_Bridge.jpg,Has Arch,1,train,has_arch/پل_چوبی-Choobi_Bridge.jpg
TRAIN_05107,Safavid_Caravansary.jpg,Has Arch,1,train,has_arch/Safavid_Caravansary.jpg
TRAIN_05108,Haftshooyeh_Jame_mosque-Negin_Mohamadi_Fard-06.jpg,No Arch,0,train,no_arch/Haftshooyeh_Jame_mosque-Negin_Mohamadi_Fard-06.jpg
TRAIN_05109,Sarban_Minaret.jpg,No Arch,0,train,no_arch/Sarban_Minaret.jpg
TRAIN_05110,1907581.jpg,Has Arch,1,train,has_arch/1907581.jpg
TRAIN_05111,حمام_قجر_قزوین_Hammam_Ghajar_Ghazvin-_Iran_31.jpg,Has Arch,1,train,has_arch/حمام_قجر_قزوین_Hammam_Ghajar_Ghazvin-_Iran_31.jpg
TRAIN_05112,8مجموعه_تاریخی_قدمگاه،_بقعه_و_رباط_و_حمام.jpg,Has Arch,1,train,has_arch/8مجموعه_تاریخی_قدمگاه،_بقعه_و_رباط_و_حمام.jpg
TRAIN_05113,Ghale_pendas_1_by_moein_yousefi.jpg,No Arch,0,train,no_arch/Ghale_pendas_1_by_moein_yousefi.jpg
TRAIN_05114,House_of_Hushang_Ebtehaj_(7).jpg,No Arch,0,train,no_arch/House_of_Hushang_Ebtehaj_(7).jpg
TRAIN_05115,Radkantower3.png,No Arch,0,train,no_arch/Radkantower3.png
TRAIN_05116,Malek_Timcheh_(20850867000).jpg,Has Arch,1,train,has_arch/Malek_Timcheh_(20850867000).jpg
TRAIN_05117,نمای_فضای_سبز_و_ساختمانهای_باغ_موزه_نگارستان_توسط_محمدرضا_بنانی_تصویر_۲۰.jpg,No Arch,0,train,no_arch/نمای_فضای_سبز_و_ساختمانهای_باغ_موزه_نگارستان_توسط_محمدرضا_بنانی_تصویر_۲۰.jpg
TRAIN_05118,Wood_door_of_an_abandoned_shop.jpg,No Arch,0,train,no_arch/Wood_door_of_an_abandoned_shop.jpg
TRAIN_05119,Mohsen_Mahmoodzadeh_A.jpg,Has Arch,1,train,has_arch/Mohsen_Mahmoodzadeh_A.jpg
TRAIN_05120,IMAG1393.jpg,Has Arch,1,train,has_arch/IMAG1393.jpg
TRAIN_05121,ساختمان_مرکزی_دانشکدگان_مدیریت.jpg,No Arch,0,train,no_arch/ساختمان_مرکزی_دانشکدگان_مدیریت.jpg
TRAIN_05122,Ali_Qoli_Agha_Hammam_295A0628.jpg,Has Arch,1,train,has_arch/Ali_Qoli_Agha_Hammam_295A0628.jpg
TRAIN_05123,Back_view_of_Ganjalikhan_caravanserai.jpg,Has Arch,1,train,has_arch/Back_view_of_Ganjalikhan_caravanserai.jpg
TRAIN_05124,Darb_Koshk-Ghazvin_(2).jpg,Has Arch,1,train,has_arch/Darb_Koshk-Ghazvin_(2).jpg
TRAIN_05125,Torshizi_Historic_House_03.jpg,No Arch,0,train,no_arch/Torshizi_Historic_House_03.jpg
TRAIN_05126,آینه_(2).jpg,No Arch,0,train,no_arch/آینه_(2).jpg
TRAIN_05127,Ghasr_bahram1.jpg,Has Arch,1,train,has_arch/Ghasr_bahram1.jpg
TRAIN_05128,عمارت_باغ_نگارستان_تهران_2.jpg,No Arch,0,train,no_arch/عمارت_باغ_نگارستان_تهران_2.jpg
TRAIN_05129,Melli_Bank_Bazar_3.jpg,No Arch,0,train,no_arch/Melli_Bank_Bazar_3.jpg
TRAIN_05130,17318808166193.jpeg,Has Arch,1,train,has_arch/17318808166193.jpeg
TRAIN_05131,Sepahsalarmasjed.jpg,Has Arch,1,train,has_arch/Sepahsalarmasjed.jpg
TRAIN_05132,Shah_Abbasi_Caravanserai_of_Bisotun2021_4.jpg,Has Arch,1,train,has_arch/Shah_Abbasi_Caravanserai_of_Bisotun2021_4.jpg
TRAIN_05133,مسجد_جامع_یزد_(21).jpg,Has Arch,1,train,has_arch/مسجد_جامع_یزد_(21).jpg
TRAIN_05134,Entrance_to_the_Atiq_Mosque.jpg,Has Arch,1,train,has_arch/Entrance_to_the_Atiq_Mosque.jpg
TRAIN_05135,3364808_azam-1-_22.jpg,No Arch,0,train,no_arch/3364808_azam-1-_22.jpg
TRAIN_05136,Emmamzadeh002.jpg,Has Arch,1,train,has_arch/Emmamzadeh002.jpg
TRAIN_05137,Meybod_Caravanserai2023-03-23_5.jpg,Has Arch,1,train,has_arch/Meybod_Caravanserai2023-03-23_5.jpg
TRAIN_05138,Shah_Abbasi_Caravanserai_of_Bisotun2023-10-09_15.jpg,Has Arch,1,train,has_arch/Shah_Abbasi_Caravanserai_of_Bisotun2023-10-09_15.jpg
TRAIN_05139,NAAM-project-in-Tehran-FDH-studio-Yard-and-Staircase---29641.jpg,No Arch,0,train,no_arch/NAAM-project-in-Tehran-FDH-studio-Yard-and-Staircase---29641.jpg
TRAIN_05140,Mola_Bash1_(7).jpg,No Arch,0,train,no_arch/Mola_Bash1_(7).jpg
TRAIN_05141,The_roof_of_bazaar_insulated_with_modern_materials_but_the_shops_are_all_abandoned.jpg,No Arch,0,train,no_arch/The_roof_of_bazaar_insulated_with_modern_materials_but_the_shops_are_all_abandoned.jpg
TRAIN_05142,6مسجد_شیخ_بسطامی.jpg,No Arch,0,train,no_arch/6مسجد_شیخ_بسطامی.jpg
TRAIN_05143,Farasfaj_caravanserai_20190507_05.jpg,Has Arch,1,train,has_arch/Farasfaj_caravanserai_20190507_05.jpg
TRAIN_05144,Arfaolmolk1.jpg,No Arch,0,train,no_arch/Arfaolmolk1.jpg
TRAIN_05145,A_windcatcher_and_skylights.jpg,No Arch,0,train,no_arch/A_windcatcher_and_skylights.jpg
TRAIN_05146,Dairəvi_günbəz_türbəsi_202209_(6).jpg,No Arch,0,train,no_arch/Dairəvi_günbəz_türbəsi_202209_(6).jpg
TRAIN_05147,Bazaar_zanjan.jpg,Has Arch,1,train,has_arch/Bazaar_zanjan.jpg
TRAIN_05148,Qeshlaq_Bridge_20190329_05.jpg,Has Arch,1,train,has_arch/Qeshlaq_Bridge_20190329_05.jpg
TRAIN_05149,Karavansaraye_Zafaranie_Sabzevar.jpg,Has Arch,1,train,has_arch/Karavansaraye_Zafaranie_Sabzevar.jpg
TRAIN_05150,Shah_Abbasi_Caravanserai_of_Bisotun2023-10-09_11.jpg,Has Arch,1,train,has_arch/Shah_Abbasi_Caravanserai_of_Bisotun2023-10-09_11.jpg
TRAIN_05151,Imamzadeh_Morteza2021-05-14_3.jpg,Has Arch,1,train,has_arch/Imamzadeh_Morteza2021-05-14_3.jpg
TRAIN_05152,Bazaroftehrann.png,No Arch,0,train,no_arch/Bazaroftehrann.png
TRAIN_05153,Masjed_jame_yazd_(43).jpg,Has Arch,1,train,has_arch/Masjed_jame_yazd_(43).jpg
TRAIN_05154,20231115084208_IMG_7715.jpg,No Arch,0,train,no_arch/20231115084208_IMG_7715.jpg
TRAIN_05155,Ferdows_Robatekhoshab_(2).jpg,Has Arch,1,train,has_arch/Ferdows_Robatekhoshab_(2).jpg
TRAIN_05156,کاروان_سرای_سعدالسلطنه1.jpg,Has Arch,1,train,has_arch/کاروان_سرای_سعدالسلطنه1.jpg
TRAIN_05157,Screenshot (746).png,Has Arch,1,train,has_arch/Screenshot (746).png
TRAIN_05158,نمای_فضای_سبز_و_ساختمانهای_باغ_موزه_نگارستان_توسط_محمدرضا_بنانی_تصویر_۲۲.jpg,No Arch,0,train,no_arch/نمای_فضای_سبز_و_ساختمانهای_باغ_موزه_نگارستان_توسط_محمدرضا_بنانی_تصویر_۲۲.jpg
TRAIN_05159,004-NORTH-FACADE.jpg,No Arch,0,train,no_arch/004-NORTH-FACADE.jpg
TRAIN_05160,Deh-e_Mohammad_Caravanserai2023-09-26_5.jpg,Has Arch,1,train,has_arch/Deh-e_Mohammad_Caravanserai2023-09-26_5.jpg
TRAIN_05161,Vakil_Bazaar_1399042309310899920767284.jpg,Has Arch,1,train,has_arch/Vakil_Bazaar_1399042309310899920767284.jpg
TRAIN_05162,Shabestan_aghabozorg.jpg,Has Arch,1,train,has_arch/Shabestan_aghabozorg.jpg
TRAIN_05163,خانه_طباطبایی_ها_کاشان_ایران-The_Tabatabaei_House_kashan_iran_02.jpg,Has Arch,1,train,has_arch/خانه_طباطبایی_ها_کاشان_ایران-The_Tabatabaei_House_kashan_iran_02.jpg
TRAIN_05164,SS853578.jpg,Has Arch,1,train,has_arch/SS853578.jpg
TRAIN_05165,مدرسه-ملا-عبـدالله1.jpg,Has Arch,1,train,has_arch/مدرسه-ملا-عبـدالله1.jpg
TRAIN_05166,Sheikh.shahab.2.jpg,Has Arch,1,train,has_arch/Sheikh.shahab.2.jpg
TRAIN_05167,"Alexander's_Prison,_Fahadan_Hussainiya_and_Davazdah_Imam_Shrine_in_Yazd_2024-06-09_34.jpg",No Arch,0,train,"no_arch/Alexander's_Prison,_Fahadan_Hussainiya_and_Davazdah_Imam_Shrine_in_Yazd_2024-06-09_34.jpg"
TRAIN_05168,Agha_Bozorg_Mosque_-_Kashan_-_Iran.jpg,Has Arch,1,train,has_arch/Agha_Bozorg_Mosque_-_Kashan_-_Iran.jpg
TRAIN_05169,مدرسه_فیلسوف_الدوله_1.jpg,No Arch,0,train,no_arch/مدرسه_فیلسوف_الدوله_1.jpg
TRAIN_05170,Varamin-Mosque-Porch.jpg,Has Arch,1,train,has_arch/Varamin-Mosque-Porch.jpg
TRAIN_05171,Naqsh-e_Jahan_Square_Isfahan_Aarash_(20).jpg,Has Arch,1,train,has_arch/Naqsh-e_Jahan_Square_Isfahan_Aarash_(20).jpg
TRAIN_05172,Ak_Tepe_View_from_its_top_Halil_Dede_Türbesi_in_2014_00539.jpg,Has Arch,1,train,has_arch/Ak_Tepe_View_from_its_top_Halil_Dede_Türbesi_in_2014_00539.jpg
TRAIN_05173,آتشگاه_آمل.jpg,No Arch,0,train,no_arch/آتشگاه_آمل.jpg
TRAIN_05174,Izadkhvast_Caravanserai_03.jpg,Has Arch,1,train,has_arch/Izadkhvast_Caravanserai_03.jpg
TRAIN_05175,Madraseh-ye_Khan_(20977637338).jpg,No Arch,0,train,no_arch/Madraseh-ye_Khan_(20977637338).jpg
TRAIN_05176,Inside_Ab_anbar_Bolur_Tafresh_-_panoramio.jpg,Has Arch,1,train,has_arch/Inside_Ab_anbar_Bolur_Tafresh_-_panoramio.jpg
TRAIN_05177,"Davazdah_Emam_Mausoleum,_Yazd,_Iran_(بقعه_دوازده_امام_یزد)_-_panoramio_(1).jpg",Has Arch,1,train,"has_arch/Davazdah_Emam_Mausoleum,_Yazd,_Iran_(بقعه_دوازده_امام_یزد)_-_panoramio_(1).jpg"
TRAIN_05178,Winter-house-in-Bukan-Iran-by-Shoresh-Abed-CAOI---25503.jpg,No Arch,0,train,no_arch/Winter-house-in-Bukan-Iran-by-Shoresh-Abed-CAOI---25503.jpg
TRAIN_05179,Abyaneh_Darafsh_(70).jpg,Has Arch,1,train,has_arch/Abyaneh_Darafsh_(70).jpg
TRAIN_05180,Aras_-_Kordasht_old_bath_-_panoramio_(1).jpg,Has Arch,1,train,has_arch/Aras_-_Kordasht_old_bath_-_panoramio_(1).jpg
TRAIN_05181,Mehdi_Qoli_Beyk_Hammam2022-08-13_23.jpg,Has Arch,1,train,has_arch/Mehdi_Qoli_Beyk_Hammam2022-08-13_23.jpg
TRAIN_05182,IranIsfahanImamMoschee6.jpg,Has Arch,1,train,has_arch/IranIsfahanImamMoschee6.jpg
TRAIN_05183,Pole_Jal_detailes_(2).jpg,Has Arch,1,train,has_arch/Pole_Jal_detailes_(2).jpg
TRAIN_05184,Firuz_Bahram_High_School_8437.jpg,No Arch,0,train,no_arch/Firuz_Bahram_High_School_8437.jpg
TRAIN_05185,Tabriz_(42941113101).jpg,Has Arch,1,train,has_arch/Tabriz_(42941113101).jpg
TRAIN_05186,Chehel_Sotoon_Palace_(6223363635).jpg,Has Arch,1,train,has_arch/Chehel_Sotoon_Palace_(6223363635).jpg
TRAIN_05187,Window_of_Abdul_Samad_Isfahani_Shrine.jpg,No Arch,0,train,no_arch/Window_of_Abdul_Samad_Isfahani_Shrine.jpg
TRAIN_05188,Imamzadeh_Harun-e_Velayat_(20850989840).jpg,Has Arch,1,train,has_arch/Imamzadeh_Harun-e_Velayat_(20850989840).jpg
TRAIN_05189,سردر_عالی_قاپو_قزوین_ایران_01.jpg,Has Arch,1,train,has_arch/سردر_عالی_قاپو_قزوین_ایران_01.jpg
TRAIN_05190,Shah_Mosque_10.jpg,Has Arch,1,train,has_arch/Shah_Mosque_10.jpg
TRAIN_05191,Dayr-e_Gachin2022-02-26_10.jpg,Has Arch,1,train,has_arch/Dayr-e_Gachin2022-02-26_10.jpg
TRAIN_05192,Sarraye_Omid3.jpg,No Arch,0,train,no_arch/Sarraye_Omid3.jpg
TRAIN_05193,Bersian.jpg,No Arch,0,train,no_arch/Bersian.jpg
TRAIN_05194,خانه_ی_ظهیر_الاسلام.jpg,No Arch,0,train,no_arch/خانه_ی_ظهیر_الاسلام.jpg
TRAIN_05195,Zaferaniyeh_Village_002.jpg,Has Arch,1,train,has_arch/Zaferaniyeh_Village_002.jpg
TRAIN_05196,مدرسه_علیا_فردوس_05.jpg,Has Arch,1,train,has_arch/مدرسه_علیا_فردوس_05.jpg
TRAIN_05197,Abyaz_Palace_(5).jpg,No Arch,0,train,no_arch/Abyaz_Palace_(5).jpg
TRAIN_05198,"National_Garden,_Tehran_06.jpg",No Arch,0,train,"no_arch/National_Garden,_Tehran_06.jpg"
TRAIN_05199,طاق_سقف_بازار_تهران.jpg,Has Arch,1,train,has_arch/طاق_سقف_بازار_تهران.jpg
TRAIN_05200,Chapel_of_Chupan_04.jpg,No Arch,0,train,no_arch/Chapel_of_Chupan_04.jpg
TRAIN_05201,"Soltanieh,_Zanjan.jpg",Has Arch,1,train,"has_arch/Soltanieh,_Zanjan.jpg"
TRAIN_05202,Khaju_Bridge_Isfahan_Aarash_(17).jpg,Has Arch,1,train,has_arch/Khaju_Bridge_Isfahan_Aarash_(17).jpg
TRAIN_05203,مسجد_جامع_فریومد.jpg,Has Arch,1,train,has_arch/مسجد_جامع_فریومد.jpg
TRAIN_05204,426A0864.jpg,No Arch,0,train,no_arch/426A0864.jpg
TRAIN_05205,Jameh_Mosque_of_Yazd_-_18_December_2017_08.jpg,Has Arch,1,train,has_arch/Jameh_Mosque_of_Yazd_-_18_December_2017_08.jpg
TRAIN_05206,Masjed-jame-yazd3.jpg,Has Arch,1,train,has_arch/Masjed-jame-yazd3.jpg
TRAIN_05207,Evening_lights_Teheran_01.jpg,No Arch,0,train,no_arch/Evening_lights_Teheran_01.jpg
TRAIN_05208,قلعه_بردستان_دَیر.jpg,No Arch,0,train,no_arch/قلعه_بردستان_دَیر.jpg
TRAIN_05209,Wiki_Loves_Monuments_2020_Iran_Ghale_Robat_(1).jpg,Has Arch,1,train,has_arch/Wiki_Loves_Monuments_2020_Iran_Ghale_Robat_(1).jpg
TRAIN_05210,Farasfaj_caravanserai_20190507_09.jpg,Has Arch,1,train,has_arch/Farasfaj_caravanserai_20190507_09.jpg
TRAIN_05211,مسجد_حیدریه_قزوین_(1).jpg,Has Arch,1,train,has_arch/مسجد_حیدریه_قزوین_(1).jpg
TRAIN_05212,Pol_Khajoo3.jpg,Has Arch,1,train,has_arch/Pol_Khajoo3.jpg
TRAIN_05213,برج_های_سه_گانه_هشتل.jpg,No Arch,0,train,no_arch/برج_های_سه_گانه_هشتل.jpg
TRAIN_05214,Kariki_water_Reservoi.jpg,Has Arch,1,train,has_arch/Kariki_water_Reservoi.jpg
TRAIN_05215,Arak_Market-Arak_(4).jpg,Has Arch,1,train,has_arch/Arak_Market-Arak_(4).jpg
TRAIN_05216,Khajeh_Nazar_Carvansary_01.jpg,Has Arch,1,train,has_arch/Khajeh_Nazar_Carvansary_01.jpg
TRAIN_05217,Jalali_Castle_And_adjacent_Icehouses2019_6.jpg,No Arch,0,train,no_arch/Jalali_Castle_And_adjacent_Icehouses2019_6.jpg
TRAIN_05218,مسجدامام(شاه)اصفهان-14.jpg,Has Arch,1,train,has_arch/مسجدامام(شاه)اصفهان-14.jpg
TRAIN_05219,Isfahan_-_Zayandehroud_^_Hafez_bridge_-_panoramio.jpg,Has Arch,1,train,has_arch/Isfahan_-_Zayandehroud_^_Hafez_bridge_-_panoramio.jpg
TRAIN_05220,بازار_کرمان_(13).jpg,Has Arch,1,train,has_arch/بازار_کرمان_(13).jpg
TRAIN_05221,3746378-miandasht.jpg,Has Arch,1,train,has_arch/3746378-miandasht.jpg
TRAIN_05222,010_نمای_داخلی_مسجد_جامع_ورامین_-_حیاط_مسجد.jpg,Has Arch,1,train,has_arch/010_نمای_داخلی_مسجد_جامع_ورامین_-_حیاط_مسجد.jpg
TRAIN_05223,Mojtahidi_(Mojtahedi)_House_-_Nishapur_05.jpg,No Arch,0,train,no_arch/Mojtahidi_(Mojtahedi)_House_-_Nishapur_05.jpg
TRAIN_05224,بقعه_شاه_رکن_الدین،_عکس_از_حسین_درآمد.jpg,Has Arch,1,train,has_arch/بقعه_شاه_رکن_الدین،_عکس_از_حسین_درآمد.jpg
TRAIN_05225,1388-GoogadArg-IMG_1816.jpg,Has Arch,1,train,has_arch/1388-GoogadArg-IMG_1816.jpg
TRAIN_05226,Hajib_Caravansarai2020_3.jpg,Has Arch,1,train,has_arch/Hajib_Caravansarai2020_3.jpg
TRAIN_05227,Pol_e_Khajoo_-_panoramio.jpg,Has Arch,1,train,has_arch/Pol_e_Khajoo_-_panoramio.jpg
TRAIN_05228,40_sotoun_2.jpg,Has Arch,1,train,has_arch/40_sotoun_2.jpg
TRAIN_05229,Bazaar_of_Tabriz077.jpg,No Arch,0,train,no_arch/Bazaar_of_Tabriz077.jpg
TRAIN_05230,Arg-e_Karim_Khan_(4369489748).jpg,No Arch,0,train,no_arch/Arg-e_Karim_Khan_(4369489748).jpg
TRAIN_05231,Shah_Mosque_Nagsh-e_Jahan_square(Inside_the_Mosque).jpg,Has Arch,1,train,has_arch/Shah_Mosque_Nagsh-e_Jahan_square(Inside_the_Mosque).jpg
TRAIN_05232,9مجموعه_تاریخی_قدمگاه،_بقعه_و_رباط_و_حمام.jpg,Has Arch,1,train,has_arch/9مجموعه_تاریخی_قدمگاه،_بقعه_و_رباط_و_حمام.jpg
TRAIN_05233,Head_in_the_Melli_Gardens10.jpg,No Arch,0,train,no_arch/Head_in_the_Melli_Gardens10.jpg
TRAIN_05234,هنر_ایرانی_اسلامی_در_ترکیب_رنگ_های_کاشی_های_آبی_و_خطوط_قرمز_رنگ_سر_درب_مسجد_سرخی_اصفهان.jpg,Has Arch,1,train,has_arch/هنر_ایرانی_اسلامی_در_ترکیب_رنگ_های_کاشی_های_آبی_و_خطوط_قرمز_رنگ_سر_درب_مسجد_سرخی_اصفهان.jpg
TRAIN_05235,گنبد_پیرعلمدار_دامغان.jpg,No Arch,0,train,no_arch/گنبد_پیرعلمدار_دامغان.jpg
